CSID,CaseMasterID,csdate,cstype,PolicePersonID
1,1,2025-06-23 07:50:00,C,1261
2,2,2025-05-19 14:55:00,C,1179
3,3,2025-05-29 01:38:00,C,1210
4,4,2025-08-14 13:09:00,C,1188
5,5,2025-05-22 04:17:00,C,1050
6,6,2025-08-09 03:10:00,C,1156
7,7,2025-07-31 12:43:00,C,1036
8,8,2024-10-12 11:46:00,C,1063
9,9,2024-07-27 07:13:00,C,1123
10,10,2024-09-13 15:43:00,C,1259
11,11,2024-08-08 02:20:00,C,1222
12,12,2024-11-09 04:22:00,C,1015
13,13,2024-08-06 05:54:00,C,1006
14,14,2025-05-31 14:32:00,C,1159
15,15,2025-06-18 12:46:00,C,1000
16,16,2025-07-05 10:44:00,C,1066
17,17,2025-07-14 03:09:00,C,1157
18,18,2025-06-09 11:25:00,C,1236
19,19,2025-08-09 05:01:00,C,1025
20,20,2025-07-24 06:28:00,C,1196
21,21,2025-09-09 00:24:00,C,1183
22,22,2024-11-03 01:36:00,C,1112
23,23,2024-11-09 21:01:00,C,1051
24,24,2024-12-09 02:52:00,C,1016
25,25,2024-12-20 00:20:00,C,1055
26,26,2024-11-09 04:06:00,C,1053
27,27,2024-12-03 01:41:00,C,1144
28,28,2024-05-18 03:13:00,C,1135
29,29,2024-06-11 19:14:00,C,1116
30,30,2024-04-15 14:07:00,C,1075
31,31,2024-06-30 14:58:00,C,1146
32,32,2024-05-04 03:09:00,C,1190
33,33,2025-08-19 17:58:00,C,1259
34,34,2025-08-10 14:23:00,C,1179
35,35,2025-08-27 01:43:00,C,1088
36,36,2025-08-17 18:37:00,C,1032
37,37,2025-09-10 04:42:00,C,1018
38,38,2025-09-04 15:47:00,C,1133
39,39,2025-06-05 15:26:00,C,1090
40,40,2025-07-02 00:08:00,C,1191
41,41,2025-05-25 12:24:00,C,1068
42,42,2025-07-14 10:46:00,C,1273
43,43,2025-08-01 01:30:00,C,1266
44,44,2025-06-13 07:22:00,C,1120
45,45,2025-01-07 20:54:00,C,1087
46,46,2024-11-17 13:53:00,C,1053
47,47,2025-01-30 10:07:00,C,1173
48,48,2025-01-01 23:32:00,C,1114
49,49,2025-02-04 19:07:00,C,1105
50,50,2025-03-01 07:07:00,C,1054
51,51,2025-06-06 13:59:00,C,1024
52,52,2025-05-20 15:56:00,C,1231
53,53,2025-06-30 22:45:00,C,1245
54,54,2025-07-17 17:42:00,C,1151
55,55,2025-05-31 12:59:00,C,1226
56,56,2024-06-17 14:16:00,C,1026
57,57,2024-06-15 03:34:00,C,1271
58,58,2024-06-03 10:34:00,C,1151
59,59,2024-06-18 15:13:00,C,1027
60,60,2024-08-02 21:24:00,C,1257
61,61,2024-07-09 10:34:00,C,1072
62,62,2026-01-09 09:07:00,C,1249
63,63,2026-04-07 22:44:00,C,1113
64,64,2026-02-04 21:31:00,C,1039
65,65,2026-03-28 00:41:00,C,1261
66,66,2026-03-09 13:47:00,C,1021
67,67,2026-03-01 19:53:00,C,1114
68,68,2025-07-17 10:10:00,C,1107
69,69,2025-06-10 05:03:00,C,1110
70,70,2025-06-29 09:37:00,C,1049
71,71,2025-08-17 16:23:00,C,1068
72,72,2025-07-31 11:07:00,C,1218
73,73,2025-06-15 00:54:00,C,1173
74,74,2025-06-11 05:16:00,C,1029
75,75,2025-05-19 03:43:00,C,1202
76,76,2025-05-13 03:29:00,C,1059
77,77,2025-07-22 00:16:00,C,1134
78,78,2025-06-29 04:31:00,C,1182
79,79,2025-09-06 02:48:00,C,1265
80,80,2025-08-16 20:15:00,A,1138
81,81,2026-03-01 20:50:00,A,1184
82,82,2025-01-08 05:32:00,A,1175
83,83,2024-08-09 16:06:00,A,1145
84,84,2026-01-05 13:40:00,C,1069
85,85,2024-09-06 19:56:00,B,1272
86,86,2024-10-26 09:18:00,A,1016
87,87,2026-06-21 05:15:00,A,1266
88,88,2025-09-18 15:25:00,C,1182
89,89,2026-02-09 12:16:00,C,1271
90,90,2025-01-08 12:04:00,C,1016
91,91,2024-03-01 13:41:00,A,1265
92,92,2026-10-15 06:10:00,C,1165
93,93,2025-09-16 07:56:00,A,1127
94,94,2024-05-01 05:58:00,C,1025
95,95,2025-08-14 00:16:00,A,1136
96,96,2025-02-20 00:52:00,C,1007
97,97,2025-10-24 19:48:00,A,1004
98,98,2025-11-06 06:01:00,A,1131
99,99,2025-06-24 08:58:00,C,1080
100,100,2024-09-23 15:06:00,A,1191
101,101,2025-06-21 18:31:00,C,1055
102,102,2026-05-03 16:29:00,A,1230
103,103,2025-10-19 00:24:00,C,1026
104,104,2025-07-23 02:54:00,A,1106
105,105,2025-06-13 12:37:00,A,1269
106,106,2025-08-28 03:40:00,A,1023
107,107,2026-08-25 13:12:00,A,1028
108,108,2026-06-29 22:36:00,C,1268
109,109,2024-07-01 17:21:00,C,1044
110,110,2025-09-30 18:49:00,A,1125
111,111,2025-11-10 16:19:00,A,1073
112,112,2026-08-16 03:18:00,C,1081
113,113,2024-07-31 03:38:00,A,1000
114,114,2026-04-15 17:05:00,B,1162
115,115,2025-01-30 00:08:00,A,1092
116,116,2025-05-21 20:36:00,A,1045
117,117,2024-07-20 16:44:00,C,1064
118,118,2025-05-06 10:16:00,C,1085
119,119,2026-04-20 04:14:00,A,1139
120,120,2025-06-15 08:33:00,A,1061
121,121,2024-07-17 17:17:00,C,1073
122,122,2024-05-12 23:09:00,C,1035
123,123,2025-10-11 09:05:00,C,1224
124,124,2024-04-08 09:21:00,A,1009
125,125,2024-04-12 16:27:00,A,1212
126,126,2025-06-24 07:51:00,C,1255
127,127,2024-10-10 10:49:00,C,1107
128,128,2025-10-07 01:20:00,A,1110
129,129,2024-12-01 09:07:00,C,1242
130,130,2025-05-08 11:02:00,C,1151
131,131,2026-06-26 19:40:00,A,1171
132,132,2025-08-26 04:49:00,A,1190
133,133,2024-07-11 15:10:00,A,1010
134,134,2024-09-26 17:23:00,C,1021
135,135,2025-07-29 23:10:00,B,1075
136,136,2025-11-01 16:14:00,C,1075
137,137,2026-05-03 20:18:00,A,1003
138,138,2024-05-01 01:09:00,A,1246
139,139,2025-03-01 15:03:00,A,1154
140,140,2026-06-14 08:50:00,C,1155
141,141,2024-07-14 08:49:00,A,1049
142,142,2026-06-02 02:48:00,A,1181
143,143,2025-10-13 08:02:00,A,1188
144,144,2026-04-04 15:04:00,A,1243
145,145,2024-10-02 04:38:00,C,1009
146,146,2026-09-16 09:10:00,A,1193
147,147,2025-05-29 07:03:00,C,1263
148,148,2026-03-30 03:13:00,A,1048
149,149,2026-02-15 23:11:00,C,1102
150,150,2026-07-06 11:41:00,A,1018
151,151,2026-01-20 05:56:00,A,1199
152,152,2025-06-30 12:15:00,C,1185
153,153,2024-11-20 18:58:00,A,1133
154,154,2025-10-24 08:07:00,A,1188
155,155,2025-11-13 16:09:00,A,1066
156,156,2024-06-01 05:30:00,A,1023
157,157,2024-06-15 19:45:00,B,1084
158,158,2026-02-07 22:27:00,A,1145
159,159,2026-03-12 10:07:00,A,1231
160,160,2024-09-05 04:49:00,C,1049
161,161,2025-04-20 08:27:00,A,1244
162,162,2024-07-28 06:42:00,C,1152
163,163,2026-09-28 10:06:00,A,1202
164,164,2026-06-04 15:54:00,C,1230
165,165,2025-08-20 06:37:00,C,1177
166,166,2025-12-23 12:42:00,A,1247
167,167,2026-06-08 12:02:00,C,1263
168,168,2025-02-25 17:46:00,A,1242
169,169,2026-06-13 11:26:00,C,1018
170,170,2026-02-04 00:28:00,C,1047
171,171,2024-11-26 06:32:00,A,1153
172,172,2024-07-15 15:03:00,A,1213
173,173,2024-06-28 19:36:00,A,1110
174,174,2026-06-15 10:32:00,C,1142
175,175,2024-03-23 23:42:00,C,1223
176,176,2024-11-25 05:09:00,A,1061
177,177,2025-01-04 14:37:00,C,1231
178,178,2026-07-27 01:13:00,B,1107
179,179,2026-01-27 18:26:00,B,1090
180,180,2025-09-12 20:02:00,A,1033
181,181,2025-09-09 18:33:00,C,1216
182,182,2026-07-09 15:15:00,A,1033
183,183,2024-12-01 23:50:00,C,1098
184,184,2024-10-16 06:08:00,C,1175
185,185,2025-01-04 15:42:00,A,1114
186,186,2024-11-17 08:12:00,C,1090
187,187,2025-09-20 03:56:00,A,1150
188,188,2026-03-26 07:48:00,B,1231
189,189,2024-10-28 02:02:00,A,1042
190,190,2024-12-04 05:47:00,C,1262
191,191,2025-05-28 08:26:00,A,1217
192,192,2025-07-09 10:21:00,B,1145
193,193,2026-07-06 07:08:00,C,1204
194,194,2025-03-29 05:52:00,C,1080
195,195,2025-07-22 19:26:00,A,1058
196,196,2024-08-24 21:47:00,A,1024
197,197,2024-04-29 13:21:00,C,1202
198,198,2024-11-09 22:14:00,A,1166
199,199,2024-03-15 01:48:00,C,1227
200,200,2024-12-15 19:34:00,A,1072
201,201,2025-12-09 01:40:00,A,1195
202,202,2024-08-23 14:58:00,A,1197
203,203,2024-12-20 00:29:00,C,1096
204,204,2026-05-24 22:17:00,C,1090
205,205,2024-06-04 15:11:00,C,1120
206,206,2025-11-14 04:48:00,A,1169
207,207,2026-01-31 20:55:00,A,1197
208,208,2024-12-04 22:10:00,C,1251
209,209,2026-06-05 13:14:00,A,1031
210,210,2026-08-17 05:31:00,C,1110
211,211,2025-02-22 06:58:00,C,1201
212,212,2024-11-15 10:12:00,C,1222
213,213,2026-06-09 03:50:00,C,1245
214,214,2024-06-19 14:58:00,C,1060
215,215,2025-09-05 21:54:00,C,1251
216,216,2025-12-05 23:13:00,B,1104
217,217,2024-06-11 17:40:00,A,1250
218,218,2024-03-31 13:32:00,C,1257
219,219,2024-08-29 05:03:00,A,1007
220,220,2026-07-29 14:32:00,A,1150
221,221,2024-05-28 18:22:00,C,1128
222,222,2024-08-12 21:47:00,A,1136
223,223,2025-09-19 19:49:00,C,1261
224,224,2024-11-04 07:08:00,A,1245
225,225,2024-11-27 11:30:00,A,1185
226,226,2024-05-30 01:39:00,A,1268
227,227,2025-10-24 15:13:00,A,1114
228,228,2026-02-18 23:40:00,C,1143
229,229,2024-09-19 23:14:00,C,1144
230,230,2026-02-02 02:08:00,C,1054
231,231,2025-09-14 20:17:00,C,1146
232,232,2024-06-26 22:59:00,C,1255
233,233,2024-06-03 21:27:00,C,1125
234,234,2026-01-27 10:15:00,A,1215
235,235,2024-05-22 17:23:00,A,1172
236,236,2025-09-08 04:53:00,A,1200
237,237,2024-07-27 13:23:00,C,1016
238,238,2026-04-30 21:25:00,B,1019
239,239,2025-01-23 14:39:00,C,1044
240,240,2024-09-26 01:49:00,A,1160
241,241,2025-05-12 18:36:00,A,1055
242,242,2025-11-14 13:20:00,B,1140
243,243,2024-08-12 15:26:00,A,1077
244,244,2025-06-26 07:34:00,C,1255
245,245,2025-10-18 20:24:00,A,1227
246,246,2026-05-16 21:45:00,C,1007
247,247,2026-07-26 22:27:00,A,1133
248,248,2026-05-16 07:08:00,C,1026
249,249,2024-05-15 16:31:00,C,1092
250,250,2024-08-30 23:01:00,B,1047
251,251,2025-06-23 01:27:00,B,1209
252,252,2024-04-30 19:44:00,A,1038
253,253,2025-09-29 17:15:00,B,1212
254,254,2024-04-16 06:08:00,A,1038
255,255,2025-10-05 02:15:00,B,1039
256,256,2026-06-26 20:06:00,C,1236
257,257,2024-11-11 07:59:00,B,1150
258,258,2024-12-23 11:34:00,A,1001
259,259,2025-05-02 14:01:00,A,1268
260,260,2026-01-20 16:57:00,B,1125
261,261,2025-01-03 17:12:00,A,1148
262,262,2024-03-04 09:22:00,C,1112
263,263,2025-12-28 14:51:00,B,1070
264,264,2025-03-15 18:39:00,B,1246
265,265,2026-05-03 03:39:00,C,1062
266,266,2024-08-08 10:42:00,A,1075
267,267,2026-08-05 03:13:00,A,1034
268,268,2026-03-05 03:20:00,C,1015
269,269,2024-11-10 02:10:00,A,1270
270,270,2024-06-09 03:19:00,A,1273
271,271,2026-08-03 07:08:00,A,1138
272,272,2024-03-25 20:49:00,A,1005
273,273,2025-12-29 00:56:00,A,1154
274,274,2024-07-18 00:14:00,A,1043
275,275,2024-03-28 08:19:00,A,1198
276,276,2024-11-30 21:18:00,A,1008
277,277,2024-10-17 07:16:00,C,1116
278,278,2025-08-26 05:15:00,A,1150
279,279,2026-04-14 17:05:00,C,1168
280,280,2024-05-18 23:41:00,A,1060
281,281,2026-03-08 15:08:00,C,1172
282,282,2026-04-05 02:44:00,A,1152
283,283,2024-05-04 14:18:00,A,1020
284,284,2026-10-17 17:31:00,A,1161
285,285,2025-01-26 06:12:00,C,1178
286,286,2024-07-28 12:07:00,C,1065
287,287,2025-10-12 09:16:00,C,1113
288,288,2025-11-23 09:33:00,A,1269
289,289,2026-05-26 13:41:00,A,1159
290,290,2025-07-26 05:58:00,C,1189
291,291,2024-07-14 09:25:00,C,1107
292,292,2025-07-05 02:04:00,A,1214
293,293,2025-10-02 22:16:00,A,1096
294,294,2025-01-09 02:52:00,C,1052
295,295,2026-06-10 07:09:00,A,1197
296,296,2025-09-29 20:41:00,A,1269
297,297,2025-11-07 11:36:00,C,1042
298,298,2025-12-10 07:23:00,B,1258
299,299,2024-09-07 23:37:00,C,1027
300,300,2026-02-17 21:16:00,A,1147
301,301,2026-01-24 05:57:00,A,1095
302,302,2024-08-17 11:27:00,C,1072
303,303,2026-08-15 18:27:00,A,1124
304,304,2025-03-27 15:21:00,B,1077
305,305,2026-06-25 13:10:00,A,1190
306,306,2025-05-02 09:29:00,A,1150
307,307,2025-10-09 06:08:00,C,1051
308,308,2026-08-13 02:07:00,C,1204
309,309,2025-11-08 08:20:00,A,1174
310,310,2024-07-21 09:47:00,C,1145
311,311,2024-08-20 07:49:00,C,1206
312,312,2025-11-25 14:43:00,C,1166
313,313,2025-07-02 21:46:00,C,1256
314,314,2026-08-09 03:04:00,C,1204
315,315,2024-12-06 22:13:00,A,1140
316,316,2024-08-29 10:51:00,C,1087
317,317,2026-03-09 08:21:00,A,1103
318,318,2026-01-04 05:54:00,A,1106
319,319,2024-08-07 01:37:00,A,1208
320,320,2026-06-10 13:31:00,A,1118
321,321,2026-07-21 16:39:00,C,1170
322,322,2025-06-08 14:01:00,C,1054
323,323,2024-06-02 18:03:00,C,1102
324,324,2026-04-19 15:11:00,A,1202
325,325,2025-08-23 16:34:00,A,1093
326,326,2026-08-23 07:37:00,C,1020
327,327,2024-11-13 18:01:00,A,1063
328,328,2025-07-01 13:00:00,A,1008
329,329,2024-04-19 00:51:00,A,1156
330,330,2026-04-20 00:46:00,B,1243
331,331,2026-03-03 13:47:00,A,1067
332,332,2025-04-14 22:00:00,B,1095
333,333,2024-12-05 20:53:00,A,1113
334,334,2026-07-13 14:17:00,A,1034
335,335,2026-07-29 18:04:00,A,1159
336,336,2024-08-05 03:29:00,A,1053
337,337,2024-09-19 07:27:00,C,1122
338,338,2024-12-08 06:11:00,A,1024
339,339,2026-01-31 10:40:00,A,1057
340,340,2026-01-26 17:34:00,A,1253
341,341,2026-01-02 21:56:00,C,1065
342,342,2025-07-18 04:28:00,A,1129
343,343,2026-09-13 08:39:00,A,1253
344,344,2026-03-26 22:56:00,A,1030
345,345,2025-08-30 15:22:00,A,1149
346,346,2026-06-09 00:07:00,C,1046
347,347,2025-04-02 21:24:00,A,1045
348,348,2025-07-21 20:43:00,C,1059
349,349,2025-11-20 05:16:00,C,1005
350,350,2024-08-21 01:20:00,A,1065
351,351,2025-05-09 04:09:00,A,1028
352,352,2024-11-11 01:10:00,A,1195
353,353,2026-03-15 04:24:00,A,1089
354,354,2024-11-22 14:26:00,C,1097
355,355,2025-02-14 03:26:00,A,1205
356,356,2026-09-21 07:21:00,C,1089
357,357,2026-02-25 01:07:00,C,1010
358,358,2024-07-16 00:12:00,C,1163
359,359,2025-03-02 00:02:00,A,1217
360,360,2025-01-03 14:11:00,A,1054
361,361,2025-08-01 19:45:00,C,1096
362,362,2025-09-10 07:18:00,A,1220
363,363,2025-01-29 07:47:00,A,1012
364,364,2024-08-06 20:21:00,A,1054
365,365,2025-11-04 14:33:00,A,1243
366,366,2026-08-25 18:24:00,C,1030
367,367,2026-06-10 13:12:00,C,1073
368,368,2026-04-24 08:06:00,C,1072
369,369,2025-02-01 00:48:00,B,1173
370,370,2024-10-06 18:48:00,C,1119
371,371,2024-05-06 12:37:00,A,1198
372,372,2026-05-30 20:13:00,A,1129
373,373,2026-06-02 12:54:00,C,1110
374,374,2024-08-23 16:47:00,C,1245
375,375,2024-07-18 12:36:00,C,1022
376,376,2025-08-19 11:23:00,C,1253
377,377,2026-09-24 11:21:00,B,1053
378,378,2025-12-01 02:29:00,A,1012
379,379,2025-04-16 17:13:00,A,1179
380,380,2024-11-28 02:30:00,A,1092
381,381,2025-06-29 10:43:00,A,1059
382,382,2025-06-07 20:44:00,A,1191
383,383,2025-04-07 22:32:00,C,1245
384,384,2024-12-16 03:48:00,A,1115
385,385,2026-03-03 04:49:00,C,1070
386,386,2025-09-18 09:22:00,C,1236
387,387,2025-09-27 20:09:00,A,1215
388,388,2026-07-06 03:17:00,A,1118
389,389,2026-06-24 20:07:00,A,1109
390,390,2026-05-05 22:21:00,A,1160
391,391,2026-02-09 05:24:00,B,1086
392,392,2024-12-16 14:33:00,C,1090
393,393,2025-09-08 15:49:00,A,1069
394,394,2026-02-15 06:48:00,A,1207
395,395,2025-04-07 02:19:00,A,1125
396,396,2025-04-12 08:22:00,A,1084
397,397,2025-09-29 12:56:00,A,1072
398,398,2025-10-28 07:16:00,C,1235
399,399,2026-01-06 21:51:00,B,1114
400,400,2025-05-11 23:52:00,A,1146
401,401,2024-04-29 09:41:00,A,1042
402,402,2024-09-23 01:49:00,C,1205
403,403,2024-06-20 04:56:00,A,1107
404,404,2026-01-27 15:50:00,C,1171
405,405,2026-03-28 13:51:00,C,1100
406,406,2025-05-25 22:59:00,A,1113
407,407,2025-06-24 22:13:00,B,1066
408,408,2025-10-04 00:35:00,C,1062
409,409,2026-02-16 23:58:00,C,1262
410,410,2025-11-27 13:12:00,C,1049
411,411,2024-03-03 20:03:00,C,1145
412,412,2026-08-26 12:11:00,B,1215
413,413,2025-09-18 07:16:00,A,1002
414,414,2025-01-13 04:39:00,C,1061
415,415,2026-03-23 08:53:00,C,1103
416,416,2025-07-24 22:03:00,C,1232
417,417,2024-09-08 10:49:00,A,1206
418,418,2024-09-19 00:06:00,C,1182
419,419,2026-09-16 07:13:00,A,1230
420,420,2026-05-09 10:50:00,A,1049
421,421,2025-12-20 18:14:00,C,1191
422,422,2026-02-10 21:17:00,C,1109
423,423,2026-01-01 21:45:00,C,1268
424,424,2026-07-30 07:44:00,C,1005
425,425,2025-05-21 04:41:00,A,1251
426,426,2024-02-29 21:16:00,C,1261
427,427,2025-05-18 09:15:00,A,1063
428,428,2024-08-14 06:04:00,A,1270
429,429,2025-06-17 02:46:00,C,1115
430,430,2026-01-07 21:03:00,C,1232
431,431,2024-06-07 21:41:00,A,1094
432,432,2025-08-04 05:44:00,A,1036
433,433,2026-01-07 00:32:00,A,1021
434,434,2026-04-11 10:02:00,C,1089
435,435,2026-04-26 15:41:00,C,1152
436,436,2026-01-26 06:28:00,C,1215
437,437,2026-02-10 22:15:00,A,1220
438,438,2026-04-11 14:19:00,B,1208
439,439,2025-12-06 22:22:00,A,1136
440,440,2025-11-14 22:58:00,C,1270
441,441,2024-08-28 16:28:00,C,1206
442,442,2026-03-31 13:01:00,A,1239
443,443,2025-04-05 09:12:00,A,1141
444,444,2024-08-29 07:00:00,C,1218
445,445,2025-09-14 07:37:00,B,1001
446,446,2024-06-07 07:16:00,A,1220
447,447,2025-07-15 23:41:00,A,1120
448,448,2025-04-12 17:09:00,C,1095
449,449,2026-03-01 15:10:00,A,1068
450,450,2026-04-05 01:11:00,C,1054
451,451,2026-07-27 20:14:00,A,1120
452,452,2024-09-04 19:13:00,C,1055
453,453,2025-07-02 01:03:00,C,1259
454,454,2025-02-13 16:57:00,C,1013
455,455,2026-06-23 21:55:00,A,1268
456,456,2025-04-23 07:13:00,C,1156
457,457,2025-03-10 09:34:00,A,1069
458,458,2026-04-30 23:07:00,C,1210
459,459,2026-02-28 20:50:00,B,1148
460,460,2025-01-14 08:42:00,C,1014
461,461,2025-08-02 15:32:00,C,1008
462,462,2026-09-18 06:36:00,C,1100
463,463,2024-08-05 08:10:00,A,1016
464,464,2024-10-04 19:00:00,C,1004
465,465,2026-06-13 06:45:00,C,1157
466,466,2025-07-31 20:35:00,A,1054
467,467,2025-06-27 20:58:00,C,1070
468,468,2024-08-02 22:25:00,A,1055
469,469,2024-06-19 03:52:00,C,1270
470,470,2025-12-15 12:38:00,A,1136
471,471,2024-10-10 07:01:00,C,1130
472,472,2026-03-29 08:52:00,A,1165
473,473,2024-05-26 05:26:00,A,1057
474,474,2025-09-05 10:28:00,C,1043
475,475,2025-07-03 03:48:00,A,1022
476,476,2026-03-22 13:18:00,C,1173
477,477,2025-10-09 17:34:00,C,1032
478,478,2024-02-23 17:11:00,C,1063
479,479,2026-04-17 16:49:00,B,1264
480,480,2025-01-20 18:24:00,B,1126
481,481,2024-12-10 07:45:00,C,1128
482,482,2024-08-29 19:52:00,C,1066
483,483,2025-05-30 23:21:00,C,1242
484,484,2025-04-22 14:52:00,C,1183
485,485,2026-04-17 12:58:00,A,1179
486,486,2026-01-16 12:21:00,C,1224
487,487,2025-05-03 03:10:00,C,1117
488,488,2024-05-25 05:55:00,A,1027
489,489,2024-07-25 06:29:00,C,1230
490,490,2025-12-18 18:10:00,B,1108
491,491,2024-07-26 07:58:00,A,1148
492,492,2026-05-25 04:50:00,A,1023
493,493,2024-05-23 19:39:00,C,1198
494,494,2024-09-09 17:29:00,C,1007
495,495,2025-07-22 17:29:00,A,1206
496,496,2025-03-08 16:53:00,C,1175
497,497,2026-07-28 04:56:00,C,1199
498,498,2026-06-09 05:56:00,C,1236
499,499,2025-10-12 08:20:00,C,1045
500,500,2026-05-19 07:42:00,C,1271
501,501,2025-09-22 15:11:00,A,1184
502,502,2026-04-02 12:06:00,A,1168
503,503,2025-06-10 06:50:00,C,1173
504,504,2026-03-02 23:37:00,C,1064
505,505,2026-10-01 06:39:00,C,1009
506,506,2025-07-29 16:44:00,C,1167
507,507,2025-02-10 13:29:00,B,1016
508,508,2025-05-28 19:50:00,A,1085
509,509,2024-03-30 02:07:00,A,1063
510,510,2026-03-17 21:10:00,C,1079
511,511,2024-04-24 04:11:00,B,1067
512,512,2024-10-23 19:08:00,C,1129
513,513,2024-09-21 14:49:00,A,1014
514,514,2024-04-25 14:25:00,B,1146
515,515,2026-02-15 23:24:00,A,1175
516,516,2024-10-25 17:12:00,B,1040
517,517,2024-09-17 16:15:00,A,1189
518,518,2024-08-06 13:00:00,A,1100
519,519,2024-06-22 05:57:00,A,1143
520,520,2026-10-11 07:52:00,A,1182
521,521,2024-12-06 15:20:00,A,1101
522,522,2024-07-17 13:23:00,C,1242
523,523,2024-04-27 03:35:00,C,1251
524,524,2025-10-24 12:49:00,A,1149
525,525,2025-04-27 00:53:00,C,1161
526,526,2025-12-20 22:32:00,C,1034
527,527,2025-09-30 09:37:00,A,1069
528,528,2024-05-07 04:49:00,A,1059
529,529,2025-03-06 08:49:00,A,1156
530,530,2024-03-08 09:26:00,A,1183
531,531,2024-08-16 22:26:00,C,1134
532,532,2026-03-10 08:15:00,C,1168
533,533,2024-09-08 11:44:00,A,1064
534,534,2024-09-02 09:55:00,A,1241
535,535,2024-03-13 12:18:00,C,1154
536,536,2024-07-03 15:05:00,C,1083
537,537,2024-08-20 23:50:00,A,1034
538,538,2024-05-15 12:57:00,A,1034
539,539,2026-02-26 16:53:00,C,1240
540,540,2026-03-25 11:58:00,B,1021
541,541,2026-02-07 17:11:00,B,1076
542,542,2024-11-21 17:18:00,A,1259
543,543,2025-07-11 00:30:00,A,1080
544,544,2024-12-06 17:15:00,A,1173
545,545,2026-07-24 16:50:00,A,1167
546,546,2024-12-27 22:33:00,A,1223
547,547,2026-07-26 13:49:00,C,1010
548,548,2024-09-28 23:25:00,A,1087
549,549,2025-12-11 11:13:00,C,1038
550,550,2025-10-09 07:20:00,C,1136
551,551,2026-02-16 16:34:00,C,1087
552,552,2025-01-17 00:14:00,C,1224
553,553,2025-05-01 02:04:00,C,1149
554,554,2025-06-15 11:25:00,A,1247
555,555,2026-02-09 16:46:00,A,1229
556,556,2024-04-18 03:17:00,C,1019
557,557,2026-09-09 14:07:00,C,1166
558,558,2025-01-30 13:46:00,A,1237
559,559,2025-04-14 06:32:00,A,1241
560,560,2024-09-12 17:18:00,C,1266
561,561,2024-11-21 05:27:00,A,1262
562,562,2025-12-17 21:37:00,C,1018
563,563,2026-01-14 10:18:00,C,1178
564,564,2025-10-22 08:12:00,C,1081
565,565,2025-11-29 20:53:00,B,1106
566,566,2024-04-04 14:54:00,B,1062
567,567,2026-03-18 20:32:00,C,1149
568,568,2025-03-03 12:06:00,A,1002
569,569,2025-11-08 11:29:00,C,1251
570,570,2025-05-23 15:33:00,C,1258
571,571,2026-07-02 04:07:00,A,1257
572,572,2024-02-09 10:06:00,A,1134
573,573,2026-02-02 11:31:00,C,1141
574,574,2026-07-10 16:50:00,A,1195
575,575,2025-03-27 22:46:00,A,1069
576,576,2024-08-15 09:34:00,C,1208
577,577,2024-07-05 12:48:00,A,1008
578,578,2024-05-10 12:59:00,A,1195
579,579,2026-06-22 00:43:00,A,1056
580,580,2024-11-23 01:17:00,B,1102
581,581,2025-03-30 09:50:00,A,1077
582,582,2026-06-26 22:27:00,A,1267
583,583,2025-02-15 02:20:00,C,1027
584,584,2024-02-11 10:57:00,A,1113
585,585,2025-10-26 13:18:00,C,1073
586,586,2025-12-11 06:34:00,C,1225
587,587,2026-04-10 10:31:00,C,1093
588,588,2026-09-16 19:54:00,B,1247
589,589,2026-09-11 05:38:00,C,1100
590,590,2025-07-10 01:51:00,A,1046
591,591,2025-06-08 10:52:00,C,1025
592,592,2025-11-22 05:48:00,C,1168
593,593,2025-08-25 12:35:00,B,1240
594,594,2025-12-26 09:45:00,B,1200
595,595,2024-10-28 04:54:00,C,1101
596,596,2024-12-29 01:54:00,A,1036
597,597,2024-05-12 04:20:00,A,1039
598,598,2024-07-16 20:46:00,A,1013
599,599,2025-03-19 22:14:00,B,1201
600,600,2024-05-22 19:13:00,C,1015
601,601,2026-02-17 08:53:00,C,1230
602,602,2024-10-07 19:16:00,A,1038
603,603,2024-08-19 15:17:00,C,1211
604,604,2025-06-19 18:56:00,C,1234
605,605,2024-12-22 23:00:00,B,1080
606,606,2026-04-27 21:28:00,A,1000
607,607,2025-10-17 06:10:00,A,1088
608,608,2026-08-21 23:37:00,B,1013
609,609,2025-01-27 15:38:00,C,1093
610,610,2025-06-14 02:14:00,C,1229
611,611,2025-03-21 18:14:00,C,1236
612,612,2026-04-14 03:50:00,A,1087
613,613,2026-07-05 05:34:00,A,1156
614,614,2024-09-01 00:46:00,C,1044
615,615,2024-08-18 23:25:00,A,1112
616,616,2025-04-30 13:59:00,B,1111
617,617,2026-06-02 22:07:00,A,1091
618,618,2026-06-23 07:30:00,A,1157
619,619,2024-07-16 21:55:00,A,1006
620,620,2026-07-25 01:37:00,C,1258
621,621,2024-07-31 09:56:00,A,1243
622,622,2026-02-04 11:28:00,A,1093
623,623,2024-11-09 07:43:00,C,1216
624,624,2025-07-18 12:51:00,B,1046
625,625,2024-12-20 07:40:00,C,1001
626,626,2026-04-26 04:07:00,A,1129
627,627,2025-07-26 12:13:00,A,1015
628,628,2026-04-20 19:56:00,C,1089
629,629,2025-09-22 16:52:00,C,1046
630,630,2026-01-03 23:41:00,C,1272
631,631,2025-08-27 11:33:00,A,1037
632,632,2025-05-18 18:25:00,A,1253
633,633,2025-12-21 08:06:00,A,1034
634,634,2024-07-04 18:37:00,C,1172
635,635,2026-01-15 23:25:00,B,1078
636,636,2026-03-04 11:20:00,C,1091
637,637,2026-08-09 07:54:00,C,1115
638,638,2024-06-04 20:44:00,A,1177
639,639,2026-06-01 21:00:00,A,1041
640,640,2025-11-12 04:21:00,A,1134
641,641,2025-10-09 07:52:00,C,1024
642,642,2024-05-01 06:14:00,C,1100
643,643,2025-05-23 11:55:00,A,1229
644,644,2024-06-08 11:46:00,B,1121
645,645,2025-04-03 19:03:00,C,1144
646,646,2026-08-15 21:48:00,A,1209
647,647,2025-04-13 02:23:00,A,1031
648,648,2024-06-23 07:51:00,A,1169
649,649,2026-09-03 02:51:00,C,1245
650,650,2024-10-22 09:52:00,A,1093
651,651,2025-08-06 13:04:00,C,1165
652,652,2024-09-04 05:40:00,C,1244
653,653,2026-06-19 08:08:00,C,1085
654,654,2026-02-06 11:56:00,C,1142
655,655,2026-08-07 17:49:00,C,1053
656,656,2024-06-25 15:52:00,B,1104
657,657,2025-03-27 03:29:00,C,1103
658,658,2025-04-17 09:22:00,C,1130
659,659,2026-07-23 04:18:00,C,1002
660,660,2024-02-13 10:26:00,A,1142
661,661,2025-12-18 17:33:00,A,1128
662,662,2025-09-26 01:39:00,C,1187
663,663,2026-04-28 00:33:00,C,1235
664,664,2026-01-16 21:58:00,C,1078
665,665,2024-05-27 14:52:00,C,1132
666,666,2025-07-18 02:04:00,A,1107
667,667,2025-10-29 03:38:00,A,1205
668,668,2024-09-30 20:57:00,C,1173
669,669,2025-02-21 08:02:00,C,1260
670,670,2025-06-14 05:28:00,A,1136
671,671,2025-07-02 11:08:00,C,1224
672,672,2026-06-17 15:14:00,A,1196
673,673,2025-05-04 09:28:00,A,1245
674,674,2025-12-17 23:15:00,C,1193
675,675,2026-06-09 15:08:00,C,1036
676,676,2026-04-03 17:04:00,A,1182
677,677,2024-03-03 23:47:00,C,1240
678,678,2024-09-12 14:05:00,A,1222
679,679,2024-10-19 15:30:00,B,1065
680,680,2024-02-14 18:02:00,A,1148
681,681,2024-06-23 06:08:00,C,1058
682,682,2025-04-30 07:50:00,A,1226
683,683,2025-12-22 01:30:00,C,1170
684,684,2026-07-05 17:14:00,A,1127
685,685,2025-03-04 22:13:00,C,1121
686,686,2024-04-24 19:51:00,A,1071
687,687,2024-07-28 20:41:00,A,1110
688,688,2026-03-02 05:14:00,A,1139
689,689,2024-11-05 02:52:00,B,1144
690,690,2026-06-30 11:16:00,B,1195
691,691,2025-01-22 10:42:00,C,1243
692,692,2024-12-23 21:07:00,C,1169
693,693,2024-09-16 05:11:00,C,1269
694,694,2025-08-05 05:42:00,C,1185
695,695,2026-08-23 00:00:00,C,1139
696,696,2026-08-15 02:10:00,A,1152
697,697,2024-12-16 02:59:00,A,1065
698,698,2025-12-20 11:18:00,A,1176
699,699,2025-12-03 23:00:00,A,1025
700,700,2025-06-04 15:09:00,A,1204
701,701,2026-04-02 09:57:00,A,1273
702,702,2026-01-15 06:39:00,C,1094
703,703,2025-08-24 09:57:00,A,1062
704,704,2025-11-27 09:13:00,A,1094
705,705,2024-09-17 08:14:00,A,1060
706,706,2024-08-16 02:50:00,B,1226
707,707,2025-09-18 23:04:00,C,1014
708,708,2026-06-18 10:24:00,C,1048
709,709,2026-08-25 11:04:00,C,1133
710,710,2024-02-18 02:37:00,A,1118
711,711,2024-02-09 23:09:00,C,1266
712,712,2026-04-17 14:12:00,A,1208
713,713,2025-05-21 20:49:00,C,1105
714,714,2025-10-06 04:53:00,A,1149
715,715,2025-05-14 21:57:00,B,1025
716,716,2026-07-29 09:50:00,C,1240
717,717,2025-02-01 00:13:00,A,1081
718,718,2025-10-10 11:00:00,C,1189
719,719,2025-08-09 08:59:00,A,1163
720,720,2024-06-28 22:18:00,C,1192
721,721,2025-09-27 13:12:00,A,1102
722,722,2025-09-02 03:37:00,A,1133
723,723,2025-01-09 04:25:00,A,1071
724,724,2024-05-16 18:25:00,C,1029
725,725,2025-09-26 01:33:00,C,1171
726,726,2024-12-23 17:25:00,A,1131
727,727,2025-09-03 14:38:00,A,1014
728,728,2025-09-28 09:57:00,C,1263
729,729,2025-10-08 11:29:00,A,1096
730,730,2026-09-13 20:22:00,C,1092
731,731,2026-03-08 13:21:00,C,1096
732,732,2024-08-10 15:50:00,A,1047
733,733,2025-05-06 17:27:00,C,1081
734,734,2025-04-06 23:30:00,A,1016
735,735,2024-07-24 03:48:00,A,1215
736,736,2024-08-01 17:38:00,A,1183
737,737,2024-09-16 08:45:00,C,1048
738,738,2025-08-21 08:34:00,C,1085
739,739,2024-07-10 14:37:00,C,1159
740,740,2026-03-14 18:17:00,C,1074
741,741,2024-08-08 04:21:00,A,1080
742,742,2024-06-11 13:09:00,C,1235
743,743,2026-08-20 06:47:00,C,1253
744,744,2024-04-09 18:49:00,C,1258
745,745,2024-12-31 12:17:00,A,1198
746,746,2024-07-30 09:02:00,A,1272
747,747,2025-07-01 05:30:00,A,1072
748,748,2025-09-25 20:30:00,C,1104
749,749,2024-07-31 17:32:00,A,1110
750,750,2026-05-09 19:49:00,C,1048
751,751,2024-06-03 00:44:00,B,1054
752,752,2025-09-12 11:40:00,C,1212
753,753,2026-06-27 02:45:00,B,1199
754,754,2026-03-16 12:23:00,B,1164
755,755,2026-01-04 00:25:00,A,1240
756,756,2025-11-19 23:21:00,C,1245
757,757,2026-08-01 18:14:00,C,1151
758,758,2025-02-08 07:57:00,C,1033
759,759,2026-06-14 13:24:00,C,1245
760,760,2025-10-14 04:05:00,C,1217
761,761,2026-04-25 21:24:00,A,1168
762,762,2025-01-15 14:13:00,A,1260
763,763,2026-08-22 00:37:00,A,1245
764,764,2024-10-18 21:44:00,A,1175
765,765,2025-01-12 07:31:00,A,1165
766,766,2025-03-08 03:24:00,C,1260
767,767,2025-06-26 16:53:00,C,1200
768,768,2024-12-11 23:45:00,A,1076
769,769,2026-02-20 12:03:00,C,1134
770,770,2025-11-08 09:58:00,C,1256
771,771,2026-05-07 22:30:00,A,1008
772,772,2025-08-19 17:58:00,A,1198
773,773,2024-03-18 05:20:00,C,1158
774,774,2025-04-02 00:23:00,A,1267
775,775,2024-12-19 12:48:00,C,1189
776,776,2024-12-12 09:05:00,A,1030
777,777,2024-09-23 06:51:00,A,1214
778,778,2025-09-28 10:26:00,C,1099
779,779,2024-08-12 22:35:00,C,1237
780,780,2025-12-24 21:25:00,A,1204
781,781,2025-07-18 20:31:00,B,1011
782,782,2024-10-07 05:07:00,C,1119
783,783,2026-04-24 11:08:00,C,1085
784,784,2024-10-24 21:27:00,C,1137
785,785,2025-03-03 17:50:00,C,1227
786,786,2026-04-15 01:04:00,C,1056
787,787,2024-11-30 09:38:00,A,1104
788,788,2025-06-25 12:22:00,A,1105
789,789,2026-04-17 17:53:00,C,1189
790,790,2025-12-28 21:04:00,A,1051
791,791,2025-02-09 03:39:00,A,1136
792,792,2025-06-01 11:49:00,A,1053
793,793,2025-10-29 06:53:00,C,1060
794,794,2026-06-30 11:28:00,C,1145
795,795,2024-07-10 08:22:00,C,1091
796,796,2025-05-24 19:43:00,A,1043
797,797,2026-01-04 14:27:00,A,1026
798,798,2026-01-25 03:09:00,C,1055
799,799,2025-02-24 01:13:00,A,1029
800,800,2024-11-03 20:42:00,A,1106
801,801,2026-06-04 22:24:00,A,1025
802,802,2025-06-01 07:20:00,C,1027
803,803,2025-01-09 09:07:00,C,1261
804,804,2024-11-11 14:53:00,C,1176
805,805,2025-08-15 18:37:00,C,1210
806,806,2026-04-29 10:40:00,B,1143
807,807,2026-03-12 04:46:00,A,1047
808,808,2024-06-25 12:03:00,A,1107
809,809,2026-09-08 11:45:00,C,1208
810,810,2024-06-22 09:35:00,B,1117
811,811,2024-10-09 17:28:00,B,1172
812,812,2025-01-07 19:28:00,A,1062
813,813,2024-07-16 23:31:00,A,1218
814,814,2024-04-02 13:43:00,A,1212
815,815,2026-02-24 08:59:00,C,1132
816,816,2025-08-02 21:06:00,C,1037
817,817,2025-09-12 04:54:00,A,1144
818,818,2026-01-03 16:33:00,C,1132
819,819,2025-08-12 19:21:00,C,1151
820,820,2024-09-17 00:26:00,A,1043
821,821,2025-01-30 09:16:00,A,1156
822,822,2025-05-20 05:49:00,A,1159
823,823,2025-05-10 19:51:00,C,1262
824,824,2025-01-28 08:40:00,C,1234
825,825,2024-06-06 12:31:00,C,1036
826,826,2026-04-04 01:04:00,B,1170
827,827,2024-03-16 00:07:00,C,1078
828,828,2024-04-23 07:02:00,C,1106
829,829,2025-10-14 08:22:00,C,1000
830,830,2025-07-13 05:46:00,C,1133
831,831,2024-05-29 08:27:00,A,1075
832,832,2026-01-20 09:06:00,A,1172
833,833,2025-05-24 12:00:00,A,1142
834,834,2025-05-08 13:40:00,A,1188
835,835,2025-07-11 23:35:00,A,1155
836,836,2025-01-30 22:14:00,C,1196
837,837,2025-09-30 04:42:00,C,1043
838,838,2025-10-03 11:17:00,C,1161
839,839,2024-10-05 02:16:00,A,1036
840,840,2024-10-30 05:43:00,C,1225
841,841,2025-05-08 22:01:00,C,1270
842,842,2024-12-11 09:05:00,C,1055
843,843,2025-05-19 11:25:00,C,1079
844,844,2026-01-09 13:16:00,C,1236
845,845,2024-10-22 23:34:00,C,1050
846,846,2024-02-14 09:42:00,A,1044
847,847,2024-06-14 07:43:00,C,1010
848,848,2024-06-29 17:26:00,A,1124
849,849,2024-10-14 17:56:00,C,1266
850,850,2025-06-08 01:01:00,C,1245
851,851,2026-10-17 01:25:00,A,1233
852,852,2025-05-27 17:13:00,C,1106
853,853,2025-09-05 05:14:00,C,1178
854,854,2024-10-09 04:04:00,A,1186
855,855,2024-12-03 17:02:00,A,1015
856,856,2025-03-12 04:27:00,A,1211
857,857,2025-03-14 15:45:00,A,1155
858,858,2024-06-17 17:49:00,A,1010
859,859,2024-06-13 08:47:00,C,1169
860,860,2024-03-16 04:56:00,A,1259
861,861,2024-10-13 22:43:00,A,1124
862,862,2025-01-28 00:54:00,C,1200
863,863,2025-05-04 03:48:00,A,1226
864,864,2024-09-28 19:37:00,A,1044
865,865,2024-08-04 13:08:00,A,1020
866,866,2026-01-15 13:05:00,C,1197
867,867,2024-04-15 09:26:00,A,1210
868,868,2025-03-11 21:43:00,A,1158
869,869,2025-09-22 13:50:00,C,1261
870,870,2026-04-28 21:34:00,C,1027
871,871,2026-07-08 03:52:00,A,1253
872,872,2025-05-27 04:03:00,C,1264
873,873,2024-12-28 18:55:00,B,1191
874,874,2024-02-20 20:32:00,C,1115
875,875,2025-12-15 00:20:00,C,1076
876,876,2025-03-03 10:50:00,C,1085
877,877,2025-07-23 03:02:00,C,1192
878,878,2025-06-28 12:17:00,A,1223
879,879,2026-04-26 08:55:00,A,1232
880,880,2025-02-23 18:18:00,B,1156
881,881,2025-02-28 19:03:00,C,1150
882,882,2026-03-05 09:21:00,C,1124
883,883,2026-02-09 04:55:00,C,1127
884,884,2024-08-10 09:51:00,C,1163
885,885,2025-08-02 15:10:00,C,1256
886,886,2026-07-13 05:34:00,B,1199
887,887,2025-06-08 03:14:00,C,1217
888,888,2026-04-13 01:30:00,A,1083
889,889,2024-06-13 11:26:00,A,1142
890,890,2025-02-21 17:29:00,C,1016
891,891,2024-03-05 09:07:00,A,1187
892,892,2026-04-30 18:04:00,C,1165
893,893,2025-10-04 11:39:00,A,1160
894,894,2025-08-11 14:01:00,B,1088
895,895,2025-07-16 03:20:00,B,1004
896,896,2025-09-08 20:05:00,A,1156
897,897,2024-08-08 04:25:00,C,1111
898,898,2026-06-19 08:17:00,C,1078
899,899,2026-01-23 20:46:00,A,1143
900,900,2025-10-14 00:55:00,C,1146
901,901,2026-04-04 02:35:00,C,1120
902,902,2024-04-25 20:44:00,A,1045
903,903,2024-05-21 15:47:00,C,1052
904,904,2025-05-09 22:58:00,A,1139
905,905,2024-08-12 22:49:00,A,1271
906,906,2024-10-29 23:51:00,C,1215
907,907,2025-12-02 07:24:00,A,1034
908,908,2026-02-17 19:38:00,A,1122
909,909,2026-01-26 10:30:00,A,1233
910,910,2025-02-21 20:16:00,A,1094
911,911,2024-08-16 15:48:00,C,1104
912,912,2024-10-04 09:47:00,A,1017
913,913,2026-02-11 16:51:00,A,1244
914,914,2024-06-28 16:08:00,C,1020
915,915,2024-07-29 16:21:00,C,1222
916,916,2026-01-06 10:11:00,A,1228
917,917,2025-08-11 13:28:00,A,1073
918,918,2024-10-29 08:08:00,B,1261
919,919,2025-12-13 02:14:00,C,1270
920,920,2024-11-19 05:28:00,A,1188
921,921,2024-10-31 20:42:00,A,1033
922,922,2025-02-04 03:59:00,C,1049
923,923,2024-11-21 22:50:00,A,1044
924,924,2025-07-27 09:25:00,A,1118
925,925,2025-06-17 09:00:00,B,1132
926,926,2026-01-21 15:22:00,B,1212
927,927,2024-06-01 12:04:00,A,1205
928,928,2025-10-06 04:41:00,A,1112
929,929,2025-07-19 12:04:00,C,1067
930,930,2024-08-02 22:27:00,A,1069
931,931,2026-09-17 06:03:00,C,1006
932,932,2024-12-15 17:36:00,A,1221
933,933,2026-07-04 09:28:00,C,1200
934,934,2024-07-23 02:51:00,A,1211
935,935,2024-07-03 23:09:00,A,1199
936,936,2025-05-07 18:01:00,A,1055
937,937,2026-03-22 07:02:00,C,1007
938,938,2025-03-04 01:30:00,A,1095
939,939,2024-10-21 03:47:00,B,1164
940,940,2025-03-12 04:08:00,A,1146
941,941,2024-10-07 08:52:00,A,1150
942,942,2025-07-19 00:16:00,A,1020
943,943,2024-09-18 21:24:00,A,1108
944,944,2026-02-02 03:53:00,A,1135
945,945,2025-10-26 04:05:00,A,1132
946,946,2025-08-17 15:29:00,A,1177
947,947,2024-08-04 14:55:00,A,1080
948,948,2026-01-06 02:24:00,A,1114
949,949,2025-07-17 07:07:00,A,1215
950,950,2024-09-23 22:12:00,A,1135
951,951,2026-01-03 02:00:00,B,1246
952,952,2026-01-16 17:51:00,C,1023
953,953,2026-01-06 17:55:00,A,1027
954,954,2025-10-05 05:30:00,A,1011
955,955,2024-09-30 05:11:00,A,1106
956,956,2026-08-17 12:52:00,A,1264
957,957,2026-08-02 14:35:00,C,1021
958,958,2026-07-03 00:52:00,A,1010
959,959,2024-10-11 04:07:00,A,1196
960,960,2026-01-02 02:56:00,A,1263
961,961,2024-12-09 08:59:00,B,1058
962,962,2025-02-19 13:38:00,C,1228
963,963,2024-08-31 20:47:00,B,1213
964,964,2024-03-27 11:49:00,A,1188
965,965,2026-09-28 00:59:00,A,1182
966,966,2026-06-06 22:05:00,C,1012
967,967,2024-09-09 00:18:00,A,1086
968,968,2025-03-01 01:44:00,A,1085
969,969,2025-12-25 23:19:00,C,1142
970,970,2024-06-20 05:34:00,A,1117
971,971,2025-09-21 06:43:00,C,1067
972,972,2025-06-14 04:23:00,A,1233
973,973,2024-10-02 12:56:00,C,1250
974,974,2026-05-15 00:02:00,A,1092
975,975,2026-04-08 02:46:00,A,1056
976,976,2024-07-24 15:12:00,A,1123
977,977,2025-04-26 08:00:00,A,1117
978,978,2024-12-17 12:09:00,A,1033
979,979,2025-04-20 11:48:00,A,1230
980,980,2025-09-25 05:53:00,C,1048
981,981,2025-01-03 03:41:00,A,1171
982,982,2024-05-17 17:42:00,C,1112
983,983,2025-06-28 14:25:00,C,1053
984,984,2025-04-10 04:51:00,B,1022
985,985,2025-06-28 05:31:00,A,1179
986,986,2025-10-28 22:12:00,A,1118
987,987,2025-02-09 12:23:00,A,1224
988,988,2024-11-11 16:41:00,A,1139
989,989,2025-03-21 08:24:00,C,1034
990,990,2024-03-03 12:54:00,B,1107
991,991,2026-08-19 13:18:00,C,1086
992,992,2025-04-15 10:58:00,C,1183
993,993,2025-12-15 11:31:00,A,1006
994,994,2026-02-17 08:11:00,C,1056
995,995,2024-08-16 05:57:00,A,1186
996,996,2025-01-05 10:50:00,A,1148
997,997,2024-12-24 02:27:00,A,1202
998,998,2024-04-27 00:43:00,C,1091
999,999,2026-04-07 10:35:00,C,1041
1000,1000,2024-03-28 12:54:00,C,1193
1001,1001,2026-03-15 00:17:00,C,1181
1002,1002,2025-03-13 10:46:00,C,1101
1003,1003,2026-03-31 14:54:00,C,1105
1004,1004,2024-09-20 18:06:00,B,1044
1005,1005,2026-08-07 12:13:00,C,1033
1006,1006,2025-04-02 18:47:00,A,1193
1007,1007,2026-01-06 02:05:00,B,1256
1008,1008,2024-11-10 18:40:00,C,1097
1009,1009,2024-05-05 07:03:00,C,1112
1010,1010,2026-04-26 03:47:00,A,1251
1011,1011,2026-03-27 10:36:00,B,1150
1012,1012,2024-07-09 12:28:00,C,1218
1013,1013,2025-06-15 17:38:00,A,1014
1014,1014,2025-10-21 07:40:00,A,1083
1015,1015,2024-11-27 05:09:00,A,1159
1016,1016,2025-07-27 14:21:00,A,1143
1017,1017,2025-07-19 12:24:00,B,1180
1018,1018,2024-04-11 10:48:00,A,1103
1019,1019,2026-01-14 16:27:00,A,1229
1020,1020,2025-11-08 19:25:00,C,1187
1021,1021,2026-02-21 09:10:00,A,1107
1022,1022,2024-03-11 11:08:00,A,1184
1023,1023,2024-06-19 21:39:00,A,1081
1024,1024,2024-05-31 18:48:00,A,1058
1025,1025,2024-09-08 06:03:00,A,1151
1026,1026,2024-12-18 06:08:00,A,1103
1027,1027,2025-12-05 17:29:00,C,1142
1028,1028,2025-02-23 06:30:00,C,1112
1029,1029,2024-03-30 22:49:00,A,1251
1030,1030,2025-12-23 20:20:00,A,1122
1031,1031,2025-08-26 06:29:00,A,1076
1032,1032,2026-01-19 22:11:00,A,1070
1033,1033,2025-05-12 03:37:00,C,1242
1034,1034,2025-10-20 20:19:00,A,1141
1035,1035,2024-12-09 01:55:00,C,1055
1036,1036,2025-09-12 16:23:00,A,1267
1037,1037,2026-02-03 05:34:00,A,1135
1038,1038,2025-11-24 20:12:00,A,1232
1039,1039,2025-05-07 06:13:00,C,1007
1040,1040,2024-08-05 19:03:00,A,1006
1041,1041,2024-06-22 22:08:00,A,1126
1042,1042,2026-10-15 05:53:00,C,1035
1043,1043,2025-05-14 00:58:00,A,1001
1044,1044,2025-06-03 08:09:00,A,1190
1045,1045,2026-10-13 12:18:00,A,1146
1046,1046,2026-07-04 01:23:00,A,1161
1047,1047,2025-02-13 01:58:00,B,1029
1048,1048,2025-02-12 03:48:00,A,1133
1049,1049,2025-05-03 20:38:00,A,1167
1050,1050,2024-11-24 12:19:00,C,1213
1051,1051,2026-05-25 08:47:00,B,1165
1052,1052,2025-03-21 03:47:00,A,1014
1053,1053,2024-06-05 08:15:00,C,1095
1054,1054,2024-02-13 02:00:00,C,1190
1055,1055,2024-07-06 00:11:00,C,1057
1056,1056,2026-03-23 02:48:00,A,1148
1057,1057,2026-05-02 10:38:00,A,1153
1058,1058,2026-01-25 20:01:00,A,1231
1059,1059,2025-07-15 10:28:00,A,1014
1060,1060,2024-06-03 15:30:00,C,1207
1061,1061,2024-12-11 03:42:00,B,1204
1062,1062,2024-12-13 07:22:00,C,1137
1063,1063,2026-02-15 02:57:00,C,1273
1064,1064,2025-08-17 09:35:00,A,1053
1065,1065,2026-07-29 16:13:00,A,1138
1066,1066,2026-02-27 03:11:00,C,1198
1067,1067,2026-09-13 06:23:00,C,1090
1068,1068,2025-01-10 17:47:00,A,1211
1069,1069,2025-05-04 07:22:00,B,1212
1070,1070,2025-07-22 13:10:00,A,1273
1071,1071,2024-09-27 04:14:00,A,1111
1072,1072,2025-01-27 04:40:00,A,1045
1073,1073,2025-12-09 16:03:00,B,1213
1074,1074,2025-06-05 23:50:00,B,1219
1075,1075,2024-04-16 11:35:00,A,1246
1076,1076,2025-09-19 20:09:00,A,1111
1077,1077,2025-02-15 15:05:00,B,1081
1078,1078,2025-03-14 07:56:00,A,1104
1079,1079,2026-01-01 01:20:00,A,1063
1080,1080,2024-11-29 05:11:00,B,1236
1081,1081,2026-03-20 02:44:00,B,1155
1082,1082,2026-05-18 14:07:00,C,1014
1083,1083,2026-01-23 12:06:00,A,1147
1084,1084,2026-02-12 23:23:00,C,1189
1085,1085,2024-12-24 14:59:00,A,1198
1086,1086,2026-03-31 10:24:00,B,1005
1087,1087,2025-04-03 15:11:00,A,1000
1088,1088,2026-08-28 00:24:00,A,1211
1089,1089,2025-04-25 01:25:00,A,1251
1090,1090,2026-04-09 02:08:00,C,1256
1091,1091,2026-06-26 23:38:00,A,1045
1092,1092,2026-01-15 17:45:00,C,1202
1093,1093,2026-04-11 20:32:00,A,1054
1094,1094,2025-10-10 17:06:00,C,1114
1095,1095,2026-07-27 21:53:00,C,1002
1096,1096,2024-10-13 15:08:00,C,1062
1097,1097,2025-07-19 02:20:00,A,1107
1098,1098,2025-12-19 03:40:00,A,1144
1099,1099,2025-02-27 09:02:00,C,1270
1100,1100,2025-07-03 10:56:00,A,1174
1101,1101,2024-05-21 09:32:00,C,1089
1102,1102,2026-03-09 08:19:00,A,1187
1103,1103,2025-12-05 05:48:00,C,1127
1104,1104,2025-01-26 18:28:00,A,1074
1105,1105,2026-02-15 16:30:00,B,1114
1106,1106,2024-06-30 18:49:00,A,1194
1107,1107,2024-09-27 08:26:00,C,1087
1108,1108,2024-11-30 02:54:00,B,1145
1109,1109,2025-03-14 08:15:00,C,1083
1110,1110,2026-05-20 07:50:00,A,1194
1111,1111,2024-06-28 13:49:00,B,1086
1112,1112,2026-04-15 08:31:00,C,1002
1113,1113,2024-06-23 04:26:00,C,1027
1114,1114,2024-04-07 06:53:00,A,1013
1115,1115,2026-08-22 20:07:00,B,1036
1116,1116,2025-01-26 19:38:00,A,1054
1117,1117,2025-04-30 11:08:00,A,1100
1118,1118,2025-10-31 18:14:00,C,1092
1119,1119,2024-10-13 15:55:00,C,1119
1120,1120,2024-06-06 23:55:00,C,1232
1121,1121,2024-03-17 06:34:00,C,1251
1122,1122,2026-08-29 19:12:00,A,1130
1123,1123,2026-02-23 20:19:00,C,1232
1124,1124,2025-04-30 13:52:00,C,1028
1125,1125,2024-11-30 11:44:00,A,1245
1126,1126,2026-01-22 03:10:00,B,1178
1127,1127,2025-07-01 11:41:00,A,1241
1128,1128,2024-07-30 03:41:00,A,1265
1129,1129,2025-07-23 11:47:00,A,1097
1130,1130,2024-06-30 18:05:00,A,1128
1131,1131,2024-10-31 06:24:00,A,1054
1132,1132,2024-06-17 19:48:00,C,1008
1133,1133,2025-11-25 04:46:00,C,1038
1134,1134,2025-06-19 11:39:00,B,1213
1135,1135,2026-09-14 09:19:00,A,1065
1136,1136,2026-07-08 16:31:00,A,1271
1137,1137,2026-03-06 13:08:00,A,1016
1138,1138,2025-01-13 02:14:00,C,1218
1139,1139,2026-03-23 00:05:00,C,1243
1140,1140,2024-06-29 21:08:00,A,1047
1141,1141,2025-08-06 03:55:00,A,1196
1142,1142,2025-12-07 21:26:00,C,1148
1143,1143,2024-07-01 03:17:00,A,1043
1144,1144,2026-01-29 17:38:00,A,1050
1145,1145,2025-07-07 03:45:00,C,1120
1146,1146,2026-06-23 03:34:00,C,1015
1147,1147,2024-09-24 01:05:00,A,1073
1148,1148,2024-10-13 00:44:00,A,1121
1149,1149,2026-10-22 00:13:00,C,1028
1150,1150,2025-11-19 05:48:00,C,1196
1151,1151,2024-08-06 17:32:00,B,1136
1152,1152,2026-07-31 11:44:00,B,1224
1153,1153,2024-05-29 19:43:00,A,1173
1154,1154,2025-08-18 11:35:00,C,1101
1155,1155,2025-02-18 23:35:00,C,1213
1156,1156,2025-11-21 16:48:00,C,1270
1157,1157,2024-10-19 03:16:00,C,1072
1158,1158,2025-11-14 10:34:00,C,1117
1159,1159,2024-08-16 21:47:00,C,1241
1160,1160,2025-10-12 02:48:00,C,1197
1161,1161,2025-06-04 06:08:00,C,1148
1162,1162,2025-03-20 11:37:00,B,1102
1163,1163,2025-06-20 18:04:00,C,1079
1164,1164,2025-09-13 17:53:00,C,1101
1165,1165,2024-11-16 14:51:00,A,1163
1166,1166,2024-07-09 03:03:00,C,1195
1167,1167,2025-11-01 16:02:00,C,1178
1168,1168,2025-03-15 21:58:00,C,1018
1169,1169,2025-01-15 04:43:00,B,1273
1170,1170,2025-01-21 07:24:00,C,1082
1171,1171,2024-07-18 20:57:00,A,1044
1172,1172,2024-12-27 13:42:00,C,1200
1173,1173,2025-05-01 14:54:00,C,1220
1174,1174,2026-08-28 19:23:00,C,1080
1175,1175,2024-07-25 05:50:00,A,1171
1176,1176,2026-07-02 11:48:00,C,1097
1177,1177,2024-09-18 15:12:00,A,1113
1178,1178,2024-04-13 17:26:00,C,1067
1179,1179,2024-04-30 14:20:00,C,1202
1180,1180,2024-08-14 00:33:00,C,1246
1181,1181,2025-09-19 11:56:00,A,1188
1182,1182,2025-03-08 10:38:00,C,1255
1183,1183,2025-12-02 03:32:00,A,1102
1184,1184,2026-08-29 12:14:00,A,1128
1185,1185,2025-05-20 23:15:00,A,1086
1186,1186,2025-08-04 14:12:00,A,1127
1187,1187,2024-11-07 11:58:00,C,1180
1188,1188,2024-06-18 09:41:00,C,1240
1189,1189,2026-06-30 17:49:00,A,1129
1190,1190,2026-06-04 23:27:00,C,1163
1191,1191,2024-05-07 02:02:00,C,1006
1192,1192,2024-05-12 19:06:00,C,1244
1193,1193,2024-04-02 18:00:00,C,1010
1194,1194,2025-05-07 22:03:00,A,1013
1195,1195,2025-07-06 23:08:00,A,1089
1196,1196,2026-02-06 12:00:00,C,1168
1197,1197,2025-03-13 12:42:00,C,1122
1198,1198,2024-10-30 11:25:00,C,1127
1199,1199,2025-08-23 15:30:00,C,1054
1200,1200,2025-07-31 08:06:00,A,1007
1201,1201,2024-12-29 03:51:00,C,1164
1202,1202,2026-04-07 18:05:00,A,1130
1203,1203,2026-09-02 09:57:00,A,1138
1204,1204,2026-07-27 11:39:00,C,1164
1205,1205,2026-03-30 18:52:00,C,1089
1206,1206,2026-07-09 18:22:00,C,1150
1207,1207,2026-07-06 00:22:00,A,1020
1208,1208,2025-02-19 15:06:00,A,1020
1209,1209,2024-10-18 19:17:00,A,1123
1210,1210,2025-04-22 09:54:00,C,1203
1211,1211,2024-08-13 09:06:00,C,1041
1212,1212,2024-07-17 02:27:00,C,1023
1213,1213,2024-08-08 20:47:00,A,1132
1214,1214,2025-09-13 05:13:00,C,1218
1215,1215,2025-11-25 15:52:00,C,1142
1216,1216,2025-01-09 07:11:00,A,1268
1217,1217,2024-07-10 01:00:00,A,1236
1218,1218,2025-05-29 16:27:00,C,1124
1219,1219,2025-07-29 07:13:00,C,1238
1220,1220,2025-08-30 13:31:00,C,1144
1221,1221,2025-06-15 15:36:00,A,1015
1222,1222,2024-04-04 03:02:00,C,1227
1223,1223,2025-04-12 07:04:00,C,1160
1224,1224,2025-02-23 17:03:00,A,1140
1225,1225,2026-08-01 15:48:00,A,1049
1226,1226,2026-09-06 21:56:00,A,1177
1227,1227,2024-07-31 21:09:00,C,1241
1228,1228,2025-01-10 01:01:00,C,1259
1229,1229,2025-10-23 09:10:00,C,1186
1230,1230,2025-11-26 21:51:00,A,1110
1231,1231,2026-03-10 18:29:00,A,1203
1232,1232,2025-04-14 11:51:00,B,1147
1233,1233,2025-06-23 12:14:00,C,1002
1234,1234,2025-11-05 02:10:00,C,1168
1235,1235,2025-07-29 16:50:00,A,1080
1236,1236,2026-04-26 08:52:00,A,1208
1237,1237,2025-04-17 08:23:00,A,1035
1238,1238,2025-03-08 10:35:00,C,1023
1239,1239,2026-05-21 10:20:00,A,1155
1240,1240,2025-08-03 07:33:00,A,1025
1241,1241,2024-03-27 02:24:00,C,1038
1242,1242,2025-08-18 13:16:00,B,1213
1243,1243,2025-02-13 03:20:00,C,1171
1244,1244,2024-10-02 01:46:00,A,1254
1245,1245,2026-04-13 10:16:00,C,1064
1246,1246,2025-07-21 07:08:00,C,1208
1247,1247,2026-05-10 23:11:00,B,1040
1248,1248,2026-06-20 03:26:00,C,1173
1249,1249,2026-08-11 00:44:00,A,1191
1250,1250,2025-12-30 10:22:00,A,1182
1251,1251,2026-02-03 22:21:00,A,1050
1252,1252,2026-03-05 23:33:00,A,1246
1253,1253,2026-01-16 22:10:00,B,1092
1254,1254,2026-06-06 20:18:00,A,1149
1255,1255,2024-08-04 12:19:00,C,1189
1256,1256,2024-09-19 07:45:00,C,1264
1257,1257,2025-02-07 21:17:00,A,1161
1258,1258,2024-07-14 15:13:00,C,1022
1259,1259,2024-12-02 17:57:00,C,1085
1260,1260,2024-10-17 14:16:00,C,1058
1261,1261,2026-04-30 00:28:00,C,1045
1262,1262,2024-11-01 00:23:00,A,1041
1263,1263,2025-06-11 20:05:00,C,1159
1264,1264,2024-08-30 14:10:00,B,1025
1265,1265,2025-07-16 07:53:00,B,1236
1266,1266,2025-06-22 09:16:00,C,1018
1267,1267,2026-04-27 04:05:00,A,1122
1268,1268,2025-04-27 00:32:00,C,1033
1269,1269,2026-04-21 04:38:00,A,1052
1270,1270,2024-12-04 21:41:00,A,1177
1271,1271,2025-04-09 08:38:00,B,1156
1272,1272,2025-05-25 00:38:00,A,1258
1273,1273,2024-10-06 06:09:00,A,1215
1274,1274,2025-03-19 07:22:00,B,1009
1275,1275,2024-05-16 02:12:00,C,1249
1276,1276,2026-05-29 15:45:00,A,1058
1277,1277,2025-07-12 01:35:00,C,1072
1278,1278,2026-01-25 05:23:00,A,1263
1279,1279,2024-04-24 01:41:00,A,1213
1280,1280,2026-02-12 17:11:00,A,1197
1281,1281,2025-07-20 06:28:00,C,1212
1282,1282,2024-09-11 07:59:00,A,1090
1283,1283,2025-07-04 21:02:00,C,1185
1284,1284,2025-03-19 06:31:00,A,1000
1285,1285,2026-01-28 23:23:00,A,1184
1286,1286,2026-04-10 04:46:00,C,1267
1287,1287,2025-05-05 16:30:00,C,1255
1288,1288,2024-11-16 14:24:00,C,1151
1289,1289,2024-12-16 03:58:00,C,1267
1290,1290,2024-06-02 19:00:00,A,1177
1291,1291,2025-11-30 10:13:00,C,1142
1292,1292,2025-12-18 04:15:00,C,1122
1293,1293,2026-03-19 03:55:00,C,1116
1294,1294,2026-03-22 07:21:00,A,1126
1295,1295,2024-09-13 08:26:00,A,1164
1296,1296,2026-01-03 04:47:00,A,1128
1297,1297,2025-04-27 15:04:00,A,1061
1298,1298,2025-11-08 13:25:00,A,1191
1299,1299,2024-12-30 04:24:00,A,1103
1300,1300,2024-11-24 19:11:00,C,1176
1301,1301,2024-05-20 06:15:00,A,1260
1302,1302,2025-12-13 04:34:00,A,1264
1303,1303,2025-07-05 00:01:00,A,1019
1304,1304,2024-12-10 11:51:00,A,1242
1305,1305,2026-05-24 03:57:00,C,1037
1306,1306,2024-04-28 09:22:00,C,1001
1307,1307,2026-01-10 02:27:00,C,1105
1308,1308,2025-02-13 20:23:00,A,1172
1309,1309,2025-05-28 18:25:00,A,1234
1310,1310,2025-09-11 05:52:00,C,1010
1311,1311,2025-09-24 14:55:00,A,1165
1312,1312,2025-07-06 02:12:00,A,1103
1313,1313,2025-10-29 09:51:00,A,1142
1314,1314,2025-10-18 08:19:00,A,1027
1315,1315,2025-09-06 01:17:00,C,1160
1316,1316,2024-05-29 14:12:00,B,1246
1317,1317,2026-03-31 22:08:00,A,1137
1318,1318,2024-04-17 04:50:00,C,1086
1319,1319,2026-01-12 09:29:00,A,1137
1320,1320,2026-02-07 05:56:00,C,1032
1321,1321,2026-07-20 04:52:00,C,1272
1322,1322,2025-05-19 13:17:00,C,1067
1323,1323,2024-12-29 18:50:00,A,1084
1324,1324,2026-04-10 05:10:00,C,1226
1325,1325,2025-08-29 20:48:00,A,1101
1326,1326,2024-08-20 10:06:00,C,1024
1327,1327,2025-11-19 02:52:00,C,1029
1328,1328,2025-05-31 10:01:00,A,1002
1329,1329,2024-04-30 01:24:00,C,1066
1330,1330,2025-06-29 21:15:00,A,1272
1331,1331,2025-12-22 12:56:00,A,1247
1332,1332,2024-04-10 21:54:00,A,1107
1333,1333,2025-10-28 15:50:00,C,1118
1334,1334,2024-05-22 04:36:00,B,1037
1335,1335,2024-10-24 10:29:00,A,1197
1336,1336,2025-03-02 07:49:00,A,1176
1337,1337,2024-05-11 11:53:00,C,1270
1338,1338,2026-03-18 21:29:00,A,1120
1339,1339,2024-11-16 02:50:00,A,1136
1340,1340,2025-09-22 21:48:00,A,1232
1341,1341,2024-12-07 09:14:00,B,1146
1342,1342,2025-12-18 03:41:00,A,1004
1343,1343,2024-12-15 15:31:00,B,1151
1344,1344,2025-01-27 18:11:00,C,1099
1345,1345,2026-09-18 02:04:00,C,1034
1346,1346,2025-09-08 17:19:00,B,1268
1347,1347,2025-02-23 00:01:00,C,1237
1348,1348,2026-06-04 00:19:00,B,1094
1349,1349,2025-02-24 23:48:00,A,1078
1350,1350,2025-01-16 01:17:00,C,1225
1351,1351,2025-11-21 09:05:00,B,1221
1352,1352,2026-07-13 04:23:00,A,1089
1353,1353,2024-11-19 00:00:00,A,1267
1354,1354,2025-11-15 07:39:00,A,1001
1355,1355,2025-10-02 15:45:00,B,1041
1356,1356,2024-04-24 11:58:00,C,1017
1357,1357,2026-03-08 12:48:00,C,1238
1358,1358,2024-08-18 11:29:00,A,1092
1359,1359,2026-01-06 02:46:00,A,1198
1360,1360,2024-03-14 07:23:00,C,1183
1361,1361,2025-07-16 16:37:00,B,1147
1362,1362,2025-09-24 17:40:00,C,1031
1363,1363,2025-10-22 05:48:00,C,1001
1364,1364,2024-12-15 00:08:00,C,1119
1365,1365,2025-05-03 13:31:00,C,1125
1366,1366,2024-04-27 10:47:00,C,1257
1367,1367,2025-06-27 09:11:00,C,1087
1368,1368,2025-11-12 08:14:00,C,1119
1369,1369,2025-03-21 21:30:00,A,1155
1370,1370,2026-01-16 22:29:00,C,1210
1371,1371,2024-03-15 08:20:00,B,1220
1372,1372,2026-05-04 18:02:00,C,1205
1373,1373,2025-01-10 11:32:00,A,1004
1374,1374,2025-12-28 08:03:00,A,1043
1375,1375,2025-06-21 06:49:00,A,1067
1376,1376,2026-09-24 05:30:00,C,1255
1377,1377,2025-01-15 05:02:00,B,1208
1378,1378,2026-01-19 12:50:00,B,1076
1379,1379,2026-02-08 22:09:00,C,1027
1380,1380,2026-01-25 14:50:00,A,1205
1381,1381,2025-08-29 10:48:00,A,1174
1382,1382,2026-07-05 19:22:00,C,1006
1383,1383,2024-12-19 06:00:00,A,1173
1384,1384,2024-03-28 16:37:00,A,1132
1385,1385,2025-01-01 05:09:00,C,1266
1386,1386,2024-10-21 14:18:00,C,1137
1387,1387,2025-03-19 19:32:00,C,1150
1388,1388,2025-03-15 20:21:00,A,1249
1389,1389,2026-01-09 19:02:00,A,1111
1390,1390,2026-05-21 18:24:00,C,1114
1391,1391,2026-02-15 21:33:00,A,1139
1392,1392,2025-08-07 20:02:00,C,1163
1393,1393,2024-10-21 18:30:00,A,1135
1394,1394,2025-06-26 21:16:00,C,1228
1395,1395,2026-05-22 16:18:00,A,1114
1396,1396,2025-03-11 17:25:00,C,1005
1397,1397,2025-05-16 16:54:00,C,1132
1398,1398,2025-05-11 21:06:00,A,1193
1399,1399,2026-08-05 09:07:00,A,1237
1400,1400,2026-01-09 01:22:00,A,1035
1401,1401,2026-07-06 06:21:00,A,1152
1402,1402,2024-06-27 21:21:00,C,1272
1403,1403,2026-06-27 22:55:00,A,1206
1404,1404,2026-05-08 15:05:00,C,1245
1405,1405,2024-12-01 16:27:00,A,1102
1406,1406,2025-11-18 06:47:00,C,1194
1407,1407,2025-11-19 09:56:00,C,1136
1408,1408,2024-10-15 03:50:00,C,1182
1409,1409,2025-04-29 11:36:00,A,1258
1410,1410,2025-08-04 19:50:00,A,1181
1411,1411,2024-05-03 05:03:00,C,1098
1412,1412,2024-07-03 11:53:00,A,1170
1413,1413,2026-05-17 03:08:00,A,1214
1414,1414,2024-05-01 12:15:00,A,1138
1415,1415,2024-04-02 19:37:00,A,1217
1416,1416,2025-11-28 03:10:00,B,1016
1417,1417,2024-11-24 06:00:00,A,1070
1418,1418,2026-03-11 11:27:00,C,1206
1419,1419,2025-12-20 15:40:00,A,1043
1420,1420,2026-07-02 06:37:00,A,1205
1421,1421,2025-11-21 01:31:00,A,1079
1422,1422,2025-09-25 12:50:00,C,1147
1423,1423,2026-08-04 03:06:00,A,1031
1424,1424,2024-08-14 14:30:00,A,1083
1425,1425,2024-04-19 11:08:00,A,1236
1426,1426,2025-05-04 11:53:00,C,1266
1427,1427,2026-05-24 01:10:00,A,1063
1428,1428,2025-09-12 11:57:00,A,1204
1429,1429,2024-10-07 07:59:00,B,1123
1430,1430,2025-03-06 23:19:00,A,1017
1431,1431,2026-01-21 04:26:00,A,1166
1432,1432,2024-05-23 02:32:00,A,1126
1433,1433,2026-08-10 14:27:00,A,1212
1434,1434,2026-02-05 00:42:00,C,1230
1435,1435,2026-05-09 13:39:00,A,1213
1436,1436,2026-04-16 00:21:00,C,1052
1437,1437,2024-07-21 04:42:00,A,1174
1438,1438,2025-06-16 20:12:00,C,1234
1439,1439,2024-10-04 03:17:00,C,1079
1440,1440,2024-08-28 07:06:00,C,1090
1441,1441,2026-03-10 18:05:00,C,1178
1442,1442,2025-07-29 01:34:00,B,1060
1443,1443,2024-05-30 23:13:00,C,1231
1444,1444,2024-09-30 11:11:00,A,1054
1445,1445,2024-12-16 16:28:00,C,1238
1446,1446,2025-02-03 08:48:00,A,1107
1447,1447,2025-07-13 11:45:00,C,1039
1448,1448,2026-02-17 14:33:00,C,1104
1449,1449,2025-06-24 19:09:00,A,1128
1450,1450,2026-04-13 17:22:00,C,1032
1451,1451,2024-08-22 01:44:00,A,1246
1452,1452,2026-04-22 05:35:00,B,1021
1453,1453,2025-01-02 19:43:00,C,1096
1454,1454,2026-09-01 04:36:00,C,1149
1455,1455,2025-11-05 09:03:00,A,1266
1456,1456,2026-08-11 10:48:00,A,1093
1457,1457,2024-02-07 11:43:00,A,1106
1458,1458,2026-06-02 15:20:00,C,1081
1459,1459,2026-08-25 14:13:00,A,1155
1460,1460,2026-05-09 03:22:00,B,1237
1461,1461,2025-06-04 17:24:00,C,1190
1462,1462,2024-08-23 20:11:00,A,1165
1463,1463,2026-04-18 04:20:00,A,1242
1464,1464,2024-11-13 23:54:00,A,1137
1465,1465,2026-05-18 07:56:00,B,1024
1466,1466,2024-08-03 18:16:00,C,1212
1467,1467,2024-03-04 20:10:00,C,1177
1468,1468,2025-08-19 23:05:00,C,1238
1469,1469,2024-09-27 07:11:00,A,1130
1470,1470,2024-06-12 15:48:00,A,1174
1471,1471,2024-08-28 13:03:00,A,1084
1472,1472,2024-07-25 19:15:00,C,1131
1473,1473,2025-07-14 14:50:00,C,1215
1474,1474,2026-03-02 18:19:00,A,1255
1475,1475,2024-12-01 15:10:00,A,1074
1476,1476,2025-12-21 20:35:00,C,1091
1477,1477,2026-04-12 03:05:00,B,1163
1478,1478,2026-07-01 11:52:00,C,1087
1479,1479,2025-12-12 07:37:00,A,1196
1480,1480,2026-09-08 00:03:00,A,1188
1481,1481,2026-04-23 05:34:00,A,1068
1482,1482,2024-04-30 17:50:00,A,1192
1483,1483,2024-09-21 12:28:00,A,1225
1484,1484,2024-04-26 21:17:00,A,1120
1485,1485,2026-07-25 23:29:00,C,1133
1486,1486,2026-04-09 15:13:00,A,1092
1487,1487,2024-04-27 13:45:00,C,1162
1488,1488,2026-02-09 03:01:00,A,1113
1489,1489,2024-06-30 01:16:00,A,1176
1490,1490,2024-06-14 12:40:00,C,1010
1491,1491,2024-05-29 12:48:00,C,1056
1492,1492,2026-04-29 22:58:00,C,1199
1493,1493,2025-11-20 23:00:00,C,1257
1494,1494,2024-02-10 13:06:00,C,1153
1495,1495,2026-02-20 09:54:00,C,1155
1496,1496,2025-07-05 09:37:00,A,1255
1497,1497,2024-11-04 18:26:00,A,1213
1498,1498,2026-07-19 14:29:00,C,1194
1499,1499,2024-03-07 21:49:00,A,1015
1500,1500,2024-06-29 23:41:00,A,1158
1501,1501,2025-12-18 09:01:00,C,1160
1502,1502,2025-10-06 00:51:00,C,1062
1503,1503,2024-11-04 00:47:00,C,1173
1504,1504,2025-03-18 08:13:00,A,1059
1505,1505,2025-03-14 18:35:00,A,1142
1506,1506,2026-02-07 05:39:00,A,1225
1507,1507,2024-10-07 11:49:00,C,1005
1508,1508,2024-04-28 05:44:00,C,1237
1509,1509,2026-08-17 11:32:00,A,1028
1510,1510,2026-01-26 17:27:00,A,1092
1511,1511,2025-05-10 04:13:00,B,1273
1512,1512,2026-03-13 13:43:00,C,1223
1513,1513,2025-10-31 17:07:00,A,1065
1514,1514,2025-10-11 00:12:00,A,1258
1515,1515,2024-06-24 06:57:00,A,1027
1516,1516,2026-07-11 23:59:00,C,1215
1517,1517,2026-07-18 14:02:00,C,1261
1518,1518,2025-04-28 16:57:00,A,1244
1519,1519,2024-08-26 18:42:00,B,1116
1520,1520,2025-10-22 20:30:00,A,1267
1521,1521,2026-04-11 11:54:00,A,1021
1522,1522,2026-05-07 15:13:00,A,1245
1523,1523,2024-06-28 08:21:00,C,1199
1524,1524,2025-04-10 02:59:00,C,1099
1525,1525,2026-05-17 13:47:00,A,1174
1526,1526,2024-10-19 16:35:00,C,1146
1527,1527,2024-07-26 17:08:00,A,1143
1528,1528,2026-07-12 02:32:00,A,1244
1529,1529,2025-02-07 15:07:00,C,1184
1530,1530,2024-06-17 03:25:00,A,1246
1531,1531,2024-04-18 02:27:00,A,1055
1532,1532,2025-07-24 06:16:00,A,1004
1533,1533,2025-02-26 22:14:00,C,1082
1534,1534,2025-05-20 14:47:00,A,1222
1535,1535,2026-07-18 08:55:00,A,1191
1536,1536,2026-02-09 19:00:00,C,1012
1537,1537,2024-09-11 09:36:00,C,1054
1538,1538,2024-12-06 00:38:00,C,1271
1539,1539,2025-10-26 22:55:00,A,1178
1540,1540,2024-07-03 23:53:00,B,1157
1541,1541,2025-06-28 05:12:00,C,1158
1542,1542,2025-04-30 04:02:00,C,1138
1543,1543,2026-06-10 17:56:00,B,1072
1544,1544,2025-12-21 23:02:00,A,1200
1545,1545,2024-06-11 08:12:00,A,1087
1546,1546,2025-12-11 16:07:00,A,1249
1547,1547,2025-03-03 01:37:00,C,1231
1548,1548,2026-08-07 10:01:00,A,1138
1549,1549,2025-08-08 23:06:00,C,1018
1550,1550,2025-07-18 14:54:00,A,1003
1551,1551,2024-12-06 19:08:00,C,1024
1552,1552,2024-05-31 20:55:00,A,1234
1553,1553,2025-05-30 17:45:00,A,1132
1554,1554,2024-10-28 07:17:00,C,1232
1555,1555,2025-04-10 06:41:00,C,1217
1556,1556,2026-06-10 01:11:00,C,1130
1557,1557,2026-05-14 09:52:00,A,1078
1558,1558,2025-02-23 03:02:00,A,1152
1559,1559,2024-06-12 19:56:00,C,1082
1560,1560,2025-06-20 04:38:00,C,1235
1561,1561,2025-08-13 19:33:00,C,1221
1562,1562,2026-02-04 00:16:00,C,1028
1563,1563,2024-10-09 07:16:00,B,1022
1564,1564,2026-03-10 15:30:00,C,1112
1565,1565,2024-11-08 10:40:00,A,1050
1566,1566,2025-10-22 06:37:00,C,1179
1567,1567,2024-10-04 15:12:00,A,1212
1568,1568,2024-07-28 22:41:00,A,1195
1569,1569,2024-10-04 13:56:00,A,1122
1570,1570,2025-02-28 16:02:00,A,1058
1571,1571,2024-10-31 02:16:00,C,1099
1572,1572,2024-06-19 05:36:00,A,1144
1573,1573,2026-03-13 15:39:00,A,1036
1574,1574,2024-03-27 22:09:00,A,1254
1575,1575,2024-07-21 03:49:00,A,1270
1576,1576,2026-03-10 07:33:00,A,1172
1577,1577,2025-12-17 04:48:00,C,1067
1578,1578,2024-09-05 06:26:00,C,1264
1579,1579,2026-04-23 11:49:00,A,1146
1580,1580,2025-09-21 10:54:00,A,1262
1581,1581,2024-09-06 13:10:00,C,1195
1582,1582,2024-06-19 00:28:00,A,1199
1583,1583,2026-08-27 09:32:00,A,1236
1584,1584,2024-07-01 22:01:00,A,1026
1585,1585,2025-05-31 19:29:00,A,1188
1586,1586,2026-04-27 22:58:00,C,1005
1587,1587,2025-09-16 04:36:00,C,1173
1588,1588,2025-11-24 16:39:00,A,1068
1589,1589,2026-02-28 16:36:00,C,1167
1590,1590,2024-12-27 01:05:00,B,1086
1591,1591,2026-07-02 02:59:00,C,1091
1592,1592,2026-05-22 01:36:00,C,1083
1593,1593,2025-03-26 10:01:00,C,1222
1594,1594,2024-10-11 23:01:00,A,1098
1595,1595,2024-12-23 08:26:00,C,1044
1596,1596,2024-09-09 11:42:00,B,1248
1597,1597,2025-07-24 20:26:00,C,1089
1598,1598,2025-04-19 12:05:00,A,1055
1599,1599,2026-02-15 16:11:00,A,1122
1600,1600,2024-04-07 14:46:00,C,1065
1601,1601,2025-01-13 21:38:00,B,1073
1602,1602,2026-08-07 17:09:00,C,1271
1603,1603,2024-07-25 00:05:00,A,1198
1604,1604,2025-06-20 09:18:00,C,1071
1605,1605,2025-09-09 04:04:00,C,1256
1606,1606,2024-03-24 04:26:00,A,1224
1607,1607,2025-12-01 07:51:00,A,1243
1608,1608,2026-05-26 08:11:00,A,1059
1609,1609,2026-06-27 06:56:00,C,1120
1610,1610,2026-07-01 07:18:00,A,1206
1611,1611,2024-09-13 23:19:00,C,1131
1612,1612,2024-11-30 11:45:00,B,1259
1613,1613,2025-01-06 17:02:00,A,1044
1614,1614,2025-03-13 04:41:00,C,1108
1615,1615,2024-06-19 17:12:00,C,1232
1616,1616,2024-05-01 12:18:00,C,1000
1617,1617,2026-06-04 05:55:00,B,1193
1618,1618,2024-12-19 22:43:00,A,1207
1619,1619,2026-06-16 15:32:00,C,1251
1620,1620,2024-04-27 16:19:00,A,1030
1621,1621,2024-05-22 03:42:00,C,1265
1622,1622,2026-08-27 12:59:00,C,1216
1623,1623,2025-04-07 08:54:00,B,1230
1624,1624,2024-08-02 02:41:00,C,1026
1625,1625,2024-05-18 15:13:00,A,1111
1626,1626,2025-11-02 14:19:00,C,1193
1627,1627,2024-04-07 04:38:00,A,1238
1628,1628,2024-10-06 08:35:00,B,1142
1629,1629,2024-09-15 01:44:00,A,1000
1630,1630,2025-06-05 01:40:00,A,1008
1631,1631,2024-07-06 11:09:00,C,1135
1632,1632,2025-11-07 02:47:00,C,1055
1633,1633,2024-11-20 15:07:00,A,1116
1634,1634,2026-01-14 17:01:00,C,1065
1635,1635,2025-07-31 02:54:00,C,1174
1636,1636,2024-12-03 08:05:00,A,1090
1637,1637,2025-06-22 23:59:00,C,1095
1638,1638,2025-04-25 08:22:00,A,1018
1639,1639,2025-10-26 06:00:00,A,1128
1640,1640,2024-12-10 23:49:00,B,1025
1641,1641,2024-05-30 10:49:00,A,1161
1642,1642,2026-01-09 05:59:00,C,1187
1643,1643,2025-02-24 22:34:00,C,1059
1644,1644,2025-08-02 16:14:00,A,1029
1645,1645,2024-06-27 03:37:00,A,1187
1646,1646,2025-12-08 04:05:00,C,1177
1647,1647,2025-12-03 09:28:00,C,1272
1648,1648,2025-05-12 03:06:00,C,1251
1649,1649,2024-10-01 05:28:00,A,1071
1650,1650,2024-10-27 17:54:00,C,1056
1651,1651,2026-02-12 08:54:00,A,1188
1652,1652,2026-07-26 10:36:00,A,1213
1653,1653,2024-06-14 09:53:00,B,1158
1654,1654,2025-01-20 02:11:00,C,1186
1655,1655,2024-06-04 23:00:00,A,1099
1656,1656,2025-05-23 10:06:00,A,1002
1657,1657,2026-06-23 22:39:00,C,1241
1658,1658,2024-03-18 07:49:00,A,1183
1659,1659,2025-09-02 15:55:00,C,1216
1660,1660,2025-06-19 11:46:00,B,1154
1661,1661,2025-07-06 12:14:00,A,1135
1662,1662,2026-01-02 03:29:00,B,1044
1663,1663,2024-04-01 23:02:00,A,1201
1664,1664,2024-11-03 03:02:00,A,1266
1665,1665,2026-02-17 20:09:00,C,1081
1666,1666,2024-08-31 15:42:00,C,1101
1667,1667,2024-12-14 04:13:00,C,1083
1668,1668,2025-03-07 00:52:00,A,1258
1669,1669,2026-09-19 21:27:00,C,1150
1670,1670,2026-06-18 14:01:00,C,1262
1671,1671,2025-12-10 06:02:00,C,1052
1672,1672,2024-05-12 21:21:00,A,1058
1673,1673,2026-02-15 07:13:00,A,1043
1674,1674,2025-12-18 13:56:00,A,1255
1675,1675,2024-10-23 19:39:00,C,1120
1676,1676,2025-03-17 08:35:00,A,1067
1677,1677,2024-12-04 07:40:00,C,1241
1678,1678,2024-07-30 13:10:00,A,1132
1679,1679,2024-09-15 00:46:00,A,1162
1680,1680,2025-09-09 00:58:00,C,1108
1681,1681,2024-11-30 12:47:00,C,1019
1682,1682,2025-11-11 06:29:00,C,1068
1683,1683,2024-08-13 17:20:00,C,1260
1684,1684,2024-09-09 22:43:00,C,1117
1685,1685,2026-07-06 14:01:00,C,1073
1686,1686,2024-09-13 05:49:00,A,1032
1687,1687,2025-08-02 21:08:00,A,1249
1688,1688,2024-08-12 01:28:00,A,1118
1689,1689,2026-04-12 12:20:00,A,1244
1690,1690,2025-07-16 20:41:00,A,1235
1691,1691,2025-06-20 06:34:00,C,1035
1692,1692,2024-05-06 07:11:00,C,1249
1693,1693,2024-03-08 20:15:00,A,1098
1694,1694,2026-04-20 04:06:00,C,1172
1695,1695,2026-08-18 01:23:00,C,1080
1696,1696,2025-09-22 16:21:00,A,1103
1697,1697,2024-04-16 15:25:00,A,1153
1698,1698,2025-12-30 01:49:00,A,1172
1699,1699,2025-12-08 05:48:00,C,1242
1700,1700,2025-08-16 09:18:00,C,1266
1701,1701,2026-03-21 16:27:00,A,1064
1702,1702,2025-04-10 22:25:00,C,1127
1703,1703,2025-06-27 04:28:00,C,1238
1704,1704,2026-09-09 02:38:00,C,1237
1705,1705,2026-03-16 12:56:00,C,1233
1706,1706,2026-06-21 00:18:00,A,1232
1707,1707,2024-10-23 01:37:00,C,1172
1708,1708,2025-09-23 00:30:00,A,1248
1709,1709,2026-01-20 21:47:00,C,1016
1710,1710,2025-11-28 15:03:00,A,1080
1711,1711,2025-10-01 16:29:00,A,1167
1712,1712,2024-11-24 07:23:00,C,1269
1713,1713,2025-02-23 12:44:00,A,1159
1714,1714,2024-12-05 06:35:00,A,1125
1715,1715,2024-06-14 02:27:00,A,1125
1716,1716,2025-05-19 21:01:00,A,1044
1717,1717,2024-08-12 07:55:00,A,1170
1718,1718,2026-06-17 14:30:00,C,1209
1719,1719,2025-07-26 22:24:00,C,1054
1720,1720,2025-12-24 08:59:00,A,1170
1721,1721,2024-10-24 17:10:00,A,1145
1722,1722,2024-03-06 16:13:00,C,1235
1723,1723,2024-07-20 21:54:00,C,1112
1724,1724,2024-03-02 07:19:00,A,1064
1725,1725,2025-10-27 05:30:00,B,1251
1726,1726,2024-05-05 16:16:00,C,1219
1727,1727,2025-07-31 17:51:00,A,1272
1728,1728,2024-11-11 14:16:00,A,1109
