ArrestSurrenderID,AccusedMasterID
1,80
2,81
3,82
3,83
4,84
4,85
5,89
6,90
7,94
8,96
8,97
9,99
10,101
10,102
11,103
12,105
12,106
13,108
14,110
14,111
15,112
15,113
16,114
16,115
17,116
18,119
18,120
19,121
20,123
21,125
22,126
22,127
23,130
23,131
24,132
24,133
25,137
25,138
26,139
26,140
27,143
28,146
29,147
30,148
30,149
31,154
31,155
32,156
33,157
33,158
34,160
34,161
35,162
36,163
37,164
37,165
38,167
38,168
39,170
39,171
40,173
40,174
41,175
41,176
42,178
43,179
44,180
44,181
45,182
46,184
47,185
48,187
49,189
50,192
50,193
51,195
52,198
53,199
53,200
54,201
54,202
55,205
55,206
56,212
56,213
57,215
58,218
58,219
59,221
60,223
61,225
61,226
62,231
62,232
63,233
64,235
64,236
65,238
65,239
66,240
66,241
67,242
67,243
68,247
68,248
69,249
69,250
70,252
71,261
71,262
72,264
73,265
74,267
75,269
75,270
76,271
77,272
77,273
78,274
79,281
79,282
80,283
81,284
82,288
83,289
83,290
84,292
85,294
86,296
87,303
87,304
88,307
89,312
90,313
90,314
91,316
92,322
92,323
93,324
93,325
94,327
95,328
96,329
96,330
97,331
98,332
99,333
100,334
101,335
102,337
102,338
103,340
104,342
105,343
106,344
106,345
107,349
108,350
108,351
109,354
110,355
111,357
112,358
112,359
113,364
113,365
114,366
114,367
115,369
115,370
116,373
117,374
118,377
118,378
119,384
119,385
120,387
121,388
122,389
123,390
124,394
124,395
125,396
126,398
126,399
127,400
128,401
129,403
130,405
130,406
131,407
132,408
133,409
134,411
134,412
135,413
136,414
136,415
137,417
137,418
138,419
139,420
139,421
140,422
141,424
141,425
142,428
143,429
143,430
144,431
145,432
146,434
147,438
147,439
148,440
148,441
149,443
149,444
150,445
150,446
151,447
151,448
152,449
153,455
154,456
154,457
155,464
155,465
156,466
157,467
158,468
158,469
159,470
160,472
161,475
161,476
162,477
162,478
163,479
164,480
165,483
166,484
167,485
167,486
168,487
168,488
169,489
169,490
170,494
171,495
171,496
172,498
173,501
174,508
174,509
175,513
175,514
176,516
177,517
178,522
179,524
180,525
180,526
181,529
182,530
182,531
183,532
184,536
185,538
186,541
186,542
187,543
188,547
189,548
189,549
190,551
191,553
192,557
192,558
193,560
194,567
195,570
196,572
197,574
198,576
198,577
199,578
199,579
200,581
200,582
201,593
201,594
202,597
203,600
204,601
204,602
205,605
205,606
206,612
207,613
207,614
208,620
208,621
209,622
209,623
210,627
211,629
212,632
212,633
213,634
214,635
214,636
215,637
216,638
217,641
218,644
218,645
219,646
220,647
220,648
221,649
222,652
223,653
223,654
224,657
224,658
225,659
226,664
226,665
227,666
228,667
229,668
230,669
230,670
231,672
232,678
232,679
233,680
234,683
234,684
235,685
236,687
237,696
238,699
239,700
240,702
240,703
241,704
242,706
243,707
243,708
244,709
244,710
245,712
246,713
247,715
247,716
248,723
249,731
250,732
250,733
251,734
252,739
253,743
254,744
254,745
255,750
255,751
256,752
257,754
258,757
258,758
259,759
259,760
260,761
261,763
261,764
262,765
262,766
263,771
264,772
265,776
265,777
266,778
267,779
267,780
268,785
269,786
269,787
270,788
271,791
272,795
272,796
273,797
273,798
274,799
274,800
275,802
276,812
276,813
277,814
277,815
278,820
278,821
279,822
280,825
281,827
282,828
283,831
283,832
284,834
284,835
285,837
285,838
286,840
287,842
287,843
288,845
289,846
289,847
290,848
290,849
291,858
291,859
292,860
293,861
294,862
294,863
295,864
296,865
296,866
297,868
298,869
298,870
299,871
299,872
300,877
301,879
302,881
302,882
303,886
304,888
305,890
305,891
306,892
307,893
307,894
308,897
308,898
309,899
310,901
310,902
311,905
311,906
312,908
312,909
313,910
313,911
314,912
315,917
315,918
316,922
316,923
317,924
318,925
318,926
319,928
320,936
320,937
321,943
321,944
322,945
322,946
323,947
324,948
324,949
325,950
325,951
326,954
327,957
327,958
328,959
328,960
329,962
329,963
330,965
330,966
331,967
332,970
332,971
333,978
333,979
334,980
334,981
335,983
335,984
336,985
336,986
337,987
337,988
338,992
339,993
339,994
340,996
341,997
341,998
342,999
342,1000
343,1006
343,1007
344,1008
344,1009
345,1013
346,1014
346,1015
347,1016
347,1017
348,1020
348,1021
349,1024
350,1025
350,1026
351,1027
351,1028
352,1037
353,1038
353,1039
354,1040
354,1041
355,1042
355,1043
356,1044
357,1048
358,1055
358,1056
359,1058
360,1061
360,1062
361,1065
361,1066
362,1067
362,1068
363,1069
363,1070
364,1071
365,1072
365,1073
366,1075
366,1076
367,1077
367,1078
368,1080
369,1081
369,1082
370,1083
370,1084
371,1086
372,1087
373,1090
373,1091
374,1098
375,1099
376,1109
377,1110
378,1112
379,1114
379,1115
380,1119
380,1120
381,1123
381,1124
382,1127
382,1128
383,1130
384,1131
384,1132
385,1134
385,1135
386,1136
387,1137
387,1138
388,1139
388,1140
389,1142
389,1143
390,1144
391,1147
391,1148
392,1149
392,1150
393,1154
394,1155
394,1156
395,1158
395,1159
396,1160
397,1163
398,1164
399,1166
400,1168
400,1169
401,1171
401,1172
402,1173
402,1174
403,1175
404,1177
405,1179
406,1180
406,1181
407,1182
407,1183
408,1184
408,1185
409,1186
409,1187
410,1188
411,1189
412,1190
412,1191
413,1192
413,1193
414,1194
414,1195
415,1196
415,1197
416,1200
417,1201
417,1202
418,1203
419,1204
419,1205
420,1207
420,1208
421,1209
421,1210
422,1211
422,1212
423,1217
423,1218
424,1219
425,1221
425,1222
426,1223
426,1224
427,1226
427,1227
428,1229
429,1231
430,1232
430,1233
431,1234
432,1235
432,1236
433,1237
434,1238
435,1240
435,1241
436,1245
436,1246
437,1247
437,1248
438,1249
439,1250
440,1255
441,1257
441,1258
442,1259
442,1260
443,1261
443,1262
444,1271
444,1272
445,1276
445,1277
446,1281
447,1282
447,1283
448,1284
449,1285
450,1288
450,1289
451,1290
452,1292
452,1293
453,1294
454,1295
455,1296
455,1297
456,1298
457,1299
457,1300
458,1303
459,1304
460,1305
460,1306
461,1307
461,1308
462,1310
462,1311
463,1313
463,1314
464,1315
465,1316
465,1317
466,1319
466,1320
467,1321
468,1323
468,1324
469,1325
470,1326
470,1327
471,1328
472,1330
472,1331
473,1332
473,1333
474,1336
475,1340
475,1341
476,1342
477,1343
477,1344
478,1345
479,1351
480,1352
480,1353
481,1356
482,1359
482,1360
483,1361
484,1362
485,1365
486,1366
487,1369
488,1370
489,1374
489,1375
490,1377
491,1379
492,1380
493,1381
493,1382
494,1384
495,1386
496,1390
497,1391
498,1393
499,1395
499,1396
500,1398
500,1399
501,1402
502,1406
502,1407
503,1411
503,1412
504,1415
505,1416
506,1421
506,1422
507,1425
508,1428
508,1429
509,1430
509,1431
510,1432
510,1433
511,1434
512,1435
512,1436
513,1440
514,1441
514,1442
515,1443
515,1444
516,1447
517,1448
518,1450
519,1451
519,1452
520,1455
521,1456
521,1457
522,1464
522,1465
523,1478
523,1479
524,1485
524,1486
525,1490
525,1491
526,1493
526,1494
527,1498
527,1499
528,1501
529,1502
529,1503
530,1504
531,1505
531,1506
532,1509
533,1514
533,1515
534,1516
535,1521
536,1523
536,1524
537,1525
538,1529
538,1530
539,1531
540,1532
540,1533
541,1537
541,1538
542,1541
542,1542
543,1543
544,1547
544,1548
545,1551
545,1552
546,1553
547,1554
547,1555
548,1559
549,1560
550,1565
550,1566
551,1567
552,1568
552,1569
553,1571
553,1572
554,1573
554,1574
555,1578
556,1583
557,1584
557,1585
558,1586
558,1587
559,1588
559,1589
560,1592
561,1595
562,1600
562,1601
563,1607
563,1608
564,1610
564,1611
565,1612
565,1613
566,1616
567,1617
568,1620
568,1621
569,1623
570,1624
570,1625
571,1626
572,1628
572,1629
573,1631
574,1632
574,1633
575,1638
575,1639
576,1643
576,1644
577,1645
578,1646
578,1647
579,1648
580,1649
580,1650
581,1651
582,1653
583,1654
584,1655
585,1656
586,1660
586,1661
587,1662
588,1664
588,1665
589,1666
590,1667
591,1668
592,1672
592,1673
593,1675
593,1676
594,1680
594,1681
595,1683
595,1684
596,1687
597,1689
597,1690
598,1691
598,1692
599,1693
599,1694
600,1698
601,1699
602,1701
603,1702
604,1703
604,1704
605,1707
605,1708
606,1717
607,1720
607,1721
608,1722
608,1723
609,1724
609,1725
610,1730
610,1731
611,1732
611,1733
612,1743
612,1744
613,1749
614,1750
614,1751
615,1752
616,1758
616,1759
617,1760
618,1762
619,1763
619,1764
620,1768
621,1769
622,1771
623,1773
623,1774
624,1776
624,1777
625,1780
626,1781
627,1782
627,1783
628,1784
628,1785
629,1787
630,1789
630,1790
631,1794
632,1795
633,1797
633,1798
634,1799
635,1800
635,1801
636,1802
637,1805
637,1806
638,1808
638,1809
639,1810
639,1811
640,1812
641,1814
642,1815
642,1816
643,1817
644,1819
644,1820
645,1821
645,1822
646,1824
646,1825
647,1826
647,1827
648,1828
648,1829
649,1830
649,1831
650,1833
651,1835
652,1843
653,1845
653,1846
654,1849
655,1851
655,1852
656,1857
657,1858
657,1859
658,1860
659,1862
660,1865
661,1866
661,1867
662,1868
662,1869
663,1875
664,1876
665,1877
665,1878
666,1881
667,1882
668,1887
669,1888
669,1889
670,1890
671,1891
672,1892
672,1893
673,1894
674,1896
674,1897
675,1899
676,1900
676,1901
677,1908
678,1909
679,1911
680,1912
681,1916
681,1917
682,1918
683,1919
683,1920
684,1923
685,1924
685,1925
686,1929
687,1930
687,1931
688,1932
688,1933
689,1936
689,1937
690,1940
690,1941
691,1942
692,1943
693,1946
694,1948
694,1949
695,1950
695,1951
696,1953
697,1954
698,1955
698,1956
699,1958
700,1959
700,1960
701,1964
701,1965
702,1970
703,1971
704,1972
704,1973
705,1975
706,1977
707,1979
707,1980
708,1981
709,1985
709,1986
710,1987
711,1994
712,1996
712,1997
713,1998
713,1999
714,2000
715,2001
716,2003
716,2004
717,2005
717,2006
718,2007
718,2008
719,2009
720,2010
720,2011
721,2014
722,2015
722,2016
723,2018
723,2019
724,2020
724,2021
725,2022
725,2023
726,2024
727,2027
728,2034
728,2035
729,2039
729,2040
730,2041
731,2045
731,2046
732,2049
733,2050
734,2051
735,2053
736,2056
737,2062
738,2064
739,2069
739,2070
740,2072
741,2075
742,2076
743,2079
743,2080
744,2083
745,2085
745,2086
746,2087
747,2089
747,2090
748,2093
748,2094
749,2095
750,2099
750,2100
751,2102
752,2103
753,2106
753,2107
754,2108
754,2109
755,2111
756,2115
757,2117
757,2118
758,2119
759,2123
759,2124
760,2128
760,2129
761,2130
762,2131
762,2132
763,2134
764,2136
765,2137
766,2144
766,2145
767,2146
767,2147
768,2148
768,2149
769,2150
769,2151
770,2152
771,2155
772,2158
772,2159
773,2160
774,2161
775,2164
776,2169
776,2170
777,2172
777,2173
778,2175
779,2176
780,2178
781,2179
781,2180
782,2181
783,2182
783,2183
784,2184
785,2187
785,2188
786,2189
786,2190
787,2193
787,2194
788,2198
788,2199
789,2200
789,2201
