VictimMasterID,CaseMasterID,VictimName,AgeYear,GenderID,VictimPolice
1,1,Roopa Shetty,31,F,0
2,2,Bhavya Prasad,55,F,0
3,3,Rekha Rao,29,F,0
4,4,Sushma Achar,42,F,0
5,5,Shwetha Nayak,48,F,0
6,6,Bhavya Patil,51,F,0
7,7,Nagaratna Naik,35,F,0
8,8,Anil Setty,53,M,0
9,9,Imran Naik,50,M,0
10,10,Imran Prasad,44,M,0
11,11,Shivakumar Reddy,38,M,0
12,12,Basavaraj Hegde,45,M,0
13,13,Suresh Pasha,42,M,0
14,14,Manjunath Nayak,32,M,0
15,15,Santosh Shetty,34,M,0
16,16,Santosh Hegde,29,M,0
17,17,Girish Shetty,36,M,0
18,18,Kiran Shetty,25,M,0
19,19,Lokesh Prasad,27,M,0
20,20,Basavaraj Murthy,26,M,0
21,21,Vinay Kumar,40,M,0
22,22,Prasad Pasha,30,M,0
23,23,Santosh Achar,40,M,0
24,24,Umesh Achar,35,M,0
25,25,Suresh Raju,30,M,0
26,26,Mahesh Kumar,32,M,0
27,27,Vinay Shetty,39,M,0
28,28,Imran Raju,42,M,0
29,29,Suresh Raju,57,M,0
30,30,Umesh Hegde,66,M,0
31,31,Harish Setty,67,M,0
32,32,Mahesh Bhat,40,M,0
33,33,Savitha Gowda,50,F,0
34,34,Savitha Hegde,47,F,0
35,35,Anitha Hegde,25,F,0
36,36,Rekha Achar,46,F,0
37,37,Divya Patil,37,F,0
38,38,Sushma Shetty,43,F,0
39,39,Kavya Reddy,40,F,0
40,40,Lakshmi Achar,60,F,0
41,41,Sushma Setty,40,F,0
42,42,Lakshmi Reddy,49,F,0
43,43,Roopa Rao,38,F,0
44,44,Lakshmi Naik,30,F,0
45,45,Ramesh Nayak,35,M,0
46,46,Lokesh Pasha,38,M,0
47,47,Prasad Shetty,41,M,0
48,48,Imran Raju,42,M,0
49,49,Firoz Nayak,45,M,0
50,50,Naveen Pasha,26,M,0
51,51,Basavaraj Pasha,45,M,0
52,52,Kiran Rao,53,M,0
53,53,Lokesh Prasad,46,M,0
54,54,Harish Reddy,34,M,0
55,55,Vinay Setty,54,M,0
56,56,Imran Bhat,59,M,0
57,57,Harish Gowda,50,M,0
58,58,Imran Murthy,63,M,0
59,59,Girish Naik,40,M,0
60,60,Santosh Bhat,38,M,0
61,61,Suresh Gowda,38,M,0
62,62,Divya Rao,40,F,0
63,63,Bhavya Prasad,52,F,0
64,64,Geetha Gowda,53,F,0
65,65,Nagaratna Setty,32,F,0
66,66,Anitha Setty,51,F,0
67,67,Nagaratna Setty,46,F,0
68,68,Naveen Prasad,43,M,0
69,69,Umesh Pasha,39,M,0
70,70,Nagaraj Reddy,30,M,0
71,71,Nagaraj Patil,33,M,0
72,72,Lokesh Hegde,45,M,0
73,73,Umesh Reddy,37,M,0
74,74,Imran Pasha,25,M,0
75,75,Lokesh Murthy,32,M,0
76,76,Girish Hegde,36,M,0
77,77,Santosh Naik,27,M,0
78,78,Prakash Shetty,24,M,0
79,79,Bhavya Gowda,38,F,0
80,80,Basavaraj Raju,53,M,0
81,81,Vidya Hegde,53,F,0
82,82,Mahesh Bhat,38,M,0
83,83,Savitha Rao,58,F,0
84,84,Sushma Gowda,36,F,0
85,85,Anitha Naik,44,F,0
86,86,Deepa Rao,23,F,0
87,87,Nagaraj Bhat,34,M,0
88,88,Harish Shetty,62,M,0
89,89,Santosh Hegde,46,M,0
90,90,Nagaraj Murthy,24,M,0
91,91,Vinay Raju,24,M,0
92,92,Harish Murthy,54,M,0
93,93,Santosh Naik,34,M,0
94,94,Shwetha Naik,46,F,0
95,95,Kavya Naik,38,F,0
96,96,Shwetha Shetty,62,F,0
97,97,Firoz Hegde,42,M,0
98,98,Lakshmi Hegde,70,F,0
99,99,Vidya Shetty,22,F,0
100,100,Nagaraj Pasha,42,M,0
101,101,Deepa Reddy,47,F,0
102,102,Shivakumar Murthy,29,M,0
103,103,Rekha Nayak,37,F,0
104,104,Kiran Reddy,29,M,0
105,105,Anitha Murthy,51,F,0
106,106,Vidya Murthy,40,F,0
107,107,Bhavya Achar,54,F,0
108,108,Geetha Setty,29,F,0
109,109,Lakshmi Shetty,47,F,0
110,110,Santosh Achar,22,M,0
111,111,Nagaratna Kumar,41,F,0
112,112,Geetha Achar,42,F,0
113,113,Kiran Nayak,60,M,0
114,114,Nagaratna Prasad,43,F,0
115,115,Nagaratna Nayak,50,F,0
116,116,Imran Naik,48,M,0
117,117,Girish Hegde,68,M,0
118,118,Ramesh Reddy,54,M,0
119,119,Rekha Shetty,35,F,0
120,120,Kiran Raju,56,M,0
121,121,Roopa Shetty,31,F,0
122,122,Anil Pasha,18,M,0
123,123,Suresh Murthy,26,M,0
124,124,Lakshmi Patil,57,F,0
125,125,Ramesh Kumar,62,M,0
126,126,Santosh Setty,58,M,0
127,127,Divya Nayak,34,F,0
128,128,Nagaratna Setty,29,F,0
129,129,Lakshmi Prasad,35,F,0
130,130,Manjunath Gowda,59,M,0
131,131,Firoz Setty,50,M,0
132,132,Sushma Shetty,46,F,0
133,133,Geetha Gowda,30,F,0
134,134,Savitha Nayak,54,F,0
135,135,Bhavya Shetty,39,F,0
136,136,Nagaratna Setty,41,F,0
137,137,Rekha Prasad,58,F,0
138,138,Kavya Pasha,34,F,0
139,139,Bhavya Setty,61,F,0
140,140,Prakash Patil,65,M,0
141,141,Arun Murthy,56,M,0
142,142,Anitha Patil,45,F,0
143,143,Firoz Pasha,18,M,0
144,144,Vidya Hegde,49,F,0
145,145,Prakash Raju,45,M,0
146,146,Rekha Achar,67,F,0
147,147,Lakshmi Pasha,35,F,0
148,148,Geetha Pasha,35,F,0
149,149,Savitha Patil,47,F,0
150,150,Girish Rao,28,M,0
151,151,Arun Rao,45,M,0
152,152,Vinay Nayak,52,M,0
153,153,Basavaraj Achar,40,M,0
154,154,Anil Patil,43,M,0
155,155,Roopa Murthy,31,F,0
156,156,Prasad Raju,34,M,0
157,157,Sushma Rao,65,F,0
158,158,Prasad Hegde,28,M,0
159,159,Bhavya Rao,64,F,0
160,160,Anitha Pasha,50,F,0
161,161,Savitha Bhat,27,F,0
162,162,Bhavya Nayak,55,F,0
163,163,Savitha Rao,23,F,0
164,164,Santosh Raju,30,M,0
165,165,Nagaratna Gowda,62,F,0
166,166,Arun Kumar,29,M,0
167,167,Suresh Nayak,63,M,0
168,168,Vidya Kumar,36,F,0
169,169,Suresh Bhat,54,M,0
170,170,Divya Kumar,51,F,0
171,171,Shwetha Rao,60,F,0
172,172,Prasad Rao,27,M,0
173,173,Nagaraj Gowda,70,M,0
174,174,Ravi Bhat,28,M,0
175,175,Ravi Achar,44,M,0
176,176,Vinay Patil,30,M,0
177,177,Shivakumar Bhat,18,M,0
178,178,Divya Hegde,61,F,0
179,179,Shivakumar Setty,25,M,0
180,180,Lokesh Patil,34,M,0
181,181,Arun Kumar,33,M,0
182,182,Shivakumar Reddy,21,M,0
183,183,Ravi Naik,24,M,0
184,184,Lakshmi Rao,41,F,0
185,185,Umesh Murthy,47,M,0
186,186,Lakshmi Rao,24,F,0
187,187,Vinay Reddy,38,M,0
188,188,Arun Bhat,43,M,0
189,189,Vidya Naik,50,F,0
190,190,Vinay Patil,43,M,0
191,191,Shwetha Bhat,66,F,0
192,192,Santosh Naik,32,M,0
193,193,Mahesh Pasha,51,M,0
194,194,Vidya Bhat,58,F,0
195,195,Firoz Nayak,38,M,0
196,196,Santosh Nayak,42,M,0
197,197,Anitha Murthy,25,F,0
198,198,Shwetha Rao,61,F,0
199,199,Rekha Achar,26,F,0
200,200,Manjunath Kumar,26,M,0
201,201,Shwetha Bhat,23,F,0
202,202,Basavaraj Hegde,30,M,0
203,203,Deepa Prasad,28,F,0
204,204,Bhavya Rao,29,F,0
205,205,Kavya Shetty,49,F,0
206,206,Shivakumar Raju,18,M,0
207,207,Anitha Rao,56,F,0
208,208,Mahesh Patil,68,M,0
209,209,Basavaraj Achar,42,M,0
210,210,Bhavya Raju,36,F,0
211,211,Mahesh Reddy,26,M,0
212,212,Anil Patil,58,M,0
213,213,Bhavya Shetty,62,F,0
214,214,Naveen Gowda,56,M,0
215,215,Divya Murthy,51,F,0
216,216,Girish Murthy,58,M,0
217,217,Ramesh Bhat,51,M,0
218,218,Nagaratna Patil,35,F,0
219,219,Ravi Prasad,65,M,0
220,220,Lakshmi Raju,31,F,0
221,221,Anil Setty,48,M,0
222,222,Nagaraj Pasha,44,M,0
223,223,Girish Shetty,33,M,0
224,224,Basavaraj Reddy,50,M,0
225,225,Kavya Hegde,33,F,0
226,226,Umesh Hegde,28,M,0
227,227,Vinay Bhat,52,M,0
228,228,Ravi Shetty,34,M,0
229,229,Naveen Kumar,37,M,0
230,230,Geetha Murthy,63,F,0
231,231,Anil Shetty,61,M,0
232,232,Shwetha Naik,34,F,0
233,233,Vidya Pasha,44,F,0
234,234,Vinay Reddy,31,M,0
235,235,Kavya Gowda,68,F,0
236,236,Harish Naik,70,M,0
237,237,Manjunath Reddy,35,M,0
238,238,Savitha Nayak,28,F,0
239,239,Sushma Achar,24,F,0
240,240,Kavya Prasad,23,F,0
241,241,Nagaratna Murthy,67,F,0
242,242,Rekha Nayak,23,F,0
243,243,Sushma Achar,27,F,0
244,244,Nagaratna Setty,44,F,0
245,245,Santosh Prasad,60,M,0
246,246,Ramesh Achar,27,M,0
247,247,Arun Naik,38,M,0
248,248,Savitha Gowda,23,F,0
249,249,Savitha Reddy,18,F,0
250,250,Vidya Bhat,63,F,0
251,251,Deepa Setty,56,F,0
252,252,Shwetha Prasad,61,F,0
253,253,Divya Setty,35,F,0
254,254,Bhavya Raju,39,F,0
255,255,Suresh Murthy,49,M,0
256,256,Prakash Patil,65,M,0
257,257,Naveen Hegde,43,M,0
258,258,Prasad Pasha,29,M,0
259,259,Kiran Shetty,66,M,0
260,260,Anitha Naik,41,F,0
261,261,Nagaraj Bhat,37,M,0
262,262,Ramesh Patil,48,M,0
263,263,Divya Setty,62,F,0
264,264,Geetha Reddy,21,F,0
265,265,Sushma Kumar,43,F,0
266,266,Shivakumar Shetty,36,M,0
267,267,Sushma Kumar,42,F,0
268,268,Prakash Nayak,38,M,0
269,269,Deepa Murthy,30,F,0
270,270,Umesh Bhat,51,M,0
271,271,Suresh Pasha,24,M,0
272,272,Harish Reddy,44,M,0
273,273,Vidya Bhat,67,F,0
274,274,Umesh Raju,35,M,0
275,275,Sushma Prasad,52,F,0
276,276,Sushma Reddy,18,F,0
277,277,Girish Hegde,63,M,0
278,278,Ramesh Reddy,28,M,0
279,279,Ramesh Patil,69,M,0
280,280,Basavaraj Rao,44,M,0
281,281,Roopa Shetty,55,F,0
282,282,Lakshmi Prasad,39,F,0
283,283,Nagaraj Gowda,18,M,0
284,284,Prakash Achar,45,M,0
285,285,Kavya Kumar,51,F,0
286,286,Deepa Pasha,69,F,0
287,287,Arun Shetty,52,M,0
288,288,Anil Pasha,50,M,0
289,289,Vidya Gowda,45,F,0
290,290,Geetha Bhat,54,F,0
291,291,Sushma Achar,52,F,0
292,292,Rekha Shetty,18,F,0
293,293,Prakash Nayak,62,M,0
294,294,Prasad Raju,69,M,0
295,295,Rekha Achar,40,F,0
296,296,Lokesh Bhat,18,M,0
297,297,Lakshmi Nayak,25,F,0
298,298,Kavya Gowda,29,F,0
299,299,Rekha Kumar,63,F,0
300,300,Prasad Hegde,39,M,0
301,301,Umesh Nayak,46,M,0
302,302,Nagaratna Kumar,47,F,0
303,303,Kiran Achar,42,M,0
304,304,Nagaratna Pasha,37,F,0
305,305,Divya Setty,63,F,0
306,306,Lakshmi Nayak,44,F,0
307,307,Bhavya Naik,50,F,0
308,308,Santosh Hegde,61,M,0
309,309,Deepa Nayak,40,F,0
310,310,Nagaratna Rao,33,F,0
311,311,Sushma Bhat,66,F,0
312,312,Lokesh Pasha,28,M,0
313,313,Umesh Achar,69,M,0
314,314,Shwetha Shetty,45,F,0
315,315,Kiran Rao,66,M,0
316,316,Savitha Achar,59,F,0
317,317,Lakshmi Raju,60,F,0
318,318,Lokesh Pasha,33,M,0
319,319,Kavya Kumar,49,F,0
320,320,Prasad Bhat,37,M,0
321,321,Divya Nayak,65,F,0
322,322,Naveen Achar,33,M,0
323,323,Vinay Achar,46,M,0
324,324,Lakshmi Reddy,69,F,0
325,325,Vidya Prasad,47,F,0
326,326,Ramesh Naik,52,M,0
327,327,Prasad Shetty,29,M,0
328,328,Kavya Achar,64,F,0
329,329,Divya Hegde,58,F,0
330,330,Savitha Achar,34,F,0
331,331,Divya Rao,45,F,0
332,332,Shwetha Pasha,39,F,0
333,333,Ramesh Rao,30,M,0
334,334,Basavaraj Rao,66,M,0
335,335,Imran Pasha,67,M,0
336,336,Bhavya Hegde,64,F,0
337,337,Kavya Prasad,55,F,0
338,338,Bhavya Hegde,47,F,0
339,339,Santosh Bhat,55,M,0
340,340,Vinay Patil,62,M,0
341,341,Prasad Pasha,68,M,0
342,342,Umesh Pasha,63,M,0
343,343,Manjunath Shetty,39,M,0
344,344,Savitha Gowda,24,F,0
345,345,Firoz Kumar,40,M,0
346,346,Roopa Raju,51,F,0
347,347,Bhavya Kumar,55,F,0
348,348,Anitha Achar,18,F,0
349,349,Bhavya Nayak,20,F,0
350,350,Nagaraj Shetty,48,M,0
351,351,Savitha Bhat,42,F,0
352,352,Suresh Raju,54,M,0
353,353,Savitha Setty,34,F,0
354,354,Firoz Setty,64,M,0
355,355,Basavaraj Achar,27,M,0
356,356,Geetha Kumar,37,F,0
357,357,Roopa Setty,60,F,0
358,358,Imran Patil,21,M,0
359,359,Divya Rao,63,F,0
360,360,Kiran Murthy,21,M,0
361,361,Manjunath Murthy,62,M,0
362,362,Shivakumar Gowda,61,M,0
363,363,Mahesh Raju,68,M,0
364,364,Nagaraj Bhat,38,M,0
365,365,Divya Achar,53,F,0
366,366,Anitha Gowda,33,F,0
367,367,Lakshmi Prasad,19,F,0
368,368,Nagaratna Gowda,64,F,0
369,369,Mahesh Naik,44,M,0
370,370,Prasad Achar,26,M,0
371,371,Umesh Hegde,30,M,0
372,372,Ravi Bhat,50,M,0
373,373,Ramesh Naik,45,M,0
374,374,Kiran Murthy,64,M,0
375,375,Bhavya Pasha,53,F,0
376,376,Nagaratna Naik,41,F,0
377,377,Harish Kumar,34,M,0
378,378,Santosh Shetty,19,M,0
379,379,Nagaratna Reddy,19,F,0
380,380,Bhavya Raju,35,F,0
381,381,Kiran Rao,28,M,0
382,382,Geetha Kumar,48,F,0
383,383,Naveen Raju,24,M,0
384,384,Umesh Prasad,48,M,0
385,385,Geetha Pasha,39,F,0
386,386,Santosh Patil,25,M,0
387,387,Suresh Prasad,35,M,0
388,388,Umesh Hegde,57,M,0
389,389,Manjunath Prasad,24,M,0
390,390,Rekha Patil,43,F,0
391,391,Imran Murthy,55,M,0
392,392,Sushma Prasad,53,F,0
393,393,Nagaraj Rao,21,M,0
394,394,Nagaratna Kumar,51,F,0
395,395,Vinay Nayak,19,M,0
396,396,Kiran Hegde,24,M,0
397,397,Umesh Raju,23,M,0
398,398,Bhavya Setty,57,F,0
399,399,Shivakumar Rao,33,M,0
400,400,Naveen Achar,57,M,0
401,401,Ravi Murthy,57,M,0
402,402,Anitha Bhat,69,F,0
403,403,Lakshmi Setty,59,F,0
404,404,Kiran Patil,20,M,0
405,405,Bhavya Reddy,67,F,0
406,406,Nagaratna Gowda,33,F,0
407,407,Kavya Bhat,28,F,0
408,408,Roopa Hegde,60,F,0
409,409,Savitha Murthy,31,F,0
410,410,Kiran Pasha,55,M,0
411,411,Bhavya Naik,29,F,0
412,412,Mahesh Hegde,60,M,0
413,413,Shwetha Murthy,54,F,0
414,414,Suresh Patil,26,M,0
415,415,Anil Setty,31,M,0
416,416,Kavya Patil,37,F,0
417,417,Lokesh Shetty,22,M,0
418,418,Anitha Achar,66,F,0
419,419,Mahesh Patil,23,M,0
420,420,Girish Murthy,60,M,0
421,421,Naveen Prasad,52,M,0
422,422,Anil Bhat,30,M,0
423,423,Girish Achar,34,M,0
424,424,Firoz Gowda,67,M,0
425,425,Naveen Bhat,27,M,0
426,426,Ramesh Reddy,38,M,0
427,427,Imran Hegde,34,M,0
428,428,Geetha Bhat,31,F,0
429,429,Vinay Kumar,41,M,0
430,430,Shwetha Shetty,64,F,0
431,431,Ravi Gowda,70,M,0
432,432,Imran Bhat,51,M,0
433,433,Lakshmi Achar,58,F,0
434,434,Mahesh Setty,34,M,0
435,435,Firoz Rao,48,M,0
436,436,Kavya Bhat,67,F,0
437,437,Vidya Reddy,54,F,0
438,438,Lokesh Prasad,27,M,0
439,439,Savitha Patil,52,F,0
440,440,Imran Hegde,57,M,0
441,441,Savitha Rao,60,F,0
442,442,Ravi Murthy,47,M,0
443,443,Anitha Nayak,21,F,0
444,444,Harish Patil,70,M,0
445,445,Savitha Naik,52,F,0
446,446,Vidya Gowda,68,F,0
447,447,Nagaratna Pasha,46,F,0
448,448,Suresh Hegde,41,M,0
449,449,Nagaratna Patil,68,F,0
450,450,Divya Gowda,41,F,0
451,451,Lakshmi Naik,68,F,0
452,452,Shwetha Naik,67,F,0
453,453,Shwetha Nayak,68,F,0
454,454,Suresh Reddy,18,M,0
455,455,Roopa Pasha,42,F,0
456,456,Anil Gowda,21,M,0
457,457,Deepa Reddy,27,F,0
458,458,Basavaraj Achar,24,M,0
459,459,Lokesh Achar,19,M,0
460,460,Ramesh Raju,26,M,0
461,461,Anitha Raju,37,F,0
462,462,Basavaraj Pasha,54,M,0
463,463,Bhavya Achar,26,F,0
464,464,Savitha Bhat,26,F,0
465,465,Ravi Hegde,31,M,0
466,466,Rekha Kumar,38,F,0
467,467,Nagaratna Gowda,47,F,0
468,468,Lakshmi Nayak,63,F,0
469,469,Nagaratna Prasad,46,F,0
470,470,Nagaratna Shetty,44,F,0
471,471,Lokesh Bhat,69,M,0
472,472,Anitha Bhat,29,F,0
473,473,Ravi Bhat,46,M,0
474,474,Nagaratna Naik,56,F,0
475,475,Kavya Patil,53,F,0
476,476,Kiran Kumar,42,M,0
477,477,Manjunath Murthy,37,M,0
478,478,Mahesh Reddy,45,M,0
479,479,Vinay Achar,68,M,0
480,480,Lakshmi Setty,62,F,0
481,481,Santosh Raju,21,M,0
482,482,Ramesh Hegde,68,M,0
483,483,Savitha Achar,43,F,0
484,484,Lakshmi Hegde,68,F,0
485,485,Girish Kumar,41,M,0
486,486,Anitha Patil,66,F,0
487,487,Vidya Rao,64,F,0
488,488,Harish Setty,70,M,0
489,489,Anil Patil,34,M,0
490,490,Prakash Reddy,27,M,0
491,491,Anitha Naik,59,F,0
492,492,Kavya Raju,45,F,0
493,493,Lakshmi Patil,68,F,0
494,494,Vidya Gowda,23,F,0
495,495,Girish Kumar,45,M,0
496,496,Lakshmi Nayak,35,F,0
497,497,Sushma Naik,18,F,0
498,498,Basavaraj Achar,69,M,0
499,499,Arun Bhat,48,M,0
500,500,Girish Prasad,43,M,0
501,501,Divya Setty,57,F,0
502,502,Sushma Raju,63,F,0
503,503,Santosh Reddy,46,M,0
504,504,Basavaraj Reddy,31,M,0
505,505,Nagaratna Reddy,54,F,0
506,506,Naveen Setty,31,M,0
507,507,Basavaraj Reddy,59,M,0
508,508,Anitha Patil,20,F,0
509,509,Lakshmi Setty,64,F,0
510,510,Shwetha Hegde,29,F,0
511,511,Basavaraj Setty,22,M,0
512,512,Lakshmi Reddy,30,F,0
513,513,Deepa Hegde,33,F,0
514,514,Kavya Reddy,37,F,0
515,515,Kavya Rao,35,F,0
516,516,Vidya Pasha,60,F,0
517,517,Ravi Achar,52,M,0
518,518,Naveen Prasad,68,M,0
519,519,Prasad Nayak,45,M,0
520,520,Shivakumar Naik,70,M,0
521,521,Anil Setty,30,M,0
522,522,Ramesh Patil,68,M,0
523,523,Anil Shetty,27,M,0
524,524,Divya Rao,27,F,0
525,525,Santosh Shetty,53,M,0
526,526,Nagaratna Hegde,23,F,0
527,527,Santosh Naik,27,M,0
528,528,Anil Achar,58,M,0
529,529,Kavya Prasad,52,F,0
530,530,Anil Patil,54,M,0
531,531,Anitha Bhat,65,F,0
532,532,Roopa Pasha,26,F,0
533,533,Ravi Reddy,33,M,0
534,534,Basavaraj Naik,53,M,0
535,535,Shivakumar Prasad,60,M,0
536,536,Harish Hegde,70,M,0
537,537,Basavaraj Nayak,60,M,0
538,538,Shivakumar Kumar,23,M,0
539,539,Prasad Naik,39,M,0
540,540,Ramesh Prasad,62,M,0
541,541,Anil Kumar,25,M,0
542,542,Roopa Achar,22,F,0
543,543,Santosh Shetty,55,M,0
544,544,Arun Shetty,30,M,0
545,545,Vidya Reddy,53,F,0
546,546,Manjunath Murthy,29,M,0
547,547,Basavaraj Prasad,32,M,0
548,548,Shivakumar Raju,21,M,0
549,549,Firoz Kumar,27,M,0
550,550,Manjunath Rao,67,M,0
551,551,Deepa Shetty,54,F,0
552,552,Lakshmi Gowda,49,F,0
553,553,Santosh Achar,34,M,0
554,554,Deepa Patil,60,F,0
555,555,Nagaraj Gowda,50,M,0
556,556,Shwetha Rao,27,F,0
557,557,Anitha Prasad,56,F,0
558,558,Nagaratna Hegde,28,F,0
559,559,Ramesh Murthy,66,M,0
560,560,Suresh Pasha,45,M,0
561,561,Basavaraj Pasha,40,M,0
562,562,Harish Achar,21,M,0
563,563,Prakash Reddy,51,M,0
564,564,Geetha Naik,51,F,0
565,565,Ramesh Naik,70,M,0
566,566,Mahesh Reddy,36,M,0
567,567,Anitha Naik,60,F,0
568,568,Rekha Kumar,33,F,0
569,569,Girish Rao,18,M,0
570,570,Vidya Nayak,57,F,0
571,571,Nagaraj Murthy,50,M,0
572,572,Naveen Patil,59,M,0
573,573,Roopa Pasha,19,F,0
574,574,Bhavya Raju,24,F,0
575,575,Roopa Gowda,69,F,0
576,576,Prakash Kumar,49,M,0
577,577,Bhavya Nayak,37,F,0
578,578,Prakash Shetty,26,M,0
579,579,Santosh Rao,49,M,0
580,580,Bhavya Rao,61,F,0
581,581,Firoz Pasha,26,M,0
582,582,Manjunath Setty,38,M,0
583,583,Harish Rao,21,M,0
584,584,Lakshmi Gowda,47,F,0
585,585,Lakshmi Naik,23,F,0
586,586,Deepa Bhat,32,F,0
587,587,Lakshmi Raju,46,F,0
588,588,Savitha Patil,27,F,0
589,589,Kiran Nayak,51,M,0
590,590,Ramesh Bhat,70,M,0
591,591,Girish Reddy,23,M,0
592,592,Kavya Shetty,18,F,0
593,593,Arun Raju,26,M,0
594,594,Anil Raju,68,M,0
595,595,Deepa Hegde,20,F,0
596,596,Bhavya Setty,48,F,0
597,597,Divya Shetty,49,F,0
598,598,Lakshmi Nayak,31,F,0
599,599,Sushma Kumar,27,F,0
600,600,Vidya Raju,51,F,0
601,601,Nagaraj Nayak,65,M,0
602,602,Kavya Pasha,41,F,0
603,603,Girish Kumar,24,M,0
604,604,Girish Raju,34,M,0
605,605,Vidya Naik,29,F,0
606,606,Deepa Gowda,37,F,0
607,607,Vinay Setty,28,M,0
608,608,Bhavya Patil,54,F,0
609,609,Geetha Murthy,59,F,0
610,610,Ravi Kumar,19,M,0
611,611,Shivakumar Rao,34,M,0
612,612,Geetha Setty,40,F,0
613,613,Imran Achar,67,M,0
614,614,Roopa Kumar,54,F,0
615,615,Arun Kumar,41,M,0
616,616,Lakshmi Achar,18,F,0
617,617,Kavya Raju,48,F,0
618,618,Rekha Naik,67,F,0
619,619,Mahesh Patil,56,M,0
620,620,Anitha Nayak,35,F,0
621,621,Prakash Gowda,54,M,0
622,622,Deepa Pasha,44,F,0
623,623,Anil Nayak,52,M,0
624,624,Lakshmi Prasad,65,F,0
625,625,Roopa Kumar,34,F,0
626,626,Prasad Naik,59,M,0
627,627,Kiran Achar,47,M,0
628,628,Kavya Hegde,30,F,0
629,629,Shivakumar Setty,32,M,0
630,630,Divya Hegde,68,F,0
631,631,Lokesh Bhat,41,M,0
632,632,Savitha Setty,57,F,0
633,633,Kavya Patil,65,F,0
634,634,Lokesh Pasha,19,M,0
635,635,Rekha Patil,18,F,0
636,636,Mahesh Naik,27,M,0
637,637,Lakshmi Pasha,22,F,0
638,638,Prakash Achar,64,M,0
639,639,Arun Raju,61,M,0
640,640,Prasad Reddy,50,M,0
641,641,Shwetha Raju,28,F,0
642,642,Manjunath Bhat,46,M,0
643,643,Anil Raju,31,M,0
644,644,Ramesh Rao,27,M,0
645,645,Anitha Naik,39,F,0
646,646,Basavaraj Rao,69,M,0
647,647,Savitha Hegde,26,F,0
648,648,Vidya Patil,25,F,0
649,649,Firoz Rao,68,M,0
650,650,Prakash Hegde,54,M,0
651,651,Bhavya Naik,54,F,0
652,652,Shivakumar Gowda,69,M,0
653,653,Nagaratna Rao,47,F,0
654,654,Umesh Prasad,34,M,0
655,655,Rekha Achar,57,F,0
656,656,Kavya Pasha,51,F,0
657,657,Geetha Reddy,69,F,0
658,658,Rekha Gowda,45,F,0
659,659,Arun Murthy,69,M,0
660,660,Girish Gowda,31,M,0
661,661,Lokesh Reddy,39,M,0
662,662,Santosh Naik,60,M,0
663,663,Rekha Murthy,48,F,0
664,664,Shivakumar Rao,26,M,0
665,665,Shivakumar Prasad,58,M,0
666,666,Vidya Nayak,53,F,0
667,667,Shwetha Reddy,63,F,0
668,668,Sushma Gowda,62,F,0
669,669,Manjunath Bhat,24,M,0
670,670,Vidya Bhat,45,F,0
671,671,Prasad Raju,24,M,0
672,672,Rekha Raju,63,F,0
673,673,Lakshmi Hegde,62,F,0
674,674,Nagaratna Naik,44,F,0
675,675,Kavya Bhat,27,F,0
676,676,Kavya Achar,57,F,0
677,677,Manjunath Hegde,32,M,0
678,678,Vidya Murthy,24,F,0
679,679,Sushma Reddy,66,F,0
680,680,Anil Prasad,19,M,0
681,681,Harish Bhat,34,M,0
682,682,Lakshmi Kumar,68,F,0
683,683,Nagaraj Raju,35,M,0
684,684,Arun Raju,36,M,0
685,685,Prakash Setty,44,M,0
686,686,Rekha Murthy,64,F,0
687,687,Roopa Hegde,70,F,0
688,688,Manjunath Murthy,66,M,0
689,689,Ravi Reddy,67,M,0
690,690,Mahesh Pasha,23,M,0
691,691,Nagaratna Bhat,49,F,0
692,692,Umesh Prasad,44,M,0
693,693,Nagaratna Bhat,45,F,0
694,694,Lakshmi Hegde,41,F,0
695,695,Kiran Rao,49,M,0
696,696,Girish Naik,18,M,0
697,697,Ravi Bhat,22,M,0
698,698,Kavya Gowda,53,F,0
699,699,Savitha Prasad,40,F,0
700,700,Umesh Raju,58,M,0
701,701,Sushma Bhat,38,F,0
702,702,Naveen Shetty,46,M,0
703,703,Naveen Reddy,55,M,0
704,704,Bhavya Hegde,42,F,0
705,705,Divya Murthy,66,F,0
706,706,Imran Pasha,42,M,0
707,707,Mahesh Patil,47,M,0
708,708,Girish Gowda,67,M,0
709,709,Rekha Prasad,50,F,0
710,710,Lakshmi Nayak,62,F,0
711,711,Kavya Reddy,62,F,0
712,712,Kiran Prasad,60,M,0
713,713,Deepa Achar,18,F,0
714,714,Sushma Setty,25,F,0
715,715,Umesh Gowda,20,M,0
716,716,Divya Murthy,46,F,0
717,717,Kavya Rao,43,F,0
718,718,Mahesh Rao,28,M,0
719,719,Nagaraj Raju,62,M,0
720,720,Roopa Prasad,63,F,0
721,721,Manjunath Naik,26,M,0
722,722,Roopa Nayak,39,F,0
723,723,Divya Rao,45,F,0
724,724,Mahesh Prasad,33,M,0
725,725,Firoz Reddy,57,M,0
726,726,Deepa Setty,18,F,0
727,727,Nagaraj Prasad,43,M,0
728,728,Arun Nayak,54,M,0
729,729,Vidya Gowda,65,F,0
730,730,Deepa Pasha,53,F,0
731,731,Anitha Shetty,56,F,0
732,732,Nagaratna Setty,37,F,0
733,733,Anitha Prasad,49,F,0
734,734,Shwetha Bhat,19,F,0
735,735,Harish Setty,39,M,0
736,736,Girish Rao,47,M,0
737,737,Firoz Bhat,48,M,0
738,738,Geetha Kumar,34,F,0
739,739,Bhavya Achar,20,F,0
740,740,Vinay Shetty,68,M,0
741,741,Geetha Shetty,48,F,0
742,742,Sushma Shetty,67,F,0
743,743,Santosh Setty,31,M,0
744,744,Manjunath Patil,20,M,0
745,745,Imran Prasad,64,M,0
746,746,Savitha Murthy,24,F,0
747,747,Roopa Setty,33,F,0
748,748,Santosh Shetty,18,M,0
749,749,Vidya Patil,53,F,0
750,750,Shivakumar Kumar,52,M,0
751,751,Geetha Hegde,25,F,0
752,752,Umesh Bhat,44,M,0
753,753,Arun Prasad,69,M,0
754,754,Sushma Hegde,24,F,0
755,755,Kavya Achar,51,F,0
756,756,Santosh Gowda,63,M,0
757,757,Kavya Gowda,27,F,0
758,758,Suresh Achar,47,M,0
759,759,Nagaratna Prasad,63,F,0
760,760,Arun Hegde,50,M,0
761,761,Sushma Hegde,19,F,0
762,762,Rekha Bhat,31,F,0
763,763,Nagaratna Achar,44,F,0
764,764,Savitha Hegde,20,F,0
765,765,Lakshmi Naik,32,F,0
766,766,Bhavya Patil,65,F,0
767,767,Divya Reddy,52,F,0
768,768,Basavaraj Nayak,48,M,0
769,769,Vidya Achar,33,F,0
770,770,Geetha Naik,38,F,0
771,771,Savitha Setty,63,F,0
772,772,Rekha Pasha,20,F,0
773,773,Rekha Shetty,48,F,0
774,774,Kavya Naik,63,F,0
775,775,Deepa Patil,65,F,0
776,776,Lakshmi Nayak,36,F,0
777,777,Anil Raju,62,M,0
778,778,Roopa Naik,49,F,0
779,779,Umesh Setty,27,M,0
780,780,Bhavya Gowda,20,F,0
781,781,Arun Raju,24,M,0
782,782,Savitha Patil,46,F,0
783,783,Kavya Kumar,67,F,0
784,784,Divya Pasha,54,F,0
785,785,Geetha Shetty,66,F,0
786,786,Anitha Reddy,68,F,0
787,787,Harish Gowda,37,M,0
788,788,Deepa Bhat,62,F,0
789,789,Kavya Hegde,48,F,0
790,790,Roopa Kumar,35,F,0
791,791,Anil Patil,49,M,0
792,792,Girish Pasha,39,M,0
793,793,Naveen Patil,44,M,0
794,794,Shwetha Raju,63,F,0
795,795,Kavya Shetty,38,F,0
796,796,Ramesh Shetty,32,M,0
797,797,Bhavya Patil,61,F,0
798,798,Kavya Rao,68,F,0
799,799,Imran Shetty,53,M,0
800,800,Anitha Gowda,18,F,0
801,801,Vidya Raju,24,F,0
802,802,Manjunath Setty,53,M,0
803,803,Shwetha Hegde,41,F,0
804,804,Naveen Naik,19,M,0
805,805,Roopa Bhat,21,F,0
806,806,Mahesh Nayak,37,M,0
807,807,Lakshmi Achar,42,F,0
808,808,Divya Hegde,50,F,0
809,809,Vinay Pasha,42,M,0
810,810,Nagaratna Gowda,35,F,0
811,811,Sushma Achar,52,F,0
812,812,Nagaraj Reddy,22,M,0
813,813,Arun Kumar,33,M,0
814,814,Mahesh Gowda,47,M,0
815,815,Roopa Rao,46,F,0
816,816,Prakash Rao,20,M,0
817,817,Shivakumar Achar,19,M,0
818,818,Kavya Bhat,30,F,0
819,819,Nagaraj Prasad,36,M,0
820,820,Lakshmi Shetty,58,F,0
821,821,Lokesh Patil,28,M,0
822,822,Sushma Pasha,27,F,0
823,823,Bhavya Patil,53,F,0
824,824,Vinay Patil,21,M,0
825,825,Umesh Kumar,55,M,0
826,826,Divya Setty,66,F,0
827,827,Umesh Raju,38,M,0
828,828,Anil Shetty,35,M,0
829,829,Firoz Bhat,61,M,0
830,830,Rekha Reddy,48,F,0
831,831,Suresh Rao,64,M,0
832,832,Kavya Reddy,19,F,0
833,833,Lokesh Prasad,46,M,0
834,834,Girish Shetty,70,M,0
835,835,Kiran Kumar,18,M,0
836,836,Girish Nayak,19,M,0
837,837,Mahesh Shetty,28,M,0
838,838,Shwetha Rao,26,F,0
839,839,Ravi Patil,42,M,0
840,840,Nagaratna Nayak,51,F,0
841,841,Manjunath Nayak,25,M,0
842,842,Kavya Gowda,67,F,0
843,843,Sushma Rao,50,F,0
844,844,Prakash Raju,25,M,0
845,845,Bhavya Rao,43,F,0
846,846,Suresh Rao,18,M,0
847,847,Shwetha Naik,31,F,0
848,848,Lokesh Naik,32,M,0
849,849,Anitha Prasad,66,F,0
850,850,Ramesh Shetty,28,M,0
851,851,Ramesh Pasha,56,M,0
852,852,Ravi Reddy,68,M,0
853,853,Ravi Pasha,29,M,0
854,854,Prasad Shetty,20,M,0
855,855,Anil Patil,44,M,0
856,856,Ravi Rao,51,M,0
857,857,Girish Reddy,40,M,0
858,858,Shwetha Gowda,40,F,0
859,859,Savitha Nayak,44,F,0
860,860,Firoz Pasha,18,M,0
861,861,Lokesh Gowda,63,M,0
862,862,Girish Patil,69,M,0
863,863,Firoz Nayak,69,M,0
864,864,Firoz Raju,70,M,0
865,865,Sushma Hegde,25,F,0
866,866,Nagaratna Setty,36,F,0
867,867,Prasad Kumar,19,M,0
868,868,Basavaraj Pasha,47,M,0
869,869,Shivakumar Nayak,59,M,0
870,870,Nagaratna Prasad,34,F,0
871,871,Sushma Gowda,18,F,0
872,872,Divya Raju,20,F,0
873,873,Deepa Raju,23,F,0
874,874,Roopa Setty,53,F,0
875,875,Rekha Pasha,60,F,0
876,876,Nagaratna Hegde,27,F,0
877,877,Mahesh Achar,51,M,0
878,878,Girish Setty,29,M,0
879,879,Girish Gowda,59,M,0
880,880,Rekha Kumar,18,F,0
881,881,Girish Gowda,33,M,0
882,882,Shwetha Setty,64,F,0
883,883,Shivakumar Kumar,31,M,0
884,884,Roopa Achar,40,F,0
885,885,Harish Bhat,62,M,0
886,886,Harish Achar,45,M,0
887,887,Imran Rao,30,M,0
888,888,Shwetha Rao,20,F,0
889,889,Kavya Prasad,65,F,0
890,890,Lakshmi Achar,44,F,0
891,891,Shivakumar Hegde,31,M,0
892,892,Imran Raju,62,M,0
893,893,Umesh Kumar,22,M,0
894,894,Basavaraj Patil,67,M,0
895,895,Umesh Naik,53,M,0
896,896,Umesh Reddy,28,M,0
897,897,Prakash Pasha,57,M,0
898,898,Deepa Nayak,63,F,0
899,899,Deepa Raju,56,F,0
900,900,Imran Kumar,57,M,0
901,901,Vidya Murthy,49,F,0
902,902,Anil Patil,20,M,0
903,903,Lakshmi Murthy,42,F,0
904,904,Divya Setty,35,F,0
905,905,Ramesh Reddy,52,M,0
906,906,Nagaraj Achar,69,M,0
907,907,Rekha Bhat,31,F,0
908,908,Lokesh Bhat,35,M,0
909,909,Deepa Naik,24,F,0
910,910,Firoz Pasha,49,M,0
911,911,Imran Setty,54,M,0
912,912,Prasad Hegde,35,M,0
913,913,Deepa Reddy,18,F,0
914,914,Divya Naik,32,F,0
915,915,Girish Rao,31,M,0
916,916,Arun Murthy,35,M,0
917,917,Nagaraj Patil,41,M,0
918,918,Roopa Prasad,66,F,0
919,919,Rekha Rao,29,F,0
920,920,Nagaraj Reddy,22,M,0
921,921,Nagaratna Gowda,60,F,0
922,922,Shwetha Setty,36,F,0
923,923,Harish Bhat,46,M,0
924,924,Vidya Raju,34,F,0
925,925,Sushma Prasad,35,F,0
926,926,Geetha Patil,18,F,0
927,927,Divya Achar,20,F,0
928,928,Kiran Naik,70,M,0
929,929,Vinay Reddy,59,M,0
930,930,Kiran Patil,45,M,0
931,931,Bhavya Prasad,34,F,0
932,932,Umesh Setty,61,M,0
933,933,Savitha Raju,49,F,0
934,934,Lakshmi Shetty,59,F,0
935,935,Naveen Shetty,46,M,0
936,936,Kavya Naik,62,F,0
937,937,Firoz Raju,69,M,0
938,938,Mahesh Murthy,58,M,0
939,939,Bhavya Rao,23,F,0
940,940,Roopa Raju,27,F,0
941,941,Roopa Pasha,56,F,0
942,942,Rekha Nayak,18,F,0
943,943,Savitha Pasha,52,F,0
944,944,Prasad Hegde,39,M,0
945,945,Umesh Patil,22,M,0
946,946,Harish Gowda,67,M,0
947,947,Lokesh Gowda,34,M,0
948,948,Ramesh Raju,21,M,0
949,949,Prasad Achar,20,M,0
950,950,Geetha Setty,65,F,0
951,951,Vinay Murthy,41,M,0
952,952,Ramesh Patil,44,M,0
953,953,Naveen Pasha,19,M,0
954,954,Shwetha Kumar,60,F,0
955,955,Basavaraj Nayak,49,M,0
956,956,Anitha Prasad,47,F,0
957,957,Roopa Murthy,65,F,0
958,958,Ramesh Raju,33,M,0
959,959,Suresh Bhat,69,M,0
960,960,Girish Rao,45,M,0
961,961,Lakshmi Rao,65,F,0
962,962,Sushma Pasha,58,F,0
963,963,Bhavya Shetty,34,F,0
964,964,Imran Murthy,62,M,0
965,965,Lokesh Naik,37,M,0
966,966,Ramesh Setty,20,M,0
967,967,Harish Murthy,53,M,0
968,968,Deepa Prasad,56,F,0
969,969,Imran Raju,27,M,0
970,970,Vidya Hegde,63,F,0
971,971,Bhavya Pasha,58,F,0
972,972,Kiran Reddy,41,M,0
973,973,Girish Rao,67,M,0
974,974,Roopa Prasad,57,F,0
975,975,Anitha Rao,46,F,0
976,976,Sushma Reddy,58,F,0
977,977,Imran Setty,19,M,0
978,978,Rekha Reddy,63,F,0
979,979,Kavya Rao,20,F,0
980,980,Anitha Patil,65,F,0
981,981,Shivakumar Gowda,41,M,0
982,982,Roopa Naik,18,F,0
983,983,Kavya Raju,45,F,0
984,984,Ramesh Shetty,49,M,0
985,985,Suresh Naik,67,M,0
986,986,Mahesh Kumar,39,M,0
987,987,Kavya Reddy,66,F,0
988,988,Arun Raju,64,M,0
989,989,Kiran Pasha,37,M,0
990,990,Vidya Naik,68,F,0
991,991,Vinay Bhat,60,M,0
992,992,Arun Achar,43,M,0
993,993,Mahesh Naik,51,M,0
994,994,Shwetha Naik,18,F,0
995,995,Geetha Rao,52,F,0
996,996,Girish Gowda,52,M,0
997,997,Lakshmi Pasha,37,F,0
998,998,Shwetha Patil,45,F,0
999,999,Roopa Kumar,61,F,0
1000,1000,Nagaratna Rao,63,F,0
1001,1001,Prakash Gowda,65,M,0
1002,1002,Imran Shetty,31,M,0
1003,1003,Ravi Raju,24,M,0
1004,1004,Savitha Hegde,20,F,0
1005,1005,Ravi Bhat,69,M,0
1006,1006,Prasad Pasha,63,M,0
1007,1007,Shwetha Naik,50,F,0
1008,1008,Naveen Nayak,55,M,0
1009,1009,Rekha Reddy,35,F,0
1010,1010,Prakash Gowda,35,M,0
1011,1011,Ravi Nayak,68,M,0
1012,1012,Savitha Patil,33,F,0
1013,1013,Nagaratna Rao,31,F,0
1014,1014,Sushma Patil,68,F,0
1015,1015,Arun Rao,29,M,0
1016,1016,Sushma Pasha,49,F,0
1017,1017,Shwetha Raju,59,F,0
1018,1018,Anil Reddy,61,M,0
1019,1019,Prakash Pasha,64,M,0
1020,1020,Naveen Raju,23,M,0
1021,1021,Rekha Murthy,62,F,0
1022,1022,Anitha Shetty,48,F,0
1023,1023,Divya Gowda,60,F,0
1024,1024,Sushma Gowda,41,F,0
1025,1025,Anitha Raju,29,F,0
1026,1026,Nagaratna Raju,24,F,0
1027,1027,Basavaraj Hegde,25,M,0
1028,1028,Arun Achar,48,M,0
1029,1029,Imran Reddy,44,M,0
1030,1030,Suresh Reddy,46,M,0
1031,1031,Vidya Pasha,66,F,0
1032,1032,Girish Hegde,36,M,0
1033,1033,Nagaratna Hegde,42,F,0
1034,1034,Ravi Prasad,28,M,0
1035,1035,Prasad Hegde,69,M,0
1036,1036,Manjunath Nayak,38,M,0
1037,1037,Rekha Pasha,56,F,0
1038,1038,Kiran Shetty,24,M,0
1039,1039,Imran Pasha,21,M,0
1040,1040,Geetha Kumar,48,F,0
1041,1041,Lokesh Rao,69,M,0
1042,1042,Umesh Reddy,56,M,0
1043,1043,Anitha Raju,34,F,0
1044,1044,Ravi Reddy,20,M,0
1045,1045,Kavya Prasad,40,F,0
1046,1046,Lokesh Raju,29,M,0
1047,1047,Nagaraj Reddy,57,M,0
1048,1048,Basavaraj Achar,47,M,0
1049,1049,Savitha Achar,55,F,0
1050,1050,Lakshmi Setty,24,F,0
1051,1051,Geetha Patil,69,F,0
1052,1052,Arun Shetty,42,M,0
1053,1053,Naveen Setty,25,M,0
1054,1054,Santosh Pasha,38,M,0
1055,1055,Kavya Gowda,60,F,0
1056,1056,Arun Kumar,51,M,0
1057,1057,Firoz Achar,48,M,0
1058,1058,Bhavya Gowda,21,F,0
1059,1059,Deepa Raju,30,F,0
1060,1060,Firoz Naik,58,M,0
1061,1061,Nagaraj Reddy,24,M,0
1062,1062,Anitha Setty,68,F,0
1063,1063,Savitha Nayak,35,F,0
1064,1064,Anitha Patil,45,F,0
1065,1065,Geetha Naik,27,F,0
1066,1066,Roopa Nayak,29,F,0
1067,1067,Mahesh Nayak,21,M,0
1068,1068,Shivakumar Bhat,65,M,0
1069,1069,Kiran Shetty,58,M,0
1070,1070,Bhavya Setty,22,F,0
1071,1071,Kavya Shetty,64,F,0
1072,1072,Nagaratna Kumar,26,F,0
1073,1073,Shwetha Achar,67,F,0
1074,1074,Anitha Raju,28,F,0
1075,1075,Anitha Achar,63,F,0
1076,1076,Prakash Naik,36,M,0
1077,1077,Lokesh Patil,20,M,0
1078,1078,Anitha Patil,41,F,0
1079,1079,Deepa Pasha,37,F,0
1080,1080,Ramesh Kumar,28,M,0
1081,1081,Prasad Raju,65,M,0
1082,1082,Santosh Naik,69,M,0
1083,1083,Prasad Murthy,63,M,0
1084,1084,Bhavya Prasad,25,F,0
1085,1085,Rekha Pasha,53,F,0
1086,1086,Anil Murthy,49,M,0
1087,1087,Deepa Reddy,18,F,0
1088,1088,Manjunath Achar,60,M,0
1089,1089,Naveen Hegde,63,M,0
1090,1090,Lakshmi Nayak,53,F,0
1091,1091,Manjunath Prasad,43,M,0
1092,1092,Vinay Prasad,64,M,0
1093,1093,Anitha Prasad,60,F,0
1094,1094,Nagaratna Pasha,41,F,0
1095,1095,Nagaratna Pasha,35,F,0
1096,1096,Shwetha Nayak,56,F,0
1097,1097,Prasad Achar,54,M,0
1098,1098,Naveen Achar,70,M,0
1099,1099,Arun Prasad,50,M,0
1100,1100,Nagaratna Nayak,46,F,0
1101,1101,Divya Nayak,38,F,0
1102,1102,Prakash Shetty,66,M,0
1103,1103,Bhavya Setty,65,F,0
1104,1104,Nagaratna Shetty,23,F,0
1105,1105,Ravi Raju,50,M,0
1106,1106,Geetha Prasad,46,F,0
1107,1107,Sushma Kumar,52,F,0
1108,1108,Roopa Naik,36,F,0
1109,1109,Shwetha Shetty,22,F,0
1110,1110,Girish Naik,37,M,0
1111,1111,Firoz Gowda,60,M,0
1112,1112,Firoz Naik,50,M,0
1113,1113,Naveen Setty,70,M,0
1114,1114,Rekha Shetty,58,F,0
1115,1115,Sushma Hegde,25,F,0
1116,1116,Basavaraj Murthy,30,M,0
1117,1117,Vidya Naik,48,F,0
1118,1118,Rekha Gowda,33,F,0
1119,1119,Shwetha Reddy,24,F,0
1120,1120,Basavaraj Shetty,61,M,0
1121,1121,Savitha Hegde,59,F,0
1122,1122,Bhavya Shetty,53,F,0
1123,1123,Girish Hegde,65,M,0
1124,1124,Shwetha Pasha,62,F,0
1125,1125,Prakash Rao,46,M,0
1126,1126,Geetha Raju,33,F,0
1127,1127,Kiran Rao,23,M,0
1128,1128,Shivakumar Patil,39,M,0
1129,1129,Roopa Prasad,61,F,0
1130,1130,Kavya Gowda,51,F,0
1131,1131,Bhavya Shetty,51,F,0
1132,1132,Santosh Gowda,31,M,0
1133,1133,Basavaraj Nayak,36,M,0
1134,1134,Bhavya Shetty,49,F,0
1135,1135,Nagaraj Rao,19,M,0
1136,1136,Vidya Shetty,54,F,0
1137,1137,Kiran Gowda,68,M,0
1138,1138,Kavya Reddy,54,F,0
1139,1139,Anitha Murthy,59,F,0
1140,1140,Prasad Bhat,36,M,0
1141,1141,Lokesh Kumar,61,M,0
1142,1142,Roopa Rao,68,F,0
1143,1143,Kavya Rao,53,F,0
1144,1144,Prasad Gowda,60,M,0
1145,1145,Nagaratna Nayak,32,F,0
1146,1146,Kavya Reddy,23,F,0
1147,1147,Vidya Nayak,38,F,0
1148,1148,Lokesh Raju,67,M,0
1149,1149,Geetha Naik,50,F,0
1150,1150,Santosh Kumar,38,M,0
1151,1151,Imran Setty,62,M,0
1152,1152,Divya Murthy,24,F,0
1153,1153,Ravi Achar,59,M,0
1154,1154,Deepa Rao,54,F,0
1155,1155,Nagaraj Prasad,57,M,0
1156,1156,Sushma Bhat,51,F,0
1157,1157,Girish Nayak,50,M,0
1158,1158,Vidya Setty,38,F,0
1159,1159,Roopa Gowda,70,F,0
1160,1160,Roopa Pasha,19,F,0
1161,1161,Lakshmi Achar,33,F,0
1162,1162,Arun Raju,41,M,0
1163,1163,Lokesh Kumar,36,M,0
1164,1164,Divya Prasad,45,F,0
1165,1165,Sushma Rao,51,F,0
1166,1166,Anitha Bhat,23,F,0
1167,1167,Vinay Raju,61,M,0
1168,1168,Suresh Hegde,64,M,0
1169,1169,Ravi Patil,32,M,0
1170,1170,Shwetha Bhat,49,F,0
1171,1171,Lakshmi Hegde,39,F,0
1172,1172,Savitha Bhat,65,F,0
1173,1173,Arun Hegde,23,M,0
1174,1174,Savitha Raju,22,F,0
1175,1175,Imran Bhat,55,M,0
1176,1176,Prakash Murthy,43,M,0
1177,1177,Geetha Shetty,30,F,0
1178,1178,Prakash Rao,39,M,0
1179,1179,Lakshmi Murthy,41,F,0
1180,1180,Naveen Bhat,58,M,0
1181,1181,Kavya Naik,33,F,0
1182,1182,Roopa Reddy,20,F,0
1183,1183,Naveen Gowda,38,M,0
1184,1184,Prakash Setty,39,M,0
1185,1185,Savitha Murthy,55,F,0
1186,1186,Prakash Achar,48,M,0
1187,1187,Deepa Gowda,65,F,0
1188,1188,Deepa Prasad,40,F,0
1189,1189,Rekha Raju,38,F,0
1190,1190,Nagaraj Bhat,22,M,0
1191,1191,Roopa Reddy,52,F,0
1192,1192,Firoz Prasad,24,M,0
1193,1193,Shwetha Setty,64,F,0
1194,1194,Prasad Murthy,43,M,0
1195,1195,Bhavya Pasha,59,F,0
1196,1196,Mahesh Patil,60,M,0
1197,1197,Geetha Naik,24,F,0
1198,1198,Deepa Pasha,63,F,0
1199,1199,Shivakumar Bhat,22,M,0
1200,1200,Divya Achar,32,F,0
1201,1201,Suresh Nayak,31,M,0
1202,1202,Nagaraj Pasha,32,M,0
1203,1203,Savitha Setty,33,F,0
1204,1204,Prakash Prasad,52,M,0
1205,1205,Anil Pasha,25,M,0
1206,1206,Santosh Prasad,19,M,0
1207,1207,Divya Naik,56,F,0
1208,1208,Naveen Patil,67,M,0
1209,1209,Savitha Hegde,58,F,0
1210,1210,Shwetha Hegde,44,F,0
1211,1211,Arun Setty,56,M,0
1212,1212,Shwetha Nayak,35,F,0
1213,1213,Vidya Hegde,65,F,0
1214,1214,Anitha Prasad,19,F,0
1215,1215,Nagaratna Bhat,24,F,0
1216,1216,Arun Bhat,30,M,0
1217,1217,Basavaraj Setty,34,M,0
1218,1218,Sushma Patil,64,F,0
1219,1219,Harish Nayak,43,M,0
1220,1220,Mahesh Pasha,65,M,0
1221,1221,Arun Setty,55,M,0
1222,1222,Arun Patil,47,M,0
1223,1223,Vinay Achar,35,M,0
1224,1224,Roopa Prasad,49,F,0
1225,1225,Divya Gowda,21,F,0
1226,1226,Mahesh Shetty,22,M,0
1227,1227,Vinay Nayak,60,M,0
1228,1228,Divya Nayak,41,F,0
1229,1229,Anitha Murthy,52,F,0
1230,1230,Bhavya Gowda,24,F,0
1231,1231,Suresh Rao,42,M,0
1232,1232,Suresh Reddy,66,M,0
1233,1233,Sushma Reddy,36,F,0
1234,1234,Anitha Gowda,48,F,0
1235,1235,Geetha Naik,47,F,0
1236,1236,Anil Hegde,68,M,0
1237,1237,Anil Bhat,45,M,0
1238,1238,Ravi Hegde,30,M,0
1239,1239,Shwetha Pasha,20,F,0
1240,1240,Geetha Raju,41,F,0
1241,1241,Savitha Kumar,56,F,0
1242,1242,Nagaratna Nayak,52,F,0
1243,1243,Prakash Rao,46,M,0
1244,1244,Vinay Reddy,46,M,0
1245,1245,Kavya Bhat,39,F,0
1246,1246,Umesh Rao,33,M,0
1247,1247,Roopa Kumar,67,F,0
1248,1248,Anitha Reddy,64,F,0
1249,1249,Geetha Reddy,54,F,0
1250,1250,Arun Bhat,38,M,0
1251,1251,Bhavya Patil,35,F,0
1252,1252,Prasad Murthy,68,M,0
1253,1253,Roopa Naik,51,F,0
1254,1254,Shivakumar Hegde,38,M,0
1255,1255,Ravi Setty,46,M,0
1256,1256,Kavya Achar,49,F,0
1257,1257,Sushma Bhat,28,F,0
1258,1258,Prasad Prasad,49,M,0
1259,1259,Kavya Raju,36,F,0
1260,1260,Rekha Achar,60,F,0
1261,1261,Ravi Murthy,68,M,0
1262,1262,Anil Setty,29,M,0
1263,1263,Lakshmi Prasad,58,F,0
1264,1264,Geetha Raju,43,F,0
1265,1265,Nagaratna Naik,57,F,0
1266,1266,Divya Hegde,22,F,0
1267,1267,Nagaratna Achar,23,F,0
1268,1268,Roopa Patil,24,F,0
1269,1269,Sushma Rao,66,F,0
1270,1270,Shwetha Rao,29,F,0
1271,1271,Prasad Kumar,45,M,0
1272,1272,Nagaraj Patil,57,M,0
1273,1273,Divya Achar,62,F,0
1274,1274,Ramesh Rao,41,M,0
1275,1275,Shivakumar Pasha,33,M,0
1276,1276,Mahesh Raju,58,M,0
1277,1277,Kiran Raju,42,M,0
1278,1278,Lakshmi Naik,66,F,0
1279,1279,Vinay Naik,53,M,0
1280,1280,Bhavya Nayak,57,F,0
1281,1281,Girish Shetty,19,M,0
1282,1282,Imran Naik,54,M,0
1283,1283,Anil Kumar,25,M,0
1284,1284,Geetha Murthy,37,F,0
1285,1285,Santosh Prasad,23,M,0
1286,1286,Ravi Shetty,43,M,0
1287,1287,Kiran Gowda,18,M,0
1288,1288,Divya Setty,55,F,0
1289,1289,Basavaraj Bhat,34,M,0
1290,1290,Sushma Setty,22,F,0
1291,1291,Nagaratna Hegde,48,F,0
1292,1292,Firoz Achar,38,M,0
1293,1293,Geetha Prasad,19,F,0
1294,1294,Nagaratna Pasha,69,F,0
1295,1295,Manjunath Patil,34,M,0
1296,1296,Vinay Reddy,47,M,0
1297,1297,Divya Setty,70,F,0
1298,1298,Vidya Reddy,18,F,0
1299,1299,Mahesh Gowda,37,M,0
1300,1300,Lokesh Kumar,60,M,0
1301,1301,Mahesh Gowda,18,M,0
1302,1302,Naveen Reddy,33,M,0
1303,1303,Basavaraj Rao,66,M,0
1304,1304,Bhavya Prasad,22,F,0
1305,1305,Santosh Bhat,46,M,0
1306,1306,Basavaraj Murthy,46,M,0
1307,1307,Kiran Bhat,33,M,0
1308,1308,Anitha Bhat,48,F,0
1309,1309,Divya Hegde,68,F,0
1310,1310,Vinay Bhat,44,M,0
1311,1311,Roopa Gowda,46,F,0
1312,1312,Kiran Hegde,64,M,0
1313,1313,Firoz Raju,33,M,0
1314,1314,Divya Bhat,26,F,0
1315,1315,Roopa Shetty,51,F,0
1316,1316,Anil Kumar,51,M,0
1317,1317,Girish Achar,70,M,0
1318,1318,Manjunath Achar,30,M,0
1319,1319,Divya Nayak,68,F,0
1320,1320,Firoz Reddy,70,M,0
1321,1321,Bhavya Gowda,69,F,0
1322,1322,Umesh Gowda,43,M,0
1323,1323,Lokesh Setty,24,M,0
1324,1324,Vinay Patil,69,M,0
1325,1325,Manjunath Prasad,61,M,0
1326,1326,Anitha Gowda,36,F,0
1327,1327,Anil Pasha,66,M,0
1328,1328,Anil Naik,65,M,0
1329,1329,Deepa Hegde,42,F,0
1330,1330,Prakash Shetty,64,M,0
1331,1331,Bhavya Raju,52,F,0
1332,1332,Manjunath Shetty,39,M,0
1333,1333,Mahesh Nayak,43,M,0
1334,1334,Ravi Raju,46,M,0
1335,1335,Naveen Patil,32,M,0
1336,1336,Prasad Bhat,32,M,0
1337,1337,Prasad Pasha,62,M,0
1338,1338,Sushma Gowda,51,F,0
1339,1339,Prakash Nayak,34,M,0
1340,1340,Imran Achar,63,M,0
1341,1341,Ravi Murthy,42,M,0
1342,1342,Shivakumar Pasha,26,M,0
1343,1343,Lokesh Patil,27,M,0
1344,1344,Savitha Raju,52,F,0
1345,1345,Ravi Rao,46,M,0
1346,1346,Deepa Rao,47,F,0
1347,1347,Mahesh Hegde,35,M,0
1348,1348,Harish Gowda,21,M,0
1349,1349,Savitha Bhat,63,F,0
1350,1350,Harish Gowda,60,M,0
1351,1351,Nagaraj Raju,50,M,0
1352,1352,Rekha Raju,40,F,0
1353,1353,Anil Shetty,55,M,0
1354,1354,Savitha Nayak,56,F,0
1355,1355,Divya Kumar,58,F,0
1356,1356,Anitha Nayak,51,F,0
1357,1357,Anitha Achar,67,F,0
1358,1358,Anitha Setty,31,F,0
1359,1359,Kiran Patil,58,M,0
1360,1360,Vidya Setty,33,F,0
1361,1361,Girish Nayak,37,M,0
1362,1362,Bhavya Naik,33,F,0
1363,1363,Santosh Achar,58,M,0
1364,1364,Shwetha Kumar,32,F,0
1365,1365,Suresh Rao,42,M,0
1366,1366,Girish Prasad,22,M,0
1367,1367,Savitha Kumar,39,F,0
1368,1368,Prasad Nayak,63,M,0
1369,1369,Kavya Nayak,43,F,0
1370,1370,Santosh Naik,59,M,0
1371,1371,Deepa Patil,35,F,0
1372,1372,Sushma Bhat,55,F,0
1373,1373,Roopa Bhat,43,F,0
1374,1374,Suresh Nayak,22,M,0
1375,1375,Lakshmi Rao,48,F,0
1376,1376,Ramesh Murthy,38,M,0
1377,1377,Firoz Gowda,24,M,0
1378,1378,Rekha Kumar,45,F,0
1379,1379,Ramesh Naik,58,M,0
1380,1380,Harish Prasad,61,M,0
1381,1381,Vidya Gowda,19,F,0
1382,1382,Imran Reddy,56,M,0
1383,1383,Prakash Achar,65,M,0
1384,1384,Anitha Rao,36,F,0
1385,1385,Nagaratna Raju,25,F,0
1386,1386,Anil Gowda,28,M,0
1387,1387,Geetha Bhat,44,F,0
1388,1388,Deepa Murthy,28,F,0
1389,1389,Bhavya Reddy,34,F,0
1390,1390,Firoz Murthy,40,M,0
1391,1391,Arun Murthy,50,M,0
1392,1392,Deepa Raju,68,F,0
1393,1393,Santosh Achar,44,M,0
1394,1394,Harish Pasha,58,M,0
1395,1395,Divya Raju,48,F,0
1396,1396,Imran Nayak,53,M,0
1397,1397,Basavaraj Raju,37,M,0
1398,1398,Anitha Pasha,23,F,0
1399,1399,Girish Pasha,26,M,0
1400,1400,Shivakumar Patil,67,M,0
1401,1401,Vidya Murthy,33,F,0
1402,1402,Harish Murthy,41,M,0
1403,1403,Kiran Prasad,66,M,0
1404,1404,Prakash Rao,25,M,0
1405,1405,Girish Murthy,70,M,0
1406,1406,Sushma Prasad,22,F,0
1407,1407,Savitha Reddy,31,F,0
1408,1408,Anil Murthy,61,M,0
1409,1409,Bhavya Reddy,51,F,0
1410,1410,Suresh Nayak,62,M,0
1411,1411,Geetha Gowda,50,F,0
1412,1412,Girish Shetty,55,M,0
1413,1413,Deepa Raju,55,F,0
1414,1414,Imran Naik,51,M,0
1415,1415,Kavya Achar,33,F,0
1416,1416,Divya Pasha,58,F,0
1417,1417,Nagaraj Gowda,48,M,0
1418,1418,Lokesh Prasad,31,M,0
1419,1419,Anitha Shetty,32,F,0
1420,1420,Anil Bhat,29,M,0
1421,1421,Rekha Hegde,70,F,0
1422,1422,Vidya Bhat,46,F,0
1423,1423,Kavya Reddy,46,F,0
1424,1424,Sushma Pasha,24,F,0
1425,1425,Roopa Prasad,21,F,0
1426,1426,Kavya Setty,35,F,0
1427,1427,Roopa Kumar,48,F,0
1428,1428,Savitha Raju,36,F,0
1429,1429,Girish Raju,34,M,0
1430,1430,Kavya Raju,48,F,0
1431,1431,Rekha Setty,18,F,0
1432,1432,Vidya Nayak,22,F,0
1433,1433,Kavya Gowda,42,F,0
1434,1434,Lokesh Patil,49,M,0
1435,1435,Prasad Gowda,60,M,0
1436,1436,Anitha Rao,40,F,0
1437,1437,Deepa Rao,38,F,0
1438,1438,Deepa Setty,59,F,0
1439,1439,Geetha Pasha,30,F,0
1440,1440,Anitha Achar,52,F,0
1441,1441,Kavya Naik,46,F,0
1442,1442,Kavya Shetty,54,F,0
1443,1443,Firoz Patil,48,M,0
1444,1444,Vidya Nayak,46,F,0
1445,1445,Nagaraj Achar,42,M,0
1446,1446,Umesh Prasad,57,M,0
1447,1447,Geetha Prasad,69,F,0
1448,1448,Geetha Bhat,32,F,0
1449,1449,Nagaratna Patil,45,F,0
1450,1450,Vidya Rao,21,F,0
1451,1451,Umesh Gowda,62,M,0
1452,1452,Suresh Raju,45,M,0
1453,1453,Manjunath Raju,32,M,0
1454,1454,Savitha Raju,62,F,0
1455,1455,Anitha Achar,57,F,0
1456,1456,Ravi Shetty,22,M,0
1457,1457,Girish Shetty,18,M,0
1458,1458,Sushma Raju,24,F,0
1459,1459,Shwetha Bhat,22,F,0
1460,1460,Deepa Achar,35,F,0
1461,1461,Santosh Shetty,63,M,0
1462,1462,Prasad Nayak,36,M,0
1463,1463,Savitha Gowda,23,F,0
1464,1464,Ramesh Pasha,19,M,0
1465,1465,Ramesh Nayak,47,M,0
1466,1466,Ramesh Raju,70,M,0
1467,1467,Anitha Pasha,30,F,0
1468,1468,Nagaraj Pasha,27,M,0
1469,1469,Geetha Reddy,48,F,0
1470,1470,Savitha Achar,54,F,0
1471,1471,Kiran Shetty,50,M,0
1472,1472,Kavya Hegde,35,F,0
1473,1473,Rekha Naik,49,F,0
1474,1474,Vidya Patil,34,F,0
1475,1475,Santosh Naik,46,M,0
1476,1476,Savitha Naik,32,F,0
1477,1477,Shwetha Bhat,30,F,0
1478,1478,Sushma Patil,34,F,0
1479,1479,Kiran Murthy,40,M,0
1480,1480,Suresh Gowda,19,M,0
1481,1481,Geetha Naik,70,F,0
1482,1482,Manjunath Prasad,69,M,0
1483,1483,Ramesh Achar,35,M,0
1484,1484,Geetha Shetty,29,F,0
1485,1485,Kavya Nayak,34,F,0
1486,1486,Lakshmi Shetty,32,F,0
1487,1487,Harish Pasha,69,M,0
1488,1488,Prasad Hegde,63,M,0
1489,1489,Santosh Prasad,49,M,0
1490,1490,Kiran Rao,18,M,0
1491,1491,Rekha Naik,57,F,0
1492,1492,Lakshmi Kumar,38,F,0
1493,1493,Geetha Murthy,49,F,0
1494,1494,Lakshmi Raju,32,F,0
1495,1495,Sushma Nayak,40,F,0
1496,1496,Roopa Bhat,67,F,0
1497,1497,Prasad Prasad,26,M,0
1498,1498,Manjunath Setty,31,M,0
1499,1499,Anitha Gowda,36,F,0
1500,1500,Suresh Nayak,23,M,0
1501,1501,Divya Bhat,21,F,0
1502,1502,Prakash Bhat,18,M,0
1503,1503,Ravi Reddy,64,M,0
1504,1504,Ramesh Shetty,46,M,0
1505,1505,Basavaraj Kumar,39,M,0
1506,1506,Deepa Raju,20,F,0
1507,1507,Basavaraj Patil,66,M,0
1508,1508,Divya Nayak,68,F,0
1509,1509,Savitha Achar,21,F,0
1510,1510,Kavya Hegde,18,F,0
1511,1511,Savitha Shetty,56,F,0
1512,1512,Bhavya Naik,68,F,0
1513,1513,Shwetha Prasad,45,F,0
1514,1514,Sushma Bhat,38,F,0
1515,1515,Bhavya Prasad,38,F,0
1516,1516,Suresh Prasad,63,M,0
1517,1517,Firoz Shetty,48,M,0
1518,1518,Santosh Naik,24,M,0
1519,1519,Kiran Hegde,38,M,0
1520,1520,Sushma Raju,52,F,0
1521,1521,Shwetha Gowda,21,F,0
1522,1522,Deepa Bhat,56,F,0
1523,1523,Basavaraj Achar,57,M,0
1524,1524,Anil Pasha,49,M,0
1525,1525,Roopa Naik,65,F,0
1526,1526,Bhavya Raju,48,F,0
1527,1527,Bhavya Nayak,41,F,0
1528,1528,Imran Patil,60,M,0
1529,1529,Lokesh Gowda,25,M,0
1530,1530,Manjunath Reddy,52,M,0
1531,1531,Roopa Shetty,67,F,0
1532,1532,Umesh Prasad,55,M,0
1533,1533,Basavaraj Bhat,62,M,0
1534,1534,Suresh Pasha,27,M,0
1535,1535,Anil Murthy,46,M,0
1536,1536,Shwetha Patil,54,F,0
1537,1537,Imran Prasad,27,M,0
1538,1538,Divya Raju,20,F,0
1539,1539,Ramesh Setty,50,M,0
1540,1540,Firoz Patil,34,M,0
1541,1541,Shwetha Murthy,31,F,0
1542,1542,Harish Achar,61,M,0
1543,1543,Nagaratna Setty,43,F,0
1544,1544,Anil Kumar,37,M,0
1545,1545,Umesh Shetty,32,M,0
1546,1546,Divya Nayak,44,F,0
1547,1547,Firoz Raju,59,M,0
1548,1548,Umesh Naik,64,M,0
1549,1549,Roopa Raju,29,F,0
1550,1550,Lakshmi Hegde,60,F,0
1551,1551,Anitha Setty,47,F,0
1552,1552,Girish Gowda,47,M,0
1553,1553,Shivakumar Murthy,41,M,0
1554,1554,Manjunath Gowda,31,M,0
1555,1555,Kiran Setty,53,M,0
1556,1556,Divya Pasha,24,F,0
1557,1557,Geetha Hegde,34,F,0
1558,1558,Naveen Raju,30,M,0
1559,1559,Savitha Murthy,18,F,0
1560,1560,Geetha Kumar,42,F,0
1561,1561,Vidya Hegde,70,F,0
1562,1562,Mahesh Prasad,47,M,0
1563,1563,Kavya Shetty,21,F,0
1564,1564,Mahesh Murthy,36,M,0
1565,1565,Kiran Bhat,28,M,0
1566,1566,Nagaraj Pasha,33,M,0
1567,1567,Shwetha Hegde,46,F,0
1568,1568,Deepa Raju,30,F,0
1569,1569,Naveen Shetty,40,M,0
1570,1570,Deepa Gowda,24,F,0
1571,1571,Manjunath Patil,68,M,0
1572,1572,Savitha Raju,62,F,0
1573,1573,Suresh Rao,29,M,0
1574,1574,Anitha Nayak,68,F,0
1575,1575,Firoz Bhat,37,M,0
1576,1576,Girish Achar,47,M,0
1577,1577,Prakash Murthy,50,M,0
1578,1578,Prakash Prasad,69,M,0
1579,1579,Savitha Murthy,20,F,0
1580,1580,Vidya Naik,23,F,0
1581,1581,Kavya Bhat,52,F,0
1582,1582,Sushma Gowda,22,F,0
1583,1583,Vinay Prasad,23,M,0
1584,1584,Lakshmi Setty,48,F,0
1585,1585,Kavya Kumar,49,F,0
1586,1586,Rekha Rao,31,F,0
1587,1587,Bhavya Gowda,39,F,0
1588,1588,Nagaratna Naik,55,F,0
1589,1589,Shivakumar Pasha,68,M,0
1590,1590,Vinay Hegde,24,M,0
1591,1591,Suresh Achar,65,M,0
1592,1592,Bhavya Raju,48,F,0
1593,1593,Naveen Gowda,69,M,0
1594,1594,Imran Nayak,32,M,0
1595,1595,Kiran Nayak,35,M,0
1596,1596,Sushma Prasad,37,F,0
1597,1597,Manjunath Raju,70,M,0
1598,1598,Deepa Prasad,45,F,0
1599,1599,Naveen Kumar,18,M,0
1600,1600,Imran Patil,53,M,0
1601,1601,Nagaratna Hegde,37,F,0
1602,1602,Savitha Reddy,68,F,0
1603,1603,Anitha Pasha,28,F,0
1604,1604,Harish Setty,32,M,0
1605,1605,Umesh Kumar,65,M,0
1606,1606,Vinay Shetty,24,M,0
1607,1607,Arun Kumar,42,M,0
1608,1608,Kavya Hegde,60,F,0
1609,1609,Shwetha Reddy,42,F,0
1610,1610,Bhavya Prasad,47,F,0
1611,1611,Rekha Raju,45,F,0
1612,1612,Naveen Rao,30,M,0
1613,1613,Anil Kumar,51,M,0
1614,1614,Vinay Rao,50,M,0
1615,1615,Nagaraj Nayak,22,M,0
1616,1616,Lakshmi Bhat,62,F,0
1617,1617,Girish Rao,25,M,0
1618,1618,Santosh Shetty,34,M,0
1619,1619,Geetha Shetty,60,F,0
1620,1620,Prakash Hegde,64,M,0
1621,1621,Vidya Shetty,45,F,0
1622,1622,Nagaraj Raju,54,M,0
1623,1623,Divya Nayak,60,F,0
1624,1624,Kavya Setty,33,F,0
1625,1625,Prasad Murthy,50,M,0
1626,1626,Arun Prasad,34,M,0
1627,1627,Prakash Gowda,47,M,0
1628,1628,Divya Bhat,40,F,0
1629,1629,Manjunath Prasad,54,M,0
1630,1630,Divya Naik,30,F,0
1631,1631,Lakshmi Shetty,63,F,0
1632,1632,Arun Gowda,50,M,0
1633,1633,Geetha Patil,54,F,0
1634,1634,Nagaratna Kumar,36,F,0
1635,1635,Rekha Achar,24,F,0
1636,1636,Kiran Hegde,58,M,0
1637,1637,Arun Nayak,37,M,0
1638,1638,Naveen Shetty,40,M,0
1639,1639,Basavaraj Reddy,28,M,0
1640,1640,Divya Naik,25,F,0
1641,1641,Rekha Murthy,50,F,0
1642,1642,Anil Patil,32,M,0
1643,1643,Prasad Achar,62,M,0
1644,1644,Prakash Gowda,70,M,0
1645,1645,Roopa Murthy,52,F,0
1646,1646,Lokesh Gowda,39,M,0
1647,1647,Arun Naik,56,M,0
1648,1648,Basavaraj Rao,47,M,0
1649,1649,Sushma Prasad,56,F,0
1650,1650,Anitha Nayak,40,F,0
1651,1651,Nagaraj Nayak,68,M,0
1652,1652,Vidya Naik,39,F,0
1653,1653,Shivakumar Shetty,67,M,0
1654,1654,Geetha Raju,66,F,0
1655,1655,Deepa Naik,18,F,0
1656,1656,Naveen Bhat,26,M,0
1657,1657,Rekha Rao,58,F,0
1658,1658,Firoz Kumar,48,M,0
1659,1659,Manjunath Kumar,66,M,0
1660,1660,Divya Raju,51,F,0
1661,1661,Kavya Rao,65,F,0
1662,1662,Naveen Naik,53,M,0
1663,1663,Shivakumar Kumar,61,M,0
1664,1664,Geetha Murthy,53,F,0
1665,1665,Basavaraj Nayak,42,M,0
1666,1666,Rekha Raju,64,F,0
1667,1667,Imran Achar,43,M,0
1668,1668,Ravi Raju,24,M,0
1669,1669,Lokesh Patil,46,M,0
1670,1670,Deepa Setty,49,F,0
1671,1671,Shwetha Kumar,59,F,0
1672,1672,Prasad Setty,43,M,0
1673,1673,Kiran Reddy,65,M,0
1674,1674,Naveen Nayak,55,M,0
1675,1675,Prasad Nayak,64,M,0
1676,1676,Bhavya Hegde,53,F,0
1677,1677,Imran Pasha,44,M,0
1678,1678,Manjunath Raju,35,M,0
1679,1679,Girish Setty,23,M,0
1680,1680,Deepa Patil,35,F,0
1681,1681,Harish Bhat,33,M,0
1682,1682,Nagaratna Shetty,38,F,0
1683,1683,Nagaraj Shetty,68,M,0
1684,1684,Ramesh Hegde,30,M,0
1685,1685,Firoz Raju,69,M,0
1686,1686,Ramesh Naik,52,M,0
1687,1687,Manjunath Shetty,33,M,0
1688,1688,Kavya Prasad,62,F,0
1689,1689,Roopa Pasha,22,F,0
1690,1690,Santosh Gowda,47,M,0
1691,1691,Manjunath Kumar,50,M,0
1692,1692,Harish Kumar,69,M,0
1693,1693,Naveen Hegde,49,M,0
1694,1694,Girish Reddy,54,M,0
1695,1695,Naveen Setty,48,M,0
1696,1696,Basavaraj Kumar,43,M,0
1697,1697,Girish Kumar,58,M,0
1698,1698,Ramesh Murthy,49,M,0
1699,1699,Vidya Naik,52,F,0
1700,1700,Divya Murthy,65,F,0
1701,1701,Roopa Rao,69,F,0
1702,1702,Santosh Achar,40,M,0
1703,1703,Prasad Raju,50,M,0
1704,1704,Nagaratna Shetty,65,F,0
1705,1705,Kiran Murthy,24,M,0
1706,1706,Kiran Nayak,59,M,0
1707,1707,Divya Shetty,34,F,0
1708,1708,Savitha Naik,40,F,0
1709,1709,Deepa Raju,18,F,0
1710,1710,Rekha Murthy,64,F,0
1711,1711,Vidya Achar,23,F,0
1712,1712,Divya Bhat,41,F,0
1713,1713,Deepa Kumar,26,F,0
1714,1714,Anitha Raju,63,F,0
1715,1715,Vidya Achar,66,F,0
1716,1716,Vidya Gowda,53,F,0
1717,1717,Harish Rao,43,M,0
1718,1718,Anitha Naik,69,F,0
1719,1719,Kiran Setty,24,M,0
1720,1720,Umesh Bhat,66,M,0
1721,1721,Divya Shetty,35,F,0
1722,1722,Arun Hegde,39,M,0
1723,1723,Divya Pasha,18,F,0
1724,1724,Firoz Prasad,38,M,0
1725,1725,Rekha Rao,55,F,0
1726,1726,Rekha Pasha,59,F,0
1727,1727,Arun Reddy,27,M,0
1728,1728,Kavya Kumar,58,F,0
