CaseMasterID,ActID,SectionID,ActOrderID,SectionOrderID
1,IPC,356,1,1
1,IPC,379,1,1
2,IPC,356,1,1
2,IPC,379,1,1
3,IPC,356,1,1
3,IPC,379,1,1
4,IPC,356,1,1
4,IPC,379,1,1
5,IPC,356,1,1
5,IPC,379,1,1
6,IPC,356,1,1
6,IPC,379,1,1
7,IPC,356,1,1
7,IPC,379,1,1
8,IPC,457,1,1
8,IPC,380,1,1
9,IPC,457,1,1
9,IPC,380,1,1
10,IPC,457,1,1
10,IPC,380,1,1
11,IPC,457,1,1
11,IPC,380,1,1
12,IPC,457,1,1
12,IPC,380,1,1
13,IPC,457,1,1
13,IPC,380,1,1
14,IPC,379,1,1
15,IPC,379,1,1
16,IPC,379,1,1
17,IPC,379,1,1
18,IPC,379,1,1
19,IPC,379,1,1
20,IPC,379,1,1
21,IPC,379,1,1
22,IPC,392,1,1
23,IPC,392,1,1
24,IPC,392,1,1
25,IPC,392,1,1
26,IPC,392,1,1
27,IPC,392,1,1
28,IPC,457,1,1
28,IPC,380,1,1
29,IPC,457,1,1
29,IPC,380,1,1
30,IPC,457,1,1
30,IPC,380,1,1
31,IPC,457,1,1
31,IPC,380,1,1
32,IPC,457,1,1
32,IPC,380,1,1
33,IPC,356,1,1
33,IPC,379,1,1
34,IPC,356,1,1
34,IPC,379,1,1
35,IPC,356,1,1
35,IPC,379,1,1
36,IPC,356,1,1
36,IPC,379,1,1
37,IPC,356,1,1
37,IPC,379,1,1
38,IPC,356,1,1
38,IPC,379,1,1
39,IPC,356,1,1
39,IPC,379,1,1
40,IPC,356,1,1
40,IPC,379,1,1
41,IPC,356,1,1
41,IPC,379,1,1
42,IPC,356,1,1
42,IPC,379,1,1
43,IPC,356,1,1
43,IPC,379,1,1
44,IPC,356,1,1
44,IPC,379,1,1
45,IPC,379,1,1
46,IPC,379,1,1
47,IPC,379,1,1
48,IPC,379,1,1
49,IPC,379,1,1
50,IPC,379,1,1
51,IPC,392,1,1
52,IPC,392,1,1
53,IPC,392,1,1
54,IPC,392,1,1
55,IPC,392,1,1
56,IPC,457,1,1
56,IPC,380,1,1
57,IPC,457,1,1
57,IPC,380,1,1
58,IPC,457,1,1
58,IPC,380,1,1
59,IPC,457,1,1
59,IPC,380,1,1
60,IPC,457,1,1
60,IPC,380,1,1
61,IPC,457,1,1
61,IPC,380,1,1
62,IPC,356,1,1
62,IPC,379,1,1
63,IPC,356,1,1
63,IPC,379,1,1
64,IPC,356,1,1
64,IPC,379,1,1
65,IPC,356,1,1
65,IPC,379,1,1
66,IPC,356,1,1
66,IPC,379,1,1
67,IPC,356,1,1
67,IPC,379,1,1
68,IPC,307,1,1
69,IPC,307,1,1
70,IPC,307,1,1
71,IPC,307,1,1
72,IPC,307,1,1
73,IPC,379,1,1
74,IPC,379,1,1
75,IPC,379,1,1
76,IPC,379,1,1
77,IPC,379,1,1
78,IPC,379,1,1
79,IPC,307,1,1
80,IPC,379,1,1
80,IPC,411,1,1
81,IPC,354,1,1
82,IPC,379,1,1
82,IPC,411,1,1
83,IPC,457,1,1
83,IPC,380,1,1
84,IPC,379,1,1
85,IPC,356,1,1
85,IPC,379,1,1
86,IPC,354,1,1
87,IPC,356,1,1
87,IPC,379,1,1
88,IPC,379,1,1
89,IPC,323,1,1
90,IPC,420,1,1
91,IPC,420,1,1
92,IPC,307,1,1
93,IPC,420,1,1
94,IPC,420,1,1
95,IPC,307,1,1
96,IPC,379,1,1
96,IPC,411,1,1
97,IPC,392,1,1
98,IPC,354,1,1
99,IPC,392,1,1
100,IPC,307,1,1
101,IPC,457,1,1
101,IPC,380,1,1
102,IPC,323,1,1
103,IPC,302,1,1
104,IPC,379,1,1
104,IPC,411,1,1
105,IPC,379,1,1
105,IPC,411,1,1
106,IPC,420,1,1
107,IPC,420,1,1
108,IPC,323,1,1
109,IPC,307,1,1
110,IPC,379,1,1
110,IPC,411,1,1
111,IPC,379,1,1
112,IPC,307,1,1
113,IPC,457,1,1
113,IPC,380,1,1
114,IPC,379,1,1
114,IPC,411,1,1
115,IPC,323,1,1
116,IPC,354,1,1
117,IPC,379,1,1
117,IPC,411,1,1
118,IPC,379,1,1
119,IPC,379,1,1
119,IPC,411,1,1
120,IPC,457,1,1
120,IPC,380,1,1
121,IPC,302,1,1
122,IPC,379,1,1
122,IPC,411,1,1
123,IPC,457,1,1
123,IPC,380,1,1
124,IPC,354,1,1
125,IPC,420,1,1
126,IPC,420,1,1
127,IPC,354,1,1
128,IPC,392,1,1
129,IPC,420,1,1
130,IPC,379,1,1
131,IPC,323,1,1
132,IPC,354,1,1
133,IPC,379,1,1
134,IPC,379,1,1
135,IPC,379,1,1
136,IPC,420,1,1
137,IPC,307,1,1
138,IPC,307,1,1
139,IPC,307,1,1
140,IPC,354,1,1
141,IPC,323,1,1
142,IPC,457,1,1
142,IPC,380,1,1
143,IPC,302,1,1
144,IPC,420,1,1
145,IPC,307,1,1
146,IPC,354,1,1
147,IPC,302,1,1
148,IPC,307,1,1
149,IPC,354,1,1
150,IPC,323,1,1
151,IPC,323,1,1
152,IPC,302,1,1
153,IPC,392,1,1
154,IPC,379,1,1
154,IPC,411,1,1
155,IPC,420,1,1
156,IPC,420,1,1
157,IPC,307,1,1
158,IPC,379,1,1
158,IPC,411,1,1
159,IPC,356,1,1
159,IPC,379,1,1
160,IPC,323,1,1
161,IPC,302,1,1
162,IPC,323,1,1
163,IPC,420,1,1
164,IPC,392,1,1
165,IPC,307,1,1
166,IPC,392,1,1
167,IPC,379,1,1
168,IPC,457,1,1
168,IPC,380,1,1
169,IPC,392,1,1
170,IPC,354,1,1
171,IPC,356,1,1
171,IPC,379,1,1
172,IPC,323,1,1
173,IPC,323,1,1
174,IPC,420,1,1
175,IPC,307,1,1
176,IPC,379,1,1
177,IPC,392,1,1
178,IPC,323,1,1
179,IPC,356,1,1
179,IPC,379,1,1
180,IPC,392,1,1
181,IPC,354,1,1
182,IPC,356,1,1
182,IPC,379,1,1
183,IPC,420,1,1
184,IPC,420,1,1
185,IPC,392,1,1
186,IPC,457,1,1
186,IPC,380,1,1
187,IPC,302,1,1
188,IPC,354,1,1
189,IPC,354,1,1
190,IPC,392,1,1
191,IPC,302,1,1
192,IPC,323,1,1
193,IPC,457,1,1
193,IPC,380,1,1
194,IPC,302,1,1
195,IPC,457,1,1
195,IPC,380,1,1
196,IPC,379,1,1
197,IPC,356,1,1
197,IPC,379,1,1
198,IPC,356,1,1
198,IPC,379,1,1
199,IPC,356,1,1
199,IPC,379,1,1
200,IPC,302,1,1
201,IPC,379,1,1
201,IPC,411,1,1
202,IPC,379,1,1
203,IPC,356,1,1
203,IPC,379,1,1
204,IPC,420,1,1
205,IPC,379,1,1
206,IPC,356,1,1
206,IPC,379,1,1
207,IPC,302,1,1
208,IPC,354,1,1
209,IPC,354,1,1
210,IPC,379,1,1
211,IPC,307,1,1
212,IPC,379,1,1
213,IPC,379,1,1
214,IPC,457,1,1
214,IPC,380,1,1
215,IPC,379,1,1
216,IPC,392,1,1
217,IPC,354,1,1
218,IPC,379,1,1
219,IPC,392,1,1
220,IPC,457,1,1
220,IPC,380,1,1
221,IPC,379,1,1
221,IPC,411,1,1
222,IPC,307,1,1
223,IPC,379,1,1
224,IPC,420,1,1
225,IPC,356,1,1
225,IPC,379,1,1
226,IPC,307,1,1
227,IPC,323,1,1
228,IPC,457,1,1
228,IPC,380,1,1
229,IPC,420,1,1
230,IPC,323,1,1
231,IPC,392,1,1
232,IPC,420,1,1
233,IPC,307,1,1
234,IPC,354,1,1
235,IPC,420,1,1
236,IPC,323,1,1
237,IPC,379,1,1
237,IPC,411,1,1
238,IPC,356,1,1
238,IPC,379,1,1
239,IPC,379,1,1
240,IPC,457,1,1
240,IPC,380,1,1
241,IPC,457,1,1
241,IPC,380,1,1
242,IPC,307,1,1
243,IPC,379,1,1
243,IPC,411,1,1
244,IPC,392,1,1
245,IPC,379,1,1
246,IPC,307,1,1
247,IPC,323,1,1
248,IPC,323,1,1
249,IPC,379,1,1
249,IPC,411,1,1
250,IPC,379,1,1
250,IPC,411,1,1
251,IPC,392,1,1
252,IPC,302,1,1
253,IPC,420,1,1
254,IPC,356,1,1
254,IPC,379,1,1
255,IPC,307,1,1
256,IPC,307,1,1
257,IPC,307,1,1
258,IPC,356,1,1
258,IPC,379,1,1
259,IPC,356,1,1
259,IPC,379,1,1
260,IPC,302,1,1
261,IPC,323,1,1
262,IPC,307,1,1
263,IPC,420,1,1
264,IPC,392,1,1
265,IPC,379,1,1
265,IPC,411,1,1
266,IPC,356,1,1
266,IPC,379,1,1
267,IPC,302,1,1
268,IPC,457,1,1
268,IPC,380,1,1
269,IPC,379,1,1
269,IPC,411,1,1
270,IPC,457,1,1
270,IPC,380,1,1
271,IPC,392,1,1
272,IPC,356,1,1
272,IPC,379,1,1
273,IPC,302,1,1
274,IPC,457,1,1
274,IPC,380,1,1
275,IPC,323,1,1
276,IPC,379,1,1
276,IPC,411,1,1
277,IPC,307,1,1
278,IPC,307,1,1
279,IPC,379,1,1
280,IPC,302,1,1
281,IPC,354,1,1
282,IPC,323,1,1
283,IPC,379,1,1
283,IPC,411,1,1
284,IPC,457,1,1
284,IPC,380,1,1
285,IPC,379,1,1
286,IPC,307,1,1
287,IPC,323,1,1
288,IPC,354,1,1
289,IPC,379,1,1
289,IPC,411,1,1
290,IPC,323,1,1
291,IPC,420,1,1
292,IPC,457,1,1
292,IPC,380,1,1
293,IPC,420,1,1
294,IPC,356,1,1
294,IPC,379,1,1
295,IPC,392,1,1
296,IPC,379,1,1
296,IPC,411,1,1
297,IPC,379,1,1
297,IPC,411,1,1
298,IPC,302,1,1
299,IPC,379,1,1
300,IPC,379,1,1
300,IPC,411,1,1
301,IPC,302,1,1
302,IPC,392,1,1
303,IPC,379,1,1
304,IPC,379,1,1
305,IPC,457,1,1
305,IPC,380,1,1
306,IPC,354,1,1
307,IPC,379,1,1
308,IPC,379,1,1
308,IPC,411,1,1
309,IPC,379,1,1
309,IPC,411,1,1
310,IPC,354,1,1
311,IPC,420,1,1
312,IPC,302,1,1
313,IPC,392,1,1
314,IPC,354,1,1
315,IPC,302,1,1
316,IPC,307,1,1
317,IPC,323,1,1
318,IPC,379,1,1
318,IPC,411,1,1
319,IPC,307,1,1
320,IPC,307,1,1
321,IPC,323,1,1
322,IPC,302,1,1
323,IPC,420,1,1
324,IPC,302,1,1
325,IPC,420,1,1
326,IPC,379,1,1
327,IPC,379,1,1
327,IPC,411,1,1
328,IPC,354,1,1
329,IPC,307,1,1
330,IPC,356,1,1
330,IPC,379,1,1
331,IPC,379,1,1
332,IPC,392,1,1
333,IPC,379,1,1
334,IPC,379,1,1
335,IPC,392,1,1
336,IPC,323,1,1
337,IPC,420,1,1
338,IPC,323,1,1
339,IPC,379,1,1
339,IPC,411,1,1
340,IPC,379,1,1
340,IPC,411,1,1
341,IPC,354,1,1
342,IPC,379,1,1
342,IPC,411,1,1
343,IPC,354,1,1
344,IPC,302,1,1
345,IPC,307,1,1
346,IPC,354,1,1
347,IPC,379,1,1
347,IPC,411,1,1
348,IPC,354,1,1
349,IPC,420,1,1
350,IPC,307,1,1
351,IPC,323,1,1
352,IPC,420,1,1
353,IPC,323,1,1
354,IPC,379,1,1
355,IPC,457,1,1
355,IPC,380,1,1
356,IPC,356,1,1
356,IPC,379,1,1
357,IPC,307,1,1
358,IPC,323,1,1
359,IPC,307,1,1
360,IPC,379,1,1
361,IPC,354,1,1
362,IPC,379,1,1
362,IPC,411,1,1
363,IPC,379,1,1
363,IPC,411,1,1
364,IPC,323,1,1
365,IPC,323,1,1
366,IPC,302,1,1
367,IPC,354,1,1
368,IPC,379,1,1
369,IPC,356,1,1
369,IPC,379,1,1
370,IPC,392,1,1
371,IPC,323,1,1
372,IPC,307,1,1
373,IPC,354,1,1
374,IPC,307,1,1
375,IPC,307,1,1
376,IPC,307,1,1
377,IPC,354,1,1
378,IPC,457,1,1
378,IPC,380,1,1
379,IPC,379,1,1
379,IPC,411,1,1
380,IPC,323,1,1
381,IPC,379,1,1
381,IPC,411,1,1
382,IPC,356,1,1
382,IPC,379,1,1
383,IPC,323,1,1
384,IPC,457,1,1
384,IPC,380,1,1
385,IPC,457,1,1
385,IPC,380,1,1
386,IPC,302,1,1
387,IPC,379,1,1
387,IPC,411,1,1
388,IPC,356,1,1
388,IPC,379,1,1
389,IPC,420,1,1
390,IPC,307,1,1
391,IPC,457,1,1
391,IPC,380,1,1
392,IPC,354,1,1
393,IPC,379,1,1
393,IPC,411,1,1
394,IPC,392,1,1
395,IPC,420,1,1
396,IPC,457,1,1
396,IPC,380,1,1
397,IPC,356,1,1
397,IPC,379,1,1
398,IPC,379,1,1
399,IPC,420,1,1
400,IPC,302,1,1
401,IPC,323,1,1
402,IPC,420,1,1
403,IPC,356,1,1
403,IPC,379,1,1
404,IPC,307,1,1
405,IPC,356,1,1
405,IPC,379,1,1
406,IPC,420,1,1
407,IPC,420,1,1
408,IPC,379,1,1
408,IPC,411,1,1
409,IPC,392,1,1
410,IPC,323,1,1
411,IPC,323,1,1
412,IPC,302,1,1
413,IPC,302,1,1
414,IPC,420,1,1
415,IPC,356,1,1
415,IPC,379,1,1
416,IPC,356,1,1
416,IPC,379,1,1
417,IPC,392,1,1
418,IPC,356,1,1
418,IPC,379,1,1
419,IPC,392,1,1
420,IPC,356,1,1
420,IPC,379,1,1
421,IPC,307,1,1
422,IPC,323,1,1
423,IPC,307,1,1
424,IPC,392,1,1
425,IPC,307,1,1
426,IPC,356,1,1
426,IPC,379,1,1
427,IPC,307,1,1
428,IPC,379,1,1
428,IPC,411,1,1
429,IPC,356,1,1
429,IPC,379,1,1
430,IPC,356,1,1
430,IPC,379,1,1
431,IPC,307,1,1
432,IPC,323,1,1
433,IPC,379,1,1
434,IPC,379,1,1
435,IPC,307,1,1
436,IPC,356,1,1
436,IPC,379,1,1
437,IPC,420,1,1
438,IPC,307,1,1
439,IPC,354,1,1
440,IPC,354,1,1
441,IPC,379,1,1
442,IPC,420,1,1
443,IPC,307,1,1
444,IPC,354,1,1
445,IPC,307,1,1
446,IPC,302,1,1
447,IPC,420,1,1
448,IPC,354,1,1
449,IPC,356,1,1
449,IPC,379,1,1
450,IPC,354,1,1
451,IPC,307,1,1
452,IPC,302,1,1
453,IPC,420,1,1
454,IPC,302,1,1
455,IPC,379,1,1
456,IPC,354,1,1
457,IPC,354,1,1
458,IPC,354,1,1
459,IPC,302,1,1
460,IPC,379,1,1
461,IPC,307,1,1
462,IPC,379,1,1
463,IPC,379,1,1
464,IPC,323,1,1
465,IPC,457,1,1
465,IPC,380,1,1
466,IPC,420,1,1
467,IPC,302,1,1
468,IPC,323,1,1
469,IPC,392,1,1
470,IPC,302,1,1
471,IPC,307,1,1
472,IPC,307,1,1
473,IPC,307,1,1
474,IPC,392,1,1
475,IPC,354,1,1
476,IPC,356,1,1
476,IPC,379,1,1
477,IPC,392,1,1
478,IPC,307,1,1
479,IPC,307,1,1
480,IPC,354,1,1
481,IPC,323,1,1
482,IPC,323,1,1
483,IPC,356,1,1
483,IPC,379,1,1
484,IPC,457,1,1
484,IPC,380,1,1
485,IPC,457,1,1
485,IPC,380,1,1
486,IPC,302,1,1
487,IPC,354,1,1
488,IPC,457,1,1
488,IPC,380,1,1
489,IPC,420,1,1
490,IPC,354,1,1
491,IPC,323,1,1
492,IPC,420,1,1
493,IPC,307,1,1
494,IPC,302,1,1
495,IPC,302,1,1
496,IPC,302,1,1
497,IPC,420,1,1
498,IPC,420,1,1
499,IPC,420,1,1
500,IPC,379,1,1
501,IPC,354,1,1
502,IPC,356,1,1
502,IPC,379,1,1
503,IPC,379,1,1
504,IPC,356,1,1
504,IPC,379,1,1
505,IPC,392,1,1
506,IPC,392,1,1
507,IPC,323,1,1
508,IPC,323,1,1
509,IPC,420,1,1
510,IPC,302,1,1
511,IPC,307,1,1
512,IPC,379,1,1
512,IPC,411,1,1
513,IPC,457,1,1
513,IPC,380,1,1
514,IPC,356,1,1
514,IPC,379,1,1
515,IPC,356,1,1
515,IPC,379,1,1
516,IPC,457,1,1
516,IPC,380,1,1
517,IPC,379,1,1
517,IPC,411,1,1
518,IPC,307,1,1
519,IPC,307,1,1
520,IPC,323,1,1
521,IPC,379,1,1
522,IPC,392,1,1
523,IPC,307,1,1
524,IPC,323,1,1
525,IPC,302,1,1
526,IPC,379,1,1
527,IPC,457,1,1
527,IPC,380,1,1
528,IPC,307,1,1
529,IPC,457,1,1
529,IPC,380,1,1
530,IPC,379,1,1
530,IPC,411,1,1
531,IPC,379,1,1
532,IPC,420,1,1
533,IPC,420,1,1
534,IPC,356,1,1
534,IPC,379,1,1
535,IPC,392,1,1
536,IPC,420,1,1
537,IPC,379,1,1
538,IPC,302,1,1
539,IPC,354,1,1
540,IPC,354,1,1
541,IPC,420,1,1
542,IPC,354,1,1
543,IPC,379,1,1
543,IPC,411,1,1
544,IPC,420,1,1
545,IPC,379,1,1
546,IPC,354,1,1
547,IPC,307,1,1
548,IPC,379,1,1
549,IPC,354,1,1
550,IPC,307,1,1
551,IPC,323,1,1
552,IPC,420,1,1
553,IPC,420,1,1
554,IPC,323,1,1
555,IPC,392,1,1
556,IPC,302,1,1
557,IPC,379,1,1
558,IPC,457,1,1
558,IPC,380,1,1
559,IPC,302,1,1
560,IPC,379,1,1
560,IPC,411,1,1
561,IPC,392,1,1
562,IPC,323,1,1
563,IPC,457,1,1
563,IPC,380,1,1
564,IPC,379,1,1
565,IPC,457,1,1
565,IPC,380,1,1
566,IPC,420,1,1
567,IPC,457,1,1
567,IPC,380,1,1
568,IPC,379,1,1
569,IPC,356,1,1
569,IPC,379,1,1
570,IPC,379,1,1
570,IPC,411,1,1
571,IPC,307,1,1
572,IPC,307,1,1
573,IPC,356,1,1
573,IPC,379,1,1
574,IPC,457,1,1
574,IPC,380,1,1
575,IPC,302,1,1
576,IPC,379,1,1
577,IPC,323,1,1
578,IPC,302,1,1
579,IPC,354,1,1
580,IPC,302,1,1
581,IPC,356,1,1
581,IPC,379,1,1
582,IPC,354,1,1
583,IPC,356,1,1
583,IPC,379,1,1
584,IPC,307,1,1
585,IPC,302,1,1
586,IPC,379,1,1
587,IPC,307,1,1
588,IPC,420,1,1
589,IPC,302,1,1
590,IPC,420,1,1
591,IPC,420,1,1
592,IPC,307,1,1
593,IPC,457,1,1
593,IPC,380,1,1
594,IPC,379,1,1
594,IPC,411,1,1
595,IPC,420,1,1
596,IPC,392,1,1
597,IPC,379,1,1
597,IPC,411,1,1
598,IPC,420,1,1
599,IPC,457,1,1
599,IPC,380,1,1
600,IPC,379,1,1
601,IPC,302,1,1
602,IPC,420,1,1
603,IPC,354,1,1
604,IPC,356,1,1
604,IPC,379,1,1
605,IPC,307,1,1
606,IPC,379,1,1
607,IPC,457,1,1
607,IPC,380,1,1
608,IPC,356,1,1
608,IPC,379,1,1
609,IPC,302,1,1
610,IPC,392,1,1
611,IPC,457,1,1
611,IPC,380,1,1
612,IPC,379,1,1
612,IPC,411,1,1
613,IPC,354,1,1
614,IPC,457,1,1
614,IPC,380,1,1
615,IPC,307,1,1
616,IPC,356,1,1
616,IPC,379,1,1
617,IPC,392,1,1
618,IPC,379,1,1
618,IPC,411,1,1
619,IPC,307,1,1
620,IPC,302,1,1
621,IPC,323,1,1
622,IPC,356,1,1
622,IPC,379,1,1
623,IPC,392,1,1
624,IPC,379,1,1
625,IPC,392,1,1
626,IPC,457,1,1
626,IPC,380,1,1
627,IPC,379,1,1
627,IPC,411,1,1
628,IPC,420,1,1
629,IPC,379,1,1
629,IPC,411,1,1
630,IPC,356,1,1
630,IPC,379,1,1
631,IPC,302,1,1
632,IPC,379,1,1
633,IPC,354,1,1
634,IPC,354,1,1
635,IPC,354,1,1
636,IPC,392,1,1
637,IPC,379,1,1
637,IPC,411,1,1
638,IPC,354,1,1
639,IPC,356,1,1
639,IPC,379,1,1
640,IPC,302,1,1
641,IPC,420,1,1
642,IPC,379,1,1
643,IPC,307,1,1
644,IPC,356,1,1
644,IPC,379,1,1
645,IPC,457,1,1
645,IPC,380,1,1
646,IPC,392,1,1
647,IPC,302,1,1
648,IPC,302,1,1
649,IPC,392,1,1
650,IPC,379,1,1
651,IPC,392,1,1
652,IPC,392,1,1
653,IPC,420,1,1
654,IPC,354,1,1
655,IPC,392,1,1
656,IPC,323,1,1
657,IPC,379,1,1
657,IPC,411,1,1
658,IPC,356,1,1
658,IPC,379,1,1
659,IPC,323,1,1
660,IPC,457,1,1
660,IPC,380,1,1
661,IPC,302,1,1
662,IPC,379,1,1
663,IPC,379,1,1
664,IPC,420,1,1
665,IPC,420,1,1
666,IPC,307,1,1
667,IPC,379,1,1
668,IPC,354,1,1
669,IPC,302,1,1
670,IPC,356,1,1
670,IPC,379,1,1
671,IPC,356,1,1
671,IPC,379,1,1
672,IPC,379,1,1
672,IPC,411,1,1
673,IPC,420,1,1
674,IPC,323,1,1
675,IPC,356,1,1
675,IPC,379,1,1
676,IPC,392,1,1
677,IPC,354,1,1
678,IPC,420,1,1
679,IPC,457,1,1
679,IPC,380,1,1
680,IPC,379,1,1
681,IPC,392,1,1
682,IPC,379,1,1
683,IPC,323,1,1
684,IPC,379,1,1
684,IPC,411,1,1
685,IPC,354,1,1
686,IPC,356,1,1
686,IPC,379,1,1
687,IPC,307,1,1
688,IPC,356,1,1
688,IPC,379,1,1
689,IPC,354,1,1
690,IPC,379,1,1
691,IPC,356,1,1
691,IPC,379,1,1
692,IPC,356,1,1
692,IPC,379,1,1
693,IPC,302,1,1
694,IPC,302,1,1
695,IPC,379,1,1
695,IPC,411,1,1
696,IPC,457,1,1
696,IPC,380,1,1
697,IPC,302,1,1
698,IPC,354,1,1
699,IPC,392,1,1
700,IPC,356,1,1
700,IPC,379,1,1
701,IPC,379,1,1
702,IPC,392,1,1
703,IPC,323,1,1
704,IPC,420,1,1
705,IPC,302,1,1
706,IPC,323,1,1
707,IPC,354,1,1
708,IPC,302,1,1
709,IPC,307,1,1
710,IPC,379,1,1
711,IPC,323,1,1
712,IPC,354,1,1
713,IPC,379,1,1
713,IPC,411,1,1
714,IPC,323,1,1
715,IPC,457,1,1
715,IPC,380,1,1
716,IPC,356,1,1
716,IPC,379,1,1
717,IPC,302,1,1
718,IPC,323,1,1
719,IPC,392,1,1
720,IPC,379,1,1
721,IPC,420,1,1
722,IPC,457,1,1
722,IPC,380,1,1
723,IPC,379,1,1
724,IPC,356,1,1
724,IPC,379,1,1
725,IPC,356,1,1
725,IPC,379,1,1
726,IPC,323,1,1
727,IPC,420,1,1
728,IPC,392,1,1
729,IPC,420,1,1
730,IPC,379,1,1
731,IPC,457,1,1
731,IPC,380,1,1
732,IPC,392,1,1
733,IPC,457,1,1
733,IPC,380,1,1
734,IPC,307,1,1
735,IPC,392,1,1
736,IPC,392,1,1
737,IPC,392,1,1
738,IPC,323,1,1
739,IPC,307,1,1
740,IPC,457,1,1
740,IPC,380,1,1
741,IPC,379,1,1
742,IPC,379,1,1
743,IPC,379,1,1
743,IPC,411,1,1
744,IPC,356,1,1
744,IPC,379,1,1
745,IPC,302,1,1
746,IPC,323,1,1
747,IPC,379,1,1
747,IPC,411,1,1
748,IPC,457,1,1
748,IPC,380,1,1
749,IPC,457,1,1
749,IPC,380,1,1
750,IPC,302,1,1
751,IPC,457,1,1
751,IPC,380,1,1
752,IPC,323,1,1
753,IPC,392,1,1
754,IPC,379,1,1
755,IPC,356,1,1
755,IPC,379,1,1
756,IPC,307,1,1
757,IPC,420,1,1
758,IPC,307,1,1
759,IPC,356,1,1
759,IPC,379,1,1
760,IPC,323,1,1
761,IPC,302,1,1
762,IPC,323,1,1
763,IPC,307,1,1
764,IPC,420,1,1
765,IPC,392,1,1
766,IPC,307,1,1
767,IPC,323,1,1
768,IPC,379,1,1
768,IPC,411,1,1
769,IPC,307,1,1
770,IPC,323,1,1
771,IPC,457,1,1
771,IPC,380,1,1
772,IPC,420,1,1
773,IPC,379,1,1
773,IPC,411,1,1
774,IPC,356,1,1
774,IPC,379,1,1
775,IPC,420,1,1
776,IPC,307,1,1
777,IPC,323,1,1
778,IPC,457,1,1
778,IPC,380,1,1
779,IPC,302,1,1
780,IPC,356,1,1
780,IPC,379,1,1
781,IPC,379,1,1
782,IPC,354,1,1
783,IPC,420,1,1
784,IPC,392,1,1
785,IPC,307,1,1
786,IPC,323,1,1
787,IPC,379,1,1
787,IPC,411,1,1
788,IPC,379,1,1
788,IPC,411,1,1
789,IPC,302,1,1
790,IPC,420,1,1
791,IPC,302,1,1
792,IPC,379,1,1
792,IPC,411,1,1
793,IPC,302,1,1
794,IPC,379,1,1
794,IPC,411,1,1
795,IPC,457,1,1
795,IPC,380,1,1
796,IPC,420,1,1
797,IPC,307,1,1
798,IPC,307,1,1
799,IPC,379,1,1
799,IPC,411,1,1
800,IPC,307,1,1
801,IPC,354,1,1
802,IPC,457,1,1
802,IPC,380,1,1
803,IPC,356,1,1
803,IPC,379,1,1
804,IPC,354,1,1
805,IPC,302,1,1
806,IPC,379,1,1
806,IPC,411,1,1
807,IPC,420,1,1
808,IPC,323,1,1
809,IPC,323,1,1
810,IPC,392,1,1
811,IPC,302,1,1
812,IPC,354,1,1
813,IPC,354,1,1
814,IPC,457,1,1
814,IPC,380,1,1
815,IPC,302,1,1
816,IPC,354,1,1
817,IPC,356,1,1
817,IPC,379,1,1
818,IPC,379,1,1
819,IPC,323,1,1
820,IPC,302,1,1
821,IPC,379,1,1
822,IPC,379,1,1
823,IPC,356,1,1
823,IPC,379,1,1
824,IPC,392,1,1
825,IPC,379,1,1
826,IPC,356,1,1
826,IPC,379,1,1
827,IPC,323,1,1
828,IPC,392,1,1
829,IPC,302,1,1
830,IPC,356,1,1
830,IPC,379,1,1
831,IPC,302,1,1
832,IPC,392,1,1
833,IPC,323,1,1
834,IPC,302,1,1
835,IPC,392,1,1
836,IPC,457,1,1
836,IPC,380,1,1
837,IPC,307,1,1
838,IPC,323,1,1
839,IPC,356,1,1
839,IPC,379,1,1
840,IPC,307,1,1
841,IPC,356,1,1
841,IPC,379,1,1
842,IPC,457,1,1
842,IPC,380,1,1
843,IPC,420,1,1
844,IPC,323,1,1
845,IPC,379,1,1
845,IPC,411,1,1
846,IPC,323,1,1
847,IPC,379,1,1
847,IPC,411,1,1
848,IPC,392,1,1
849,IPC,307,1,1
850,IPC,392,1,1
851,IPC,323,1,1
852,IPC,392,1,1
853,IPC,379,1,1
853,IPC,411,1,1
854,IPC,354,1,1
855,IPC,379,1,1
856,IPC,457,1,1
856,IPC,380,1,1
857,IPC,392,1,1
858,IPC,457,1,1
858,IPC,380,1,1
859,IPC,302,1,1
860,IPC,420,1,1
861,IPC,356,1,1
861,IPC,379,1,1
862,IPC,379,1,1
862,IPC,411,1,1
863,IPC,354,1,1
864,IPC,354,1,1
865,IPC,420,1,1
866,IPC,420,1,1
867,IPC,420,1,1
868,IPC,356,1,1
868,IPC,379,1,1
869,IPC,457,1,1
869,IPC,380,1,1
870,IPC,302,1,1
871,IPC,420,1,1
872,IPC,379,1,1
872,IPC,411,1,1
873,IPC,323,1,1
874,IPC,457,1,1
874,IPC,380,1,1
875,IPC,323,1,1
876,IPC,379,1,1
877,IPC,302,1,1
878,IPC,323,1,1
879,IPC,354,1,1
880,IPC,379,1,1
881,IPC,379,1,1
882,IPC,323,1,1
883,IPC,379,1,1
884,IPC,302,1,1
885,IPC,379,1,1
885,IPC,411,1,1
886,IPC,392,1,1
887,IPC,354,1,1
888,IPC,354,1,1
889,IPC,356,1,1
889,IPC,379,1,1
890,IPC,420,1,1
891,IPC,420,1,1
892,IPC,379,1,1
893,IPC,379,1,1
893,IPC,411,1,1
894,IPC,323,1,1
895,IPC,379,1,1
896,IPC,307,1,1
897,IPC,457,1,1
897,IPC,380,1,1
898,IPC,379,1,1
899,IPC,392,1,1
900,IPC,356,1,1
900,IPC,379,1,1
901,IPC,302,1,1
902,IPC,354,1,1
903,IPC,356,1,1
903,IPC,379,1,1
904,IPC,302,1,1
905,IPC,323,1,1
906,IPC,457,1,1
906,IPC,380,1,1
907,IPC,379,1,1
907,IPC,411,1,1
908,IPC,323,1,1
909,IPC,354,1,1
910,IPC,457,1,1
910,IPC,380,1,1
911,IPC,302,1,1
912,IPC,356,1,1
912,IPC,379,1,1
913,IPC,307,1,1
914,IPC,420,1,1
915,IPC,307,1,1
916,IPC,392,1,1
917,IPC,356,1,1
917,IPC,379,1,1
918,IPC,302,1,1
919,IPC,356,1,1
919,IPC,379,1,1
920,IPC,420,1,1
921,IPC,379,1,1
922,IPC,379,1,1
923,IPC,323,1,1
924,IPC,420,1,1
925,IPC,392,1,1
926,IPC,392,1,1
927,IPC,354,1,1
928,IPC,307,1,1
929,IPC,356,1,1
929,IPC,379,1,1
930,IPC,379,1,1
931,IPC,457,1,1
931,IPC,380,1,1
932,IPC,354,1,1
933,IPC,302,1,1
934,IPC,379,1,1
935,IPC,379,1,1
936,IPC,354,1,1
937,IPC,307,1,1
938,IPC,392,1,1
939,IPC,302,1,1
940,IPC,392,1,1
941,IPC,457,1,1
941,IPC,380,1,1
942,IPC,420,1,1
943,IPC,307,1,1
944,IPC,379,1,1
944,IPC,411,1,1
945,IPC,392,1,1
946,IPC,307,1,1
947,IPC,307,1,1
948,IPC,392,1,1
949,IPC,379,1,1
950,IPC,307,1,1
951,IPC,307,1,1
952,IPC,354,1,1
953,IPC,323,1,1
954,IPC,307,1,1
955,IPC,354,1,1
956,IPC,302,1,1
957,IPC,392,1,1
958,IPC,323,1,1
959,IPC,307,1,1
960,IPC,307,1,1
961,IPC,420,1,1
962,IPC,323,1,1
963,IPC,354,1,1
964,IPC,392,1,1
965,IPC,420,1,1
966,IPC,307,1,1
967,IPC,379,1,1
968,IPC,354,1,1
969,IPC,354,1,1
970,IPC,354,1,1
971,IPC,302,1,1
972,IPC,392,1,1
973,IPC,457,1,1
973,IPC,380,1,1
974,IPC,354,1,1
975,IPC,307,1,1
976,IPC,323,1,1
977,IPC,307,1,1
978,IPC,457,1,1
978,IPC,380,1,1
979,IPC,392,1,1
980,IPC,420,1,1
981,IPC,323,1,1
982,IPC,379,1,1
983,IPC,392,1,1
984,IPC,420,1,1
985,IPC,379,1,1
986,IPC,457,1,1
986,IPC,380,1,1
987,IPC,420,1,1
988,IPC,379,1,1
989,IPC,420,1,1
990,IPC,379,1,1
991,IPC,356,1,1
991,IPC,379,1,1
992,IPC,379,1,1
992,IPC,411,1,1
993,IPC,379,1,1
994,IPC,379,1,1
995,IPC,323,1,1
996,IPC,420,1,1
997,IPC,379,1,1
997,IPC,411,1,1
998,IPC,302,1,1
999,IPC,392,1,1
1000,IPC,356,1,1
1000,IPC,379,1,1
1001,IPC,379,1,1
1001,IPC,411,1,1
1002,IPC,323,1,1
1003,IPC,379,1,1
1003,IPC,411,1,1
1004,IPC,356,1,1
1004,IPC,379,1,1
1005,IPC,420,1,1
1006,IPC,392,1,1
1007,IPC,379,1,1
1008,IPC,379,1,1
1008,IPC,411,1,1
1009,IPC,323,1,1
1010,IPC,379,1,1
1011,IPC,307,1,1
1012,IPC,392,1,1
1013,IPC,457,1,1
1013,IPC,380,1,1
1014,IPC,457,1,1
1014,IPC,380,1,1
1015,IPC,420,1,1
1016,IPC,379,1,1
1017,IPC,356,1,1
1017,IPC,379,1,1
1018,IPC,420,1,1
1019,IPC,302,1,1
1020,IPC,379,1,1
1021,IPC,379,1,1
1022,IPC,302,1,1
1023,IPC,420,1,1
1024,IPC,354,1,1
1025,IPC,379,1,1
1025,IPC,411,1,1
1026,IPC,354,1,1
1027,IPC,356,1,1
1027,IPC,379,1,1
1028,IPC,307,1,1
1029,IPC,392,1,1
1030,IPC,392,1,1
1031,IPC,323,1,1
1032,IPC,392,1,1
1033,IPC,379,1,1
1033,IPC,411,1,1
1034,IPC,302,1,1
1035,IPC,307,1,1
1036,IPC,302,1,1
1037,IPC,354,1,1
1038,IPC,457,1,1
1038,IPC,380,1,1
1039,IPC,323,1,1
1040,IPC,354,1,1
1041,IPC,307,1,1
1042,IPC,457,1,1
1042,IPC,380,1,1
1043,IPC,302,1,1
1044,IPC,356,1,1
1044,IPC,379,1,1
1045,IPC,307,1,1
1046,IPC,302,1,1
1047,IPC,379,1,1
1047,IPC,411,1,1
1048,IPC,356,1,1
1048,IPC,379,1,1
1049,IPC,323,1,1
1050,IPC,379,1,1
1051,IPC,354,1,1
1052,IPC,356,1,1
1052,IPC,379,1,1
1053,IPC,379,1,1
1054,IPC,323,1,1
1055,IPC,379,1,1
1056,IPC,392,1,1
1057,IPC,354,1,1
1058,IPC,457,1,1
1058,IPC,380,1,1
1059,IPC,356,1,1
1059,IPC,379,1,1
1060,IPC,302,1,1
1061,IPC,354,1,1
1062,IPC,392,1,1
1063,IPC,392,1,1
1064,IPC,420,1,1
1065,IPC,302,1,1
1066,IPC,457,1,1
1066,IPC,380,1,1
1067,IPC,420,1,1
1068,IPC,379,1,1
1068,IPC,411,1,1
1069,IPC,457,1,1
1069,IPC,380,1,1
1070,IPC,420,1,1
1071,IPC,420,1,1
1072,IPC,379,1,1
1073,IPC,379,1,1
1073,IPC,411,1,1
1074,IPC,302,1,1
1075,IPC,356,1,1
1075,IPC,379,1,1
1076,IPC,379,1,1
1076,IPC,411,1,1
1077,IPC,354,1,1
1078,IPC,302,1,1
1079,IPC,457,1,1
1079,IPC,380,1,1
1080,IPC,420,1,1
1081,IPC,420,1,1
1082,IPC,307,1,1
1083,IPC,323,1,1
1084,IPC,307,1,1
1085,IPC,379,1,1
1086,IPC,356,1,1
1086,IPC,379,1,1
1087,IPC,323,1,1
1088,IPC,307,1,1
1089,IPC,392,1,1
1090,IPC,379,1,1
1091,IPC,420,1,1
1092,IPC,420,1,1
1093,IPC,302,1,1
1094,IPC,392,1,1
1095,IPC,302,1,1
1096,IPC,379,1,1
1097,IPC,307,1,1
1098,IPC,379,1,1
1098,IPC,411,1,1
1099,IPC,323,1,1
1100,IPC,323,1,1
1101,IPC,307,1,1
1102,IPC,302,1,1
1103,IPC,302,1,1
1104,IPC,302,1,1
1105,IPC,354,1,1
1106,IPC,354,1,1
1107,IPC,354,1,1
1108,IPC,323,1,1
1109,IPC,356,1,1
1109,IPC,379,1,1
1110,IPC,323,1,1
1111,IPC,379,1,1
1112,IPC,392,1,1
1113,IPC,323,1,1
1114,IPC,379,1,1
1114,IPC,411,1,1
1115,IPC,302,1,1
1116,IPC,392,1,1
1117,IPC,302,1,1
1118,IPC,379,1,1
1118,IPC,411,1,1
1119,IPC,379,1,1
1119,IPC,411,1,1
1120,IPC,354,1,1
1121,IPC,457,1,1
1121,IPC,380,1,1
1122,IPC,302,1,1
1123,IPC,457,1,1
1123,IPC,380,1,1
1124,IPC,392,1,1
1125,IPC,457,1,1
1125,IPC,380,1,1
1126,IPC,379,1,1
1126,IPC,411,1,1
1127,IPC,323,1,1
1128,IPC,379,1,1
1129,IPC,457,1,1
1129,IPC,380,1,1
1130,IPC,302,1,1
1131,IPC,457,1,1
1131,IPC,380,1,1
1132,IPC,323,1,1
1133,IPC,392,1,1
1134,IPC,379,1,1
1135,IPC,420,1,1
1136,IPC,420,1,1
1137,IPC,307,1,1
1138,IPC,420,1,1
1139,IPC,379,1,1
1140,IPC,420,1,1
1141,IPC,354,1,1
1142,IPC,323,1,1
1143,IPC,302,1,1
1144,IPC,354,1,1
1145,IPC,420,1,1
1146,IPC,379,1,1
1147,IPC,379,1,1
1147,IPC,411,1,1
1148,IPC,356,1,1
1148,IPC,379,1,1
1149,IPC,302,1,1
1150,IPC,379,1,1
1151,IPC,457,1,1
1151,IPC,380,1,1
1152,IPC,302,1,1
1153,IPC,302,1,1
1154,IPC,392,1,1
1155,IPC,392,1,1
1156,IPC,323,1,1
1157,IPC,420,1,1
1158,IPC,302,1,1
1159,IPC,379,1,1
1159,IPC,411,1,1
1160,IPC,354,1,1
1161,IPC,302,1,1
1162,IPC,307,1,1
1163,IPC,323,1,1
1164,IPC,323,1,1
1165,IPC,392,1,1
1166,IPC,356,1,1
1166,IPC,379,1,1
1167,IPC,379,1,1
1167,IPC,411,1,1
1168,IPC,379,1,1
1168,IPC,411,1,1
1169,IPC,302,1,1
1170,IPC,379,1,1
1170,IPC,411,1,1
1171,IPC,354,1,1
1172,IPC,379,1,1
1172,IPC,411,1,1
1173,IPC,457,1,1
1173,IPC,380,1,1
1174,IPC,379,1,1
1174,IPC,411,1,1
1175,IPC,307,1,1
1176,IPC,307,1,1
1177,IPC,392,1,1
1178,IPC,323,1,1
1179,IPC,354,1,1
1180,IPC,392,1,1
1181,IPC,307,1,1
1182,IPC,323,1,1
1183,IPC,392,1,1
1184,IPC,323,1,1
1185,IPC,302,1,1
1186,IPC,307,1,1
1187,IPC,323,1,1
1188,IPC,356,1,1
1188,IPC,379,1,1
1189,IPC,302,1,1
1190,IPC,379,1,1
1191,IPC,379,1,1
1191,IPC,411,1,1
1192,IPC,354,1,1
1193,IPC,307,1,1
1194,IPC,379,1,1
1195,IPC,302,1,1
1196,IPC,457,1,1
1196,IPC,380,1,1
1197,IPC,420,1,1
1198,IPC,302,1,1
1199,IPC,302,1,1
1200,IPC,307,1,1
1201,IPC,392,1,1
1202,IPC,323,1,1
1203,IPC,420,1,1
1204,IPC,392,1,1
1205,IPC,307,1,1
1206,IPC,457,1,1
1206,IPC,380,1,1
1207,IPC,379,1,1
1207,IPC,411,1,1
1208,IPC,302,1,1
1209,IPC,323,1,1
1210,IPC,420,1,1
1211,IPC,379,1,1
1212,IPC,420,1,1
1213,IPC,307,1,1
1214,IPC,302,1,1
1215,IPC,379,1,1
1215,IPC,411,1,1
1216,IPC,307,1,1
1217,IPC,379,1,1
1217,IPC,411,1,1
1218,IPC,420,1,1
1219,IPC,379,1,1
1220,IPC,354,1,1
1221,IPC,457,1,1
1221,IPC,380,1,1
1222,IPC,392,1,1
1223,IPC,420,1,1
1224,IPC,356,1,1
1224,IPC,379,1,1
1225,IPC,379,1,1
1225,IPC,411,1,1
1226,IPC,354,1,1
1227,IPC,420,1,1
1228,IPC,307,1,1
1229,IPC,379,1,1
1230,IPC,356,1,1
1230,IPC,379,1,1
1231,IPC,356,1,1
1231,IPC,379,1,1
1232,IPC,302,1,1
1233,IPC,356,1,1
1233,IPC,379,1,1
1234,IPC,307,1,1
1235,IPC,354,1,1
1236,IPC,356,1,1
1236,IPC,379,1,1
1237,IPC,392,1,1
1238,IPC,420,1,1
1239,IPC,323,1,1
1240,IPC,302,1,1
1241,IPC,420,1,1
1242,IPC,356,1,1
1242,IPC,379,1,1
1243,IPC,323,1,1
1244,IPC,307,1,1
1245,IPC,354,1,1
1246,IPC,379,1,1
1247,IPC,323,1,1
1248,IPC,457,1,1
1248,IPC,380,1,1
1249,IPC,307,1,1
1250,IPC,379,1,1
1250,IPC,411,1,1
1251,IPC,354,1,1
1252,IPC,379,1,1
1252,IPC,411,1,1
1253,IPC,379,1,1
1253,IPC,411,1,1
1254,IPC,457,1,1
1254,IPC,380,1,1
1255,IPC,457,1,1
1255,IPC,380,1,1
1256,IPC,307,1,1
1257,IPC,354,1,1
1258,IPC,307,1,1
1259,IPC,379,1,1
1260,IPC,457,1,1
1260,IPC,380,1,1
1261,IPC,420,1,1
1262,IPC,457,1,1
1262,IPC,380,1,1
1263,IPC,420,1,1
1264,IPC,356,1,1
1264,IPC,379,1,1
1265,IPC,457,1,1
1265,IPC,380,1,1
1266,IPC,354,1,1
1267,IPC,307,1,1
1268,IPC,457,1,1
1268,IPC,380,1,1
1269,IPC,379,1,1
1270,IPC,379,1,1
1270,IPC,411,1,1
1271,IPC,392,1,1
1272,IPC,302,1,1
1273,IPC,379,1,1
1273,IPC,411,1,1
1274,IPC,323,1,1
1275,IPC,356,1,1
1275,IPC,379,1,1
1276,IPC,354,1,1
1277,IPC,354,1,1
1278,IPC,323,1,1
1279,IPC,323,1,1
1280,IPC,323,1,1
1281,IPC,457,1,1
1281,IPC,380,1,1
1282,IPC,420,1,1
1283,IPC,307,1,1
1284,IPC,420,1,1
1285,IPC,323,1,1
1286,IPC,302,1,1
1287,IPC,420,1,1
1288,IPC,302,1,1
1289,IPC,307,1,1
1290,IPC,457,1,1
1290,IPC,380,1,1
1291,IPC,307,1,1
1292,IPC,356,1,1
1292,IPC,379,1,1
1293,IPC,457,1,1
1293,IPC,380,1,1
1294,IPC,457,1,1
1294,IPC,380,1,1
1295,IPC,420,1,1
1296,IPC,354,1,1
1297,IPC,354,1,1
1298,IPC,354,1,1
1299,IPC,307,1,1
1300,IPC,307,1,1
1301,IPC,457,1,1
1301,IPC,380,1,1
1302,IPC,420,1,1
1303,IPC,356,1,1
1303,IPC,379,1,1
1304,IPC,457,1,1
1304,IPC,380,1,1
1305,IPC,302,1,1
1306,IPC,379,1,1
1306,IPC,411,1,1
1307,IPC,379,1,1
1307,IPC,411,1,1
1308,IPC,457,1,1
1308,IPC,380,1,1
1309,IPC,392,1,1
1310,IPC,392,1,1
1311,IPC,323,1,1
1312,IPC,323,1,1
1313,IPC,302,1,1
1314,IPC,323,1,1
1315,IPC,307,1,1
1316,IPC,307,1,1
1317,IPC,392,1,1
1318,IPC,379,1,1
1319,IPC,354,1,1
1320,IPC,379,1,1
1320,IPC,411,1,1
1321,IPC,356,1,1
1321,IPC,379,1,1
1322,IPC,379,1,1
1322,IPC,411,1,1
1323,IPC,307,1,1
1324,IPC,392,1,1
1325,IPC,457,1,1
1325,IPC,380,1,1
1326,IPC,356,1,1
1326,IPC,379,1,1
1327,IPC,379,1,1
1328,IPC,323,1,1
1329,IPC,307,1,1
1330,IPC,356,1,1
1330,IPC,379,1,1
1331,IPC,302,1,1
1332,IPC,354,1,1
1333,IPC,392,1,1
1334,IPC,323,1,1
1335,IPC,420,1,1
1336,IPC,307,1,1
1337,IPC,323,1,1
1338,IPC,379,1,1
1338,IPC,411,1,1
1339,IPC,379,1,1
1339,IPC,411,1,1
1340,IPC,420,1,1
1341,IPC,307,1,1
1342,IPC,457,1,1
1342,IPC,380,1,1
1343,IPC,457,1,1
1343,IPC,380,1,1
1344,IPC,354,1,1
1345,IPC,457,1,1
1345,IPC,380,1,1
1346,IPC,392,1,1
1347,IPC,302,1,1
1348,IPC,379,1,1
1348,IPC,411,1,1
1349,IPC,379,1,1
1350,IPC,307,1,1
1351,IPC,307,1,1
1352,IPC,302,1,1
1353,IPC,354,1,1
1354,IPC,379,1,1
1354,IPC,411,1,1
1355,IPC,354,1,1
1356,IPC,307,1,1
1357,IPC,457,1,1
1357,IPC,380,1,1
1358,IPC,356,1,1
1358,IPC,379,1,1
1359,IPC,457,1,1
1359,IPC,380,1,1
1360,IPC,392,1,1
1361,IPC,307,1,1
1362,IPC,302,1,1
1363,IPC,392,1,1
1364,IPC,356,1,1
1364,IPC,379,1,1
1365,IPC,354,1,1
1366,IPC,379,1,1
1367,IPC,457,1,1
1367,IPC,380,1,1
1368,IPC,354,1,1
1369,IPC,420,1,1
1370,IPC,323,1,1
1371,IPC,420,1,1
1372,IPC,379,1,1
1372,IPC,411,1,1
1373,IPC,323,1,1
1374,IPC,457,1,1
1374,IPC,380,1,1
1375,IPC,356,1,1
1375,IPC,379,1,1
1376,IPC,323,1,1
1377,IPC,307,1,1
1378,IPC,420,1,1
1379,IPC,420,1,1
1380,IPC,354,1,1
1381,IPC,307,1,1
1382,IPC,356,1,1
1382,IPC,379,1,1
1383,IPC,307,1,1
1384,IPC,354,1,1
1385,IPC,457,1,1
1385,IPC,380,1,1
1386,IPC,356,1,1
1386,IPC,379,1,1
1387,IPC,354,1,1
1388,IPC,356,1,1
1388,IPC,379,1,1
1389,IPC,356,1,1
1389,IPC,379,1,1
1390,IPC,354,1,1
1391,IPC,379,1,1
1391,IPC,411,1,1
1392,IPC,379,1,1
1392,IPC,411,1,1
1393,IPC,457,1,1
1393,IPC,380,1,1
1394,IPC,356,1,1
1394,IPC,379,1,1
1395,IPC,379,1,1
1395,IPC,411,1,1
1396,IPC,302,1,1
1397,IPC,379,1,1
1398,IPC,379,1,1
1399,IPC,323,1,1
1400,IPC,379,1,1
1400,IPC,411,1,1
1401,IPC,457,1,1
1401,IPC,380,1,1
1402,IPC,457,1,1
1402,IPC,380,1,1
1403,IPC,323,1,1
1404,IPC,420,1,1
1405,IPC,302,1,1
1406,IPC,420,1,1
1407,IPC,323,1,1
1408,IPC,356,1,1
1408,IPC,379,1,1
1409,IPC,457,1,1
1409,IPC,380,1,1
1410,IPC,354,1,1
1411,IPC,457,1,1
1411,IPC,380,1,1
1412,IPC,420,1,1
1413,IPC,379,1,1
1414,IPC,354,1,1
1415,IPC,379,1,1
1415,IPC,411,1,1
1416,IPC,354,1,1
1417,IPC,379,1,1
1417,IPC,411,1,1
1418,IPC,302,1,1
1419,IPC,302,1,1
1420,IPC,457,1,1
1420,IPC,380,1,1
1421,IPC,379,1,1
1421,IPC,411,1,1
1422,IPC,379,1,1
1422,IPC,411,1,1
1423,IPC,457,1,1
1423,IPC,380,1,1
1424,IPC,457,1,1
1424,IPC,380,1,1
1425,IPC,379,1,1
1426,IPC,457,1,1
1426,IPC,380,1,1
1427,IPC,356,1,1
1427,IPC,379,1,1
1428,IPC,379,1,1
1429,IPC,356,1,1
1429,IPC,379,1,1
1430,IPC,323,1,1
1431,IPC,356,1,1
1431,IPC,379,1,1
1432,IPC,457,1,1
1432,IPC,380,1,1
1433,IPC,354,1,1
1434,IPC,356,1,1
1434,IPC,379,1,1
1435,IPC,307,1,1
1436,IPC,379,1,1
1437,IPC,302,1,1
1438,IPC,379,1,1
1439,IPC,379,1,1
1440,IPC,379,1,1
1441,IPC,302,1,1
1442,IPC,379,1,1
1442,IPC,411,1,1
1443,IPC,323,1,1
1444,IPC,420,1,1
1445,IPC,302,1,1
1446,IPC,379,1,1
1446,IPC,411,1,1
1447,IPC,354,1,1
1448,IPC,356,1,1
1448,IPC,379,1,1
1449,IPC,356,1,1
1449,IPC,379,1,1
1450,IPC,356,1,1
1450,IPC,379,1,1
1451,IPC,356,1,1
1451,IPC,379,1,1
1452,IPC,392,1,1
1453,IPC,392,1,1
1454,IPC,392,1,1
1455,IPC,354,1,1
1456,IPC,323,1,1
1457,IPC,457,1,1
1457,IPC,380,1,1
1458,IPC,420,1,1
1459,IPC,379,1,1
1460,IPC,323,1,1
1461,IPC,379,1,1
1461,IPC,411,1,1
1462,IPC,420,1,1
1463,IPC,302,1,1
1464,IPC,323,1,1
1465,IPC,354,1,1
1466,IPC,302,1,1
1467,IPC,323,1,1
1468,IPC,356,1,1
1468,IPC,379,1,1
1469,IPC,354,1,1
1470,IPC,379,1,1
1470,IPC,411,1,1
1471,IPC,323,1,1
1472,IPC,420,1,1
1473,IPC,356,1,1
1473,IPC,379,1,1
1474,IPC,354,1,1
1475,IPC,457,1,1
1475,IPC,380,1,1
1476,IPC,379,1,1
1477,IPC,354,1,1
1478,IPC,379,1,1
1479,IPC,302,1,1
1480,IPC,356,1,1
1480,IPC,379,1,1
1481,IPC,307,1,1
1482,IPC,356,1,1
1482,IPC,379,1,1
1483,IPC,302,1,1
1484,IPC,307,1,1
1485,IPC,379,1,1
1485,IPC,411,1,1
1486,IPC,379,1,1
1487,IPC,323,1,1
1488,IPC,457,1,1
1488,IPC,380,1,1
1489,IPC,420,1,1
1490,IPC,354,1,1
1491,IPC,457,1,1
1491,IPC,380,1,1
1492,IPC,323,1,1
1493,IPC,307,1,1
1494,IPC,420,1,1
1495,IPC,379,1,1
1496,IPC,379,1,1
1497,IPC,457,1,1
1497,IPC,380,1,1
1498,IPC,392,1,1
1499,IPC,323,1,1
1500,IPC,323,1,1
1501,IPC,379,1,1
1501,IPC,411,1,1
1502,IPC,379,1,1
1503,IPC,379,1,1
1503,IPC,411,1,1
1504,IPC,379,1,1
1505,IPC,420,1,1
1506,IPC,379,1,1
1507,IPC,420,1,1
1508,IPC,302,1,1
1509,IPC,323,1,1
1510,IPC,354,1,1
1511,IPC,307,1,1
1512,IPC,354,1,1
1513,IPC,307,1,1
1514,IPC,302,1,1
1515,IPC,354,1,1
1516,IPC,392,1,1
1517,IPC,379,1,1
1517,IPC,411,1,1
1518,IPC,323,1,1
1519,IPC,354,1,1
1520,IPC,420,1,1
1521,IPC,457,1,1
1521,IPC,380,1,1
1522,IPC,392,1,1
1523,IPC,354,1,1
1524,IPC,307,1,1
1525,IPC,420,1,1
1526,IPC,420,1,1
1527,IPC,356,1,1
1527,IPC,379,1,1
1528,IPC,354,1,1
1529,IPC,354,1,1
1530,IPC,420,1,1
1531,IPC,307,1,1
1532,IPC,392,1,1
1533,IPC,302,1,1
1534,IPC,356,1,1
1534,IPC,379,1,1
1535,IPC,392,1,1
1536,IPC,323,1,1
1537,IPC,354,1,1
1538,IPC,457,1,1
1538,IPC,380,1,1
1539,IPC,379,1,1
1539,IPC,411,1,1
1540,IPC,392,1,1
1541,IPC,379,1,1
1542,IPC,354,1,1
1543,IPC,379,1,1
1543,IPC,411,1,1
1544,IPC,302,1,1
1545,IPC,457,1,1
1545,IPC,380,1,1
1546,IPC,354,1,1
1547,IPC,379,1,1
1547,IPC,411,1,1
1548,IPC,307,1,1
1549,IPC,420,1,1
1550,IPC,354,1,1
1551,IPC,307,1,1
1552,IPC,420,1,1
1553,IPC,323,1,1
1554,IPC,307,1,1
1555,IPC,354,1,1
1556,IPC,302,1,1
1557,IPC,457,1,1
1557,IPC,380,1,1
1558,IPC,307,1,1
1559,IPC,420,1,1
1560,IPC,420,1,1
1561,IPC,302,1,1
1562,IPC,457,1,1
1562,IPC,380,1,1
1563,IPC,379,1,1
1563,IPC,411,1,1
1564,IPC,457,1,1
1564,IPC,380,1,1
1565,IPC,457,1,1
1565,IPC,380,1,1
1566,IPC,379,1,1
1567,IPC,302,1,1
1568,IPC,379,1,1
1568,IPC,411,1,1
1569,IPC,354,1,1
1570,IPC,392,1,1
1571,IPC,379,1,1
1572,IPC,323,1,1
1573,IPC,323,1,1
1574,IPC,379,1,1
1575,IPC,379,1,1
1575,IPC,411,1,1
1576,IPC,392,1,1
1577,IPC,354,1,1
1578,IPC,307,1,1
1579,IPC,420,1,1
1580,IPC,379,1,1
1580,IPC,411,1,1
1581,IPC,356,1,1
1581,IPC,379,1,1
1582,IPC,356,1,1
1582,IPC,379,1,1
1583,IPC,379,1,1
1583,IPC,411,1,1
1584,IPC,379,1,1
1585,IPC,302,1,1
1586,IPC,302,1,1
1587,IPC,392,1,1
1588,IPC,420,1,1
1589,IPC,420,1,1
1590,IPC,379,1,1
1591,IPC,392,1,1
1592,IPC,392,1,1
1593,IPC,307,1,1
1594,IPC,356,1,1
1594,IPC,379,1,1
1595,IPC,379,1,1
1595,IPC,411,1,1
1596,IPC,323,1,1
1597,IPC,379,1,1
1598,IPC,302,1,1
1599,IPC,302,1,1
1600,IPC,379,1,1
1600,IPC,411,1,1
1601,IPC,356,1,1
1601,IPC,379,1,1
1602,IPC,392,1,1
1603,IPC,356,1,1
1603,IPC,379,1,1
1604,IPC,323,1,1
1605,IPC,302,1,1
1606,IPC,302,1,1
1607,IPC,379,1,1
1607,IPC,411,1,1
1608,IPC,379,1,1
1609,IPC,457,1,1
1609,IPC,380,1,1
1610,IPC,457,1,1
1610,IPC,380,1,1
1611,IPC,302,1,1
1612,IPC,420,1,1
1613,IPC,392,1,1
1614,IPC,356,1,1
1614,IPC,379,1,1
1615,IPC,302,1,1
1616,IPC,392,1,1
1617,IPC,457,1,1
1617,IPC,380,1,1
1618,IPC,379,1,1
1618,IPC,411,1,1
1619,IPC,379,1,1
1620,IPC,392,1,1
1621,IPC,420,1,1
1622,IPC,379,1,1
1622,IPC,411,1,1
1623,IPC,420,1,1
1624,IPC,323,1,1
1625,IPC,392,1,1
1626,IPC,379,1,1
1626,IPC,411,1,1
1627,IPC,379,1,1
1628,IPC,379,1,1
1629,IPC,323,1,1
1630,IPC,323,1,1
1631,IPC,323,1,1
1632,IPC,392,1,1
1633,IPC,420,1,1
1634,IPC,379,1,1
1634,IPC,411,1,1
1635,IPC,356,1,1
1635,IPC,379,1,1
1636,IPC,379,1,1
1636,IPC,411,1,1
1637,IPC,356,1,1
1637,IPC,379,1,1
1638,IPC,379,1,1
1638,IPC,411,1,1
1639,IPC,420,1,1
1640,IPC,356,1,1
1640,IPC,379,1,1
1641,IPC,379,1,1
1641,IPC,411,1,1
1642,IPC,420,1,1
1643,IPC,302,1,1
1644,IPC,302,1,1
1645,IPC,354,1,1
1646,IPC,302,1,1
1647,IPC,457,1,1
1647,IPC,380,1,1
1648,IPC,392,1,1
1649,IPC,420,1,1
1650,IPC,323,1,1
1651,IPC,307,1,1
1652,IPC,354,1,1
1653,IPC,307,1,1
1654,IPC,354,1,1
1655,IPC,354,1,1
1656,IPC,392,1,1
1657,IPC,302,1,1
1658,IPC,356,1,1
1658,IPC,379,1,1
1659,IPC,379,1,1
1659,IPC,411,1,1
1660,IPC,457,1,1
1660,IPC,380,1,1
1661,IPC,323,1,1
1662,IPC,392,1,1
1663,IPC,302,1,1
1664,IPC,307,1,1
1665,IPC,420,1,1
1666,IPC,379,1,1
1666,IPC,411,1,1
1667,IPC,323,1,1
1668,IPC,302,1,1
1669,IPC,457,1,1
1669,IPC,380,1,1
1670,IPC,457,1,1
1670,IPC,380,1,1
1671,IPC,392,1,1
1672,IPC,307,1,1
1673,IPC,392,1,1
1674,IPC,323,1,1
1675,IPC,307,1,1
1676,IPC,420,1,1
1677,IPC,457,1,1
1677,IPC,380,1,1
1678,IPC,356,1,1
1678,IPC,379,1,1
1679,IPC,392,1,1
1680,IPC,356,1,1
1680,IPC,379,1,1
1681,IPC,307,1,1
1682,IPC,323,1,1
1683,IPC,356,1,1
1683,IPC,379,1,1
1684,IPC,379,1,1
1684,IPC,411,1,1
1685,IPC,420,1,1
1686,IPC,307,1,1
1687,IPC,354,1,1
1688,IPC,420,1,1
1689,IPC,392,1,1
1690,IPC,379,1,1
1691,IPC,392,1,1
1692,IPC,323,1,1
1693,IPC,379,1,1
1694,IPC,457,1,1
1694,IPC,380,1,1
1695,IPC,457,1,1
1695,IPC,380,1,1
1696,IPC,307,1,1
1697,IPC,379,1,1
1697,IPC,411,1,1
1698,IPC,457,1,1
1698,IPC,380,1,1
1699,IPC,323,1,1
1700,IPC,354,1,1
1701,IPC,457,1,1
1701,IPC,380,1,1
1702,IPC,323,1,1
1703,IPC,392,1,1
1704,IPC,356,1,1
1704,IPC,379,1,1
1705,IPC,457,1,1
1705,IPC,380,1,1
1706,IPC,379,1,1
1707,IPC,457,1,1
1707,IPC,380,1,1
1708,IPC,392,1,1
1709,IPC,379,1,1
1710,IPC,307,1,1
1711,IPC,392,1,1
1712,IPC,379,1,1
1712,IPC,411,1,1
1713,IPC,302,1,1
1714,IPC,354,1,1
1715,IPC,323,1,1
1716,IPC,457,1,1
1716,IPC,380,1,1
1717,IPC,302,1,1
1718,IPC,457,1,1
1718,IPC,380,1,1
1719,IPC,457,1,1
1719,IPC,380,1,1
1720,IPC,392,1,1
1721,IPC,379,1,1
1721,IPC,411,1,1
1722,IPC,354,1,1
1723,IPC,392,1,1
1724,IPC,379,1,1
1725,IPC,379,1,1
1725,IPC,411,1,1
1726,IPC,356,1,1
1726,IPC,379,1,1
1727,IPC,379,1,1
1727,IPC,411,1,1
1728,IPC,379,1,1
1728,IPC,411,1,1
