ArrestSurrenderID,CaseMasterID,ArrestSurrenderTypeID,ArrestSurrenderDate,ArrestSurrenderStateId,ArrestSurrenderDistrictId,PoliceStationID,IOID,CourtID,AccusedMasterID,IsAccused,IsComplainantAccused
1,80,2,2025-09-30,29,571,24,1223,5019,80,1,0
2,81,2,2026-02-11,29,569,69,1067,5015,81,1,0
3,82,1,2025-02-04,29,566,46,1032,5003,82,1,0
4,83,1,2024-07-11,29,581,27,1206,5010,84,1,0
5,86,2,2024-08-20,29,572,3,1058,5012,89,1,0
6,87,1,2026-04-26,29,577,16,1255,5006,90,1,0
7,91,1,2024-03-28,29,584,10,1239,5010,94,1,0
8,93,1,2025-09-23,29,572,3,1058,5009,96,1,0
9,95,2,2025-08-23,29,584,7,1236,5008,99,1,0
10,97,2,2025-11-04,29,581,27,1010,5002,101,1,0
11,98,2,2025-11-11,29,565,59,1139,5009,103,1,0
12,100,1,2024-08-26,29,574,36,1033,5005,105,1,0
13,102,2,2026-06-12,29,568,39,1273,5013,108,1,0
14,104,2,2025-07-17,29,572,2,1062,5008,110,1,0
15,105,1,2025-06-21,29,571,23,1147,5004,112,1,0
16,106,1,2025-08-14,29,575,64,1040,5020,114,1,0
17,107,2,2026-05-28,29,583,4,1072,5015,116,1,0
18,110,2,2025-08-17,29,574,36,1014,5023,119,1,0
19,111,2,2025-11-17,29,579,58,1041,5016,121,1,0
20,113,1,2024-08-21,29,575,63,1085,5007,123,1,0
21,115,2,2025-02-18,29,578,20,1256,5023,125,1,0
22,116,1,2025-05-28,29,574,35,1235,5015,126,1,0
23,119,1,2026-04-25,29,565,61,1059,5004,130,1,0
24,120,1,2025-06-10,29,572,2,1120,5020,132,1,0
25,124,2,2024-03-24,29,579,58,1141,5024,137,1,0
26,125,1,2024-03-26,29,581,29,1059,5004,139,1,0
27,128,1,2025-09-11,29,579,57,1159,5002,143,1,0
28,131,1,2026-04-30,29,571,24,1205,5022,146,1,0
29,132,1,2025-11-21,29,584,9,1061,5009,147,1,0
30,133,1,2024-06-06,29,568,37,1183,5014,148,1,0
31,137,2,2026-07-06,29,562,54,1234,5003,154,1,0
32,138,1,2024-03-29,29,581,29,1116,5020,156,1,0
33,139,1,2025-04-03,29,577,18,1171,5018,157,1,0
34,141,1,2024-06-03,29,577,15,1036,5022,160,1,0
35,142,1,2026-07-08,29,573,13,1222,5015,162,1,0
36,143,2,2025-09-28,29,568,37,1027,5007,163,1,0
37,144,2,2026-05-05,29,573,14,1066,5025,164,1,0
38,146,2,2026-10-17,29,568,39,1229,5013,167,1,0
39,148,1,2026-01-14,29,573,13,1164,5008,170,1,0
40,150,2,2026-07-27,29,574,35,1023,5018,173,1,0
41,151,2,2026-01-01,29,566,47,1076,5025,175,1,0
42,153,1,2024-09-10,29,568,39,1184,5004,178,1,0
43,154,2,2025-12-03,29,567,41,1272,5007,179,1,0
44,155,2,2025-11-05,29,579,55,1040,5010,180,1,0
45,156,2,2024-05-13,29,565,59,1265,5008,182,1,0
46,158,2,2026-01-11,29,578,21,1089,5012,184,1,0
47,159,1,2025-12-27,29,568,37,1121,5011,185,1,0
48,161,2,2025-06-10,29,571,24,1194,5015,187,1,0
49,163,1,2026-08-04,29,574,34,1104,5010,189,1,0
50,166,2,2025-09-23,29,567,44,1200,5010,192,1,0
51,168,1,2025-03-15,29,581,27,1073,5014,195,1,0
52,171,1,2024-11-13,29,555,48,1071,5020,198,1,0
53,172,2,2024-05-07,29,562,53,1107,5015,199,1,0
54,173,2,2024-05-24,29,577,15,1056,5002,201,1,0
55,176,1,2025-01-14,29,571,24,1265,5011,205,1,0
56,180,2,2025-06-06,29,582,30,1164,5003,212,1,0
57,182,2,2026-06-02,29,567,43,1221,5002,215,1,0
58,185,1,2025-04-11,29,584,9,1259,5016,218,1,0
59,187,2,2025-09-04,29,578,22,1191,5002,221,1,0
60,189,2,2024-11-05,29,566,46,1252,5009,223,1,0
61,191,1,2025-06-27,29,571,25,1026,5011,225,1,0
62,195,2,2025-07-12,29,573,14,1210,5002,231,1,0
63,196,1,2024-06-20,29,568,38,1192,5007,233,1,0
64,198,2,2024-10-19,29,555,50,1125,5009,235,1,0
65,200,2,2024-11-05,29,567,44,1022,5007,238,1,0
66,201,1,2025-10-17,29,568,37,1216,5016,240,1,0
67,202,2,2024-10-07,29,565,61,1211,5014,242,1,0
68,206,2,2025-12-28,29,555,49,1225,5013,247,1,0
69,207,2,2025-11-18,29,572,3,1070,5022,249,1,0
70,209,2,2026-07-05,29,579,56,1230,5019,252,1,0
71,217,2,2024-06-28,29,562,53,1110,5006,261,1,0
72,219,1,2024-07-03,29,573,12,1116,5023,264,1,0
73,220,2,2026-05-28,29,566,47,1106,5010,265,1,0
74,222,1,2024-07-20,29,578,21,1011,5022,267,1,0
75,224,1,2024-12-10,29,578,20,1203,5008,269,1,0
76,225,1,2024-11-03,29,567,42,1190,5011,271,1,0
77,226,2,2024-06-17,29,573,13,1146,5003,272,1,0
78,227,1,2026-01-08,29,562,52,1096,5018,274,1,0
79,234,2,2026-03-08,29,581,29,1102,5010,281,1,0
80,235,2,2024-05-14,29,578,21,1268,5016,283,1,0
81,236,1,2025-10-25,29,565,59,1111,5013,284,1,0
82,240,2,2024-07-22,29,584,10,1239,5015,288,1,0
83,241,1,2025-04-09,29,568,38,1221,5003,289,1,0
84,243,2,2024-10-08,29,578,22,1010,5011,292,1,0
85,245,2,2025-08-24,29,578,21,1206,5016,294,1,0
86,247,1,2026-07-07,29,584,7,1075,5021,296,1,0
87,252,1,2024-02-21,29,577,16,1211,5018,303,1,0
88,254,2,2024-04-06,29,581,29,1167,5004,307,1,0
89,258,2,2024-10-21,29,574,35,1222,5023,312,1,0
90,259,2,2025-04-21,29,565,61,1197,5001,313,1,0
91,261,1,2024-12-08,29,562,54,1099,5015,316,1,0
92,266,1,2024-06-30,29,571,24,1073,5015,322,1,0
93,267,1,2026-06-27,29,575,65,1107,5009,324,1,0
94,269,1,2024-09-09,29,581,29,1093,5011,327,1,0
95,270,1,2024-05-27,29,573,11,1118,5006,328,1,0
96,271,2,2026-09-22,29,567,43,1095,5018,329,1,0
97,272,1,2024-04-11,29,575,62,1228,5008,331,1,0
98,273,1,2025-11-20,29,566,45,1023,5008,332,1,0
99,274,1,2024-06-21,29,581,27,1118,5009,333,1,0
100,275,1,2024-04-15,29,569,69,1229,5024,334,1,0
101,276,1,2024-12-25,29,573,11,1253,5006,335,1,0
102,278,2,2025-09-15,29,577,15,1177,5021,337,1,0
103,280,1,2024-04-08,29,575,65,1091,5010,340,1,0
104,282,1,2026-05-10,29,568,38,1066,5025,342,1,0
105,283,1,2024-04-24,29,567,41,1034,5018,343,1,0
106,284,1,2026-08-04,29,579,57,1227,5021,344,1,0
107,288,1,2026-02-14,29,584,9,1146,5001,349,1,0
108,289,2,2026-06-21,29,577,16,1136,5004,350,1,0
109,292,1,2025-06-13,29,573,14,1164,5016,354,1,0
110,293,1,2025-09-25,29,555,48,1241,5001,355,1,0
111,295,2,2026-06-28,29,573,12,1040,5008,357,1,0
112,296,1,2025-09-01,29,577,16,1079,5007,358,1,0
113,300,1,2026-01-19,29,574,34,1210,5023,364,1,0
114,301,2,2026-02-18,29,555,49,1159,5010,366,1,0
115,303,1,2026-08-15,29,582,31,1075,5022,369,1,0
116,305,2,2026-06-22,29,562,52,1114,5020,373,1,0
117,306,1,2025-04-30,29,565,59,1007,5018,374,1,0
118,309,1,2025-12-15,29,565,60,1111,5018,377,1,0
119,315,1,2024-11-25,29,578,19,1101,5023,384,1,0
120,317,1,2026-01-19,29,572,2,1233,5024,387,1,0
121,318,1,2026-03-16,29,571,24,1207,5017,388,1,0
122,319,1,2024-05-30,29,571,26,1031,5001,389,1,0
123,320,2,2026-04-27,29,577,15,1211,5007,390,1,0
124,324,1,2026-05-02,29,579,58,1147,5021,394,1,0
125,325,2,2025-09-26,29,573,12,1044,5021,396,1,0
126,327,2,2024-10-27,29,582,30,1055,5025,398,1,0
127,328,1,2025-07-13,29,577,15,1038,5021,400,1,0
128,329,1,2024-05-02,29,583,5,1147,5001,401,1,0
129,331,1,2026-02-26,29,581,29,1094,5017,403,1,0
130,333,1,2024-09-29,29,573,13,1032,5007,405,1,0
131,334,2,2026-09-10,29,579,55,1258,5023,407,1,0
132,335,2,2026-08-13,29,582,32,1267,5001,408,1,0
133,336,1,2024-07-26,29,582,33,1075,5014,409,1,0
134,338,1,2024-08-27,29,583,4,1019,5009,411,1,0
135,339,1,2026-01-19,29,573,13,1246,5006,413,1,0
136,340,1,2026-02-11,29,578,19,1075,5022,414,1,0
137,342,1,2025-07-18,29,584,7,1254,5003,417,1,0
138,343,2,2026-09-14,29,567,41,1225,5006,419,1,0
139,344,1,2026-04-16,29,571,23,1017,5020,420,1,0
140,345,1,2025-09-29,29,571,24,1158,5018,422,1,0
141,347,2,2025-03-14,29,579,55,1003,5017,424,1,0
142,350,1,2024-08-24,29,584,9,1137,5003,428,1,0
143,351,2,2025-04-22,29,555,48,1173,5012,429,1,0
144,352,1,2025-01-01,29,569,68,1149,5004,431,1,0
145,353,1,2026-01-16,29,568,37,1153,5005,432,1,0
146,355,1,2025-02-24,29,579,58,1253,5009,434,1,0
147,359,2,2025-02-24,29,573,11,1134,5011,438,1,0
148,360,2,2024-12-19,29,573,14,1255,5021,440,1,0
149,362,1,2025-07-01,29,562,53,1110,5012,443,1,0
150,363,1,2025-01-29,29,575,63,1097,5024,445,1,0
151,364,1,2024-06-19,29,565,61,1033,5016,447,1,0
152,365,2,2025-11-10,29,577,16,1035,5023,449,1,0
153,371,1,2024-02-22,29,584,9,1149,5009,455,1,0
154,372,1,2026-06-11,29,569,66,1227,5021,456,1,0
155,378,1,2025-11-26,29,581,29,1158,5018,464,1,0
156,379,1,2025-02-14,29,567,44,1078,5025,466,1,0
157,380,2,2024-10-02,29,567,44,1178,5015,467,1,0
158,381,1,2025-05-02,29,567,43,1199,5008,468,1,0
159,382,1,2025-04-14,29,574,36,1028,5022,470,1,0
160,384,2,2024-12-25,29,578,22,1080,5013,472,1,0
161,387,2,2025-10-29,29,565,59,1150,5018,475,1,0
162,388,2,2026-06-04,29,583,6,1239,5010,477,1,0
163,389,2,2026-07-27,29,574,35,1221,5019,479,1,0
164,390,2,2026-04-09,29,579,56,1240,5013,480,1,0
165,393,2,2025-09-29,29,571,23,1273,5017,483,1,0
166,394,2,2026-01-24,29,578,21,1095,5015,484,1,0
167,395,2,2025-02-21,29,562,53,1010,5021,485,1,0
168,396,2,2025-02-18,29,568,38,1252,5007,487,1,0
169,397,2,2025-12-11,29,569,67,1045,5024,489,1,0
170,400,1,2025-04-12,29,584,8,1158,5013,494,1,0
171,401,1,2024-04-20,29,575,64,1014,5011,495,1,0
172,403,1,2024-04-24,29,573,11,1091,5004,498,1,0
173,406,1,2025-05-16,29,584,9,1198,5001,501,1,0
174,413,2,2025-07-30,29,562,52,1059,5024,508,1,0
175,417,2,2024-07-17,29,579,57,1082,5009,513,1,0
176,419,2,2026-07-01,29,562,53,1163,5004,516,1,0
177,420,1,2026-08-05,29,575,63,1258,5018,517,1,0
178,425,1,2025-04-09,29,573,13,1158,5020,522,1,0
179,427,2,2025-03-05,29,584,7,1186,5013,524,1,0
180,428,2,2024-08-09,29,582,32,1012,5025,525,1,0
181,431,2,2024-09-11,29,581,28,1022,5025,529,1,0
182,432,2,2025-07-29,29,567,43,1171,5003,530,1,0
183,433,1,2025-11-22,29,581,28,1007,5005,532,1,0
184,437,2,2025-11-09,29,555,50,1025,5010,536,1,0
185,439,2,2025-10-19,29,555,49,1107,5009,538,1,0
186,442,1,2026-05-14,29,584,9,1225,5012,541,1,0
187,443,2,2025-03-13,29,566,45,1064,5002,543,1,0
188,446,2,2024-05-25,29,579,58,1082,5018,547,1,0
189,447,1,2025-09-16,29,582,33,1267,5003,548,1,0
190,449,2,2026-01-06,29,583,4,1059,5006,551,1,0
191,451,1,2026-06-02,29,568,37,1098,5023,553,1,0
192,455,2,2026-06-17,29,577,15,1027,5010,557,1,0
193,457,1,2025-03-26,29,565,60,1037,5018,560,1,0
194,463,1,2024-06-04,29,578,20,1245,5002,567,1,0
195,466,2,2025-05-16,29,578,21,1014,5005,570,1,0
196,468,1,2024-05-22,29,582,30,1109,5005,572,1,0
197,470,2,2026-02-05,29,571,26,1071,5001,574,1,0
198,472,1,2026-01-23,29,579,57,1012,5008,576,1,0
199,473,2,2024-05-20,29,578,22,1239,5020,578,1,0
200,475,2,2025-07-23,29,578,20,1042,5004,581,1,0
201,485,2,2026-03-28,29,578,19,1027,5002,593,1,0
202,488,1,2024-04-11,29,569,66,1259,5009,597,1,0
203,491,2,2024-08-24,29,555,49,1018,5002,600,1,0
204,492,2,2026-05-24,29,567,41,1194,5003,601,1,0
205,495,1,2025-06-04,29,577,16,1115,5009,605,1,0
206,501,2,2025-11-08,29,571,25,1143,5023,612,1,0
207,502,1,2026-06-16,29,567,43,1155,5004,613,1,0
208,508,1,2025-07-09,29,555,51,1257,5019,620,1,0
209,509,1,2024-04-28,29,577,17,1157,5003,622,1,0
210,513,2,2024-11-20,29,569,69,1161,5019,627,1,0
211,515,2,2026-02-04,29,568,39,1146,5022,629,1,0
212,517,2,2024-10-21,29,567,43,1151,5006,632,1,0
213,518,1,2024-05-30,29,571,24,1118,5022,634,1,0
214,519,1,2024-05-30,29,581,29,1008,5006,635,1,0
215,520,1,2026-06-30,29,567,44,1173,5002,637,1,0
216,521,1,2025-01-25,29,584,9,1060,5016,638,1,0
217,524,2,2025-10-02,29,574,34,1262,5001,641,1,0
218,527,2,2025-10-08,29,555,49,1175,5003,644,1,0
219,528,1,2024-07-19,29,582,30,1220,5021,646,1,0
220,529,1,2025-03-23,29,584,9,1077,5018,647,1,0
221,530,2,2024-05-30,29,567,43,1017,5015,649,1,0
222,533,2,2024-08-08,29,579,58,1032,5016,652,1,0
223,534,2,2024-09-10,29,583,4,1122,5019,653,1,0
224,537,2,2024-07-10,29,569,67,1121,5014,657,1,0
225,538,1,2024-03-16,29,581,27,1090,5005,659,1,0
226,542,1,2024-11-02,29,571,26,1271,5020,664,1,0
227,543,2,2025-07-21,29,571,24,1180,5001,666,1,0
228,544,2,2024-10-26,29,562,52,1174,5020,667,1,0
229,545,1,2026-08-25,29,573,13,1080,5004,668,1,0
230,546,1,2024-09-18,29,575,62,1272,5004,669,1,0
231,548,1,2024-09-12,29,567,44,1097,5012,672,1,0
232,554,2,2025-07-29,29,577,18,1253,5022,678,1,0
233,555,1,2026-02-01,29,583,6,1189,5015,680,1,0
234,558,1,2024-11-27,29,577,18,1094,5008,683,1,0
235,559,2,2025-04-20,29,573,13,1166,5015,685,1,0
236,561,1,2025-01-06,29,572,2,1096,5016,687,1,0
237,568,2,2025-03-17,29,566,46,1050,5025,696,1,0
238,571,2,2026-07-20,29,577,18,1058,5007,699,1,0
239,572,1,2024-01-30,29,579,58,1058,5009,700,1,0
240,574,2,2026-05-27,29,575,64,1232,5002,702,1,0
241,575,1,2025-03-21,29,582,31,1009,5004,704,1,0
242,577,1,2024-08-03,29,584,7,1227,5025,706,1,0
243,578,1,2024-07-27,29,567,41,1215,5019,707,1,0
244,579,1,2026-04-12,29,579,55,1015,5015,709,1,0
245,581,1,2025-05-09,29,569,67,1056,5001,712,1,0
246,582,2,2026-09-15,29,573,11,1123,5015,713,1,0
247,584,2,2024-04-27,29,568,37,1220,5014,715,1,0
248,590,1,2025-06-28,29,568,37,1048,5004,723,1,0
249,596,2,2024-12-17,29,577,18,1113,5005,731,1,0
250,597,1,2024-08-01,29,573,12,1237,5024,732,1,0
251,598,2,2024-07-18,29,565,60,1052,5003,734,1,0
252,602,2,2024-10-25,29,583,4,1067,5016,739,1,0
253,606,2,2026-01-27,29,579,56,1094,5001,743,1,0
254,607,1,2025-10-13,29,578,22,1011,5007,744,1,0
255,612,1,2026-01-01,29,567,42,1068,5007,750,1,0
256,613,2,2026-07-21,29,571,25,1101,5022,752,1,0
257,615,2,2024-09-11,29,583,6,1171,5002,754,1,0
258,617,1,2026-06-02,29,571,26,1116,5024,757,1,0
259,618,2,2026-04-22,29,579,55,1023,5010,759,1,0
260,619,1,2024-07-16,29,572,2,1242,5024,761,1,0
261,621,2,2024-05-25,29,565,60,1271,5002,763,1,0
262,622,2,2026-02-18,29,582,30,1249,5018,765,1,0
263,626,2,2026-02-08,29,565,60,1117,5004,771,1,0
264,627,2,2025-04-21,29,583,6,1019,5010,772,1,0
265,631,1,2025-09-14,29,579,58,1222,5014,776,1,0
266,632,2,2025-03-02,29,572,2,1056,5013,778,1,0
267,633,2,2025-12-07,29,582,33,1071,5013,779,1,0
268,638,2,2024-04-20,29,566,46,1198,5017,785,1,0
269,639,1,2026-07-29,29,575,63,1142,5020,786,1,0
270,640,2,2025-11-25,29,578,21,1239,5007,788,1,0
271,643,1,2025-05-04,29,555,50,1213,5012,791,1,0
272,646,1,2026-09-23,29,568,37,1077,5013,795,1,0
273,647,1,2025-03-04,29,584,9,1188,5012,797,1,0
274,648,1,2024-08-03,29,581,28,1187,5019,799,1,0
275,650,2,2024-09-12,29,567,42,1128,5002,802,1,0
276,660,2,2024-05-01,29,579,58,1096,5018,812,1,0
277,661,1,2025-09-27,29,555,50,1148,5016,814,1,0
278,666,1,2025-05-30,29,581,27,1139,5006,820,1,0
279,667,1,2025-12-03,29,577,15,1261,5021,822,1,0
280,670,1,2025-05-23,29,571,26,1199,5008,825,1,0
281,672,2,2026-06-07,29,578,21,1149,5007,827,1,0
282,673,1,2025-04-19,29,577,15,1252,5008,828,1,0
283,676,1,2026-03-30,29,582,32,1134,5013,831,1,0
284,678,1,2024-06-29,29,571,26,1010,5015,834,1,0
285,680,1,2024-01-25,29,571,26,1025,5010,837,1,0
286,682,1,2025-05-13,29,569,67,1003,5025,840,1,0
287,684,1,2026-06-07,29,565,61,1046,5005,842,1,0
288,686,1,2024-02-17,29,582,32,1153,5018,845,1,0
289,687,1,2024-09-17,29,555,51,1176,5024,846,1,0
290,688,2,2026-02-20,29,562,53,1239,5025,848,1,0
291,696,2,2026-07-11,29,566,45,1036,5017,858,1,0
292,697,2,2024-12-29,29,571,25,1129,5017,860,1,0
293,698,2,2026-02-14,29,573,13,1147,5001,861,1,0
294,699,1,2025-09-19,29,562,52,1170,5014,862,1,0
295,700,1,2025-04-01,29,573,11,1133,5007,864,1,0
296,701,2,2026-03-25,29,582,31,1181,5020,865,1,0
297,703,1,2025-10-27,29,565,60,1263,5025,868,1,0
298,704,1,2025-11-28,29,582,31,1074,5004,869,1,0
299,705,1,2024-07-18,29,581,28,1041,5015,871,1,0
300,710,1,2024-03-14,29,567,41,1043,5023,877,1,0
301,712,2,2026-06-08,29,578,19,1263,5001,879,1,0
302,714,1,2025-10-15,29,574,36,1115,5003,881,1,0
303,717,1,2025-02-16,29,583,4,1062,5008,886,1,0
304,719,2,2025-08-29,29,572,1,1114,5004,888,1,0
305,721,2,2025-08-12,29,555,49,1150,5007,890,1,0
306,722,1,2025-08-05,29,567,43,1156,5012,892,1,0
307,723,2,2025-02-08,29,573,14,1266,5007,893,1,0
308,726,2,2024-10-12,29,573,12,1227,5025,897,1,0
309,727,1,2025-06-09,29,579,56,1107,5024,899,1,0
310,729,1,2025-10-20,29,569,69,1268,5013,901,1,0
311,732,1,2024-09-03,29,572,3,1079,5001,905,1,0
312,734,1,2025-03-20,29,565,61,1031,5020,908,1,0
313,735,2,2024-09-21,29,574,36,1133,5008,910,1,0
314,736,1,2024-06-18,29,584,9,1244,5009,912,1,0
315,741,2,2024-05-05,29,584,9,1081,5003,917,1,0
316,745,2,2024-10-31,29,573,13,1175,5022,922,1,0
317,746,2,2024-10-03,29,575,62,1092,5018,924,1,0
318,747,2,2025-05-01,29,566,47,1025,5023,925,1,0
319,749,1,2024-08-18,29,555,48,1126,5019,928,1,0
320,755,1,2025-12-26,29,577,16,1259,5020,936,1,0
321,761,1,2026-04-09,29,573,14,1181,5020,943,1,0
322,762,2,2025-01-27,29,579,55,1012,5009,945,1,0
323,763,2,2026-09-25,29,572,3,1047,5004,947,1,0
324,764,2,2024-09-06,29,571,24,1264,5014,948,1,0
325,765,1,2025-02-05,29,569,69,1115,5022,950,1,0
326,768,2,2025-01-18,29,582,31,1136,5010,954,1,0
327,771,1,2026-04-12,29,568,40,1132,5018,957,1,0
328,772,2,2025-08-04,29,571,24,1046,5007,959,1,0
329,774,1,2025-04-10,29,578,19,1103,5011,962,1,0
330,776,1,2024-12-15,29,571,25,1019,5008,965,1,0
331,777,2,2024-09-29,29,579,56,1036,5020,967,1,0
332,780,2,2025-12-09,29,578,19,1048,5016,970,1,0
333,787,1,2024-12-15,29,581,28,1179,5002,978,1,0
334,788,2,2025-05-07,29,574,35,1096,5021,980,1,0
335,790,1,2025-11-22,29,573,13,1030,5011,983,1,0
336,791,1,2025-03-06,29,567,42,1164,5005,985,1,0
337,792,2,2025-06-03,29,565,60,1200,5011,987,1,0
338,796,1,2025-05-17,29,579,55,1061,5018,992,1,0
339,797,2,2025-10-15,29,568,40,1180,5023,993,1,0
340,799,2,2025-03-25,29,555,49,1056,5001,996,1,0
341,800,1,2025-01-06,29,573,11,1230,5006,997,1,0
342,801,2,2026-05-26,29,582,31,1069,5010,999,1,0
343,807,1,2026-05-22,29,562,54,1096,5024,1006,1,0
344,808,2,2024-06-19,29,577,16,1184,5005,1008,1,0
345,812,1,2025-02-13,29,572,1,1187,5008,1013,1,0
346,813,1,2024-09-11,29,575,62,1132,5010,1014,1,0
347,814,1,2024-04-16,29,578,20,1000,5002,1016,1,0
348,817,1,2025-11-28,29,574,35,1229,5020,1020,1,0
349,820,2,2024-10-10,29,575,62,1231,5020,1024,1,0
350,821,2,2025-01-10,29,555,51,1210,5020,1025,1,0
351,822,2,2025-08-18,29,568,39,1076,5015,1027,1,0
352,831,2,2024-04-25,29,575,63,1249,5002,1037,1,0
353,832,2,2025-12-28,29,572,3,1116,5005,1038,1,0
354,833,2,2025-06-01,29,573,13,1118,5001,1040,1,0
355,834,2,2025-05-24,29,578,20,1103,5006,1042,1,0
356,835,2,2025-08-28,29,577,17,1118,5018,1044,1,0
357,839,2,2024-08-31,29,581,29,1092,5006,1048,1,0
358,846,1,2024-02-24,29,584,7,1201,5009,1055,1,0
359,848,1,2024-06-24,29,583,4,1255,5014,1058,1,0
360,851,1,2026-09-27,29,571,23,1029,5015,1061,1,0
361,854,2,2024-12-02,29,565,61,1105,5003,1065,1,0
362,855,1,2024-10-15,29,577,17,1087,5014,1067,1,0
363,856,2,2025-03-11,29,572,3,1076,5014,1069,1,0
364,857,1,2024-12-21,29,577,16,1025,5021,1071,1,0
365,858,1,2024-06-28,29,573,12,1183,5018,1072,1,0
366,860,2,2024-04-22,29,565,60,1144,5014,1075,1,0
367,861,2,2024-09-16,29,581,29,1149,5019,1077,1,0
368,863,1,2025-06-05,29,567,41,1201,5016,1080,1,0
369,864,2,2024-09-19,29,569,69,1166,5024,1081,1,0
370,865,1,2024-08-02,29,584,7,1204,5002,1083,1,0
371,867,1,2024-05-08,29,567,43,1126,5019,1086,1,0
372,868,2,2025-02-02,29,579,57,1085,5019,1087,1,0
373,871,2,2026-08-09,29,562,54,1143,5023,1090,1,0
374,878,1,2025-09-02,29,569,67,1108,5009,1098,1,0
375,879,1,2026-05-13,29,555,48,1200,5004,1099,1,0
376,888,2,2026-03-03,29,566,46,1100,5001,1109,1,0
377,889,2,2024-05-24,29,568,38,1172,5013,1110,1,0
378,891,2,2024-02-29,29,569,66,1053,5002,1112,1,0
379,893,2,2025-09-11,29,584,10,1076,5006,1114,1,0
380,896,2,2025-08-09,29,579,55,1211,5002,1119,1,0
381,899,2,2026-02-14,29,575,64,1041,5001,1123,1,0
382,902,1,2024-04-05,29,572,3,1244,5013,1127,1,0
383,904,1,2025-02-13,29,574,35,1106,5007,1130,1,0
384,905,2,2024-06-22,29,577,18,1047,5024,1131,1,0
385,907,2,2025-11-17,29,568,37,1224,5001,1134,1,0
386,908,1,2026-02-21,29,574,36,1072,5015,1136,1,0
387,909,1,2026-01-24,29,571,26,1234,5013,1137,1,0
388,910,2,2024-12-27,29,584,10,1141,5007,1139,1,0
389,912,1,2024-08-29,29,572,2,1135,5006,1142,1,0
390,913,2,2026-01-30,29,568,37,1091,5015,1144,1,0
391,916,1,2026-03-09,29,575,64,1143,5009,1147,1,0
392,917,2,2025-05-28,29,574,35,1114,5010,1149,1,0
393,920,2,2024-12-16,29,562,52,1198,5014,1154,1,0
394,921,2,2024-10-21,29,565,60,1051,5009,1155,1,0
395,923,2,2024-10-15,29,568,39,1235,5013,1158,1,0
396,924,2,2025-06-28,29,581,28,1139,5009,1160,1,0
397,927,1,2024-07-10,29,572,2,1209,5020,1163,1,0
398,928,1,2025-10-17,29,572,1,1205,5003,1164,1,0
399,930,1,2024-05-14,29,577,15,1019,5025,1166,1,0
400,932,2,2024-12-30,29,582,31,1271,5009,1168,1,0
401,934,1,2024-06-17,29,555,50,1110,5005,1171,1,0
402,935,1,2024-06-07,29,581,27,1256,5020,1173,1,0
403,936,2,2025-05-01,29,574,35,1104,5009,1175,1,0
404,938,2,2025-05-05,29,567,43,1214,5011,1177,1,0
405,940,1,2025-04-14,29,573,14,1094,5013,1179,1,0
406,941,1,2024-09-12,29,566,47,1257,5021,1180,1,0
407,942,2,2025-08-14,29,578,20,1052,5020,1182,1,0
408,943,2,2024-09-11,29,572,3,1196,5006,1184,1,0
409,944,2,2025-12-26,29,566,47,1112,5007,1186,1,0
410,945,2,2025-11-05,29,565,60,1059,5012,1188,1,0
411,946,1,2025-07-09,29,571,23,1236,5009,1189,1,0
412,947,1,2024-06-14,29,562,52,1153,5009,1190,1,0
413,948,2,2026-01-23,29,569,68,1175,5006,1192,1,0
414,949,1,2025-05-07,29,575,63,1150,5011,1194,1,0
415,950,2,2024-09-17,29,584,7,1133,5020,1196,1,0
416,953,2,2026-03-25,29,574,35,1083,5023,1200,1,0
417,954,1,2025-11-29,29,565,61,1204,5017,1201,1,0
418,955,1,2024-08-10,29,577,16,1210,5010,1203,1,0
419,956,1,2026-10-07,29,577,16,1020,5001,1204,1,0
420,958,2,2026-08-06,29,572,1,1067,5013,1207,1,0
421,959,2,2024-09-03,29,581,27,1196,5023,1209,1,0
422,960,1,2025-12-07,29,575,63,1218,5022,1211,1,0
423,964,2,2024-04-07,29,567,44,1218,5007,1217,1,0
424,965,1,2026-09-25,29,567,44,1192,5017,1219,1,0
425,967,2,2024-07-23,29,583,6,1190,5018,1221,1,0
426,968,1,2025-01-11,29,582,30,1122,5021,1223,1,0
427,970,2,2024-05-15,29,584,9,1009,5008,1226,1,0
428,972,2,2025-06-18,29,578,22,1188,5014,1229,1,0
429,974,1,2026-03-07,29,584,10,1004,5016,1231,1,0
430,975,2,2026-02-12,29,575,62,1100,5011,1232,1,0
431,976,1,2024-10-15,29,583,6,1256,5015,1234,1,0
432,977,1,2025-04-03,29,583,6,1033,5008,1235,1,0
433,978,2,2024-10-09,29,569,68,1076,5010,1237,1,0
434,979,1,2025-03-12,29,581,29,1240,5013,1238,1,0
435,981,1,2024-11-22,29,571,25,1247,5012,1240,1,0
436,985,2,2025-06-10,29,577,15,1264,5025,1245,1,0
437,986,1,2025-10-18,29,562,54,1212,5017,1247,1,0
438,987,1,2024-12-26,29,571,26,1218,5008,1249,1,0
439,988,2,2024-08-19,29,568,39,1087,5006,1250,1,0
440,993,1,2025-11-05,29,568,38,1013,5014,1255,1,0
441,995,1,2024-07-07,29,567,42,1091,5014,1257,1,0
442,996,2,2025-01-02,29,577,16,1198,5025,1259,1,0
443,997,2,2024-09-24,29,578,21,1211,5021,1261,1,0
444,1006,2,2025-01-31,29,567,44,1242,5005,1271,1,0
445,1010,2,2026-05-11,29,573,14,1221,5023,1276,1,0
446,1013,2,2025-06-20,29,578,22,1093,5022,1281,1,0
447,1014,2,2025-10-23,29,577,15,1254,5003,1282,1,0
448,1015,1,2024-11-20,29,568,40,1111,5002,1284,1,0
449,1016,1,2025-07-19,29,569,66,1089,5005,1285,1,0
450,1018,1,2024-05-20,29,579,56,1267,5023,1288,1,0
451,1019,2,2025-12-16,29,578,20,1060,5015,1290,1,0
452,1021,1,2026-04-24,29,569,69,1202,5009,1292,1,0
453,1022,1,2024-04-20,29,577,16,1207,5007,1294,1,0
454,1023,2,2024-05-15,29,566,47,1187,5011,1295,1,0
455,1024,2,2024-06-02,29,575,62,1151,5011,1296,1,0
456,1025,1,2024-10-19,29,577,16,1107,5010,1298,1,0
457,1026,2,2025-01-11,29,577,16,1134,5022,1299,1,0
458,1029,1,2024-05-03,29,572,1,1233,5019,1303,1,0
459,1030,1,2025-12-05,29,577,17,1164,5004,1304,1,0
460,1031,2,2025-08-07,29,582,31,1079,5014,1305,1,0
461,1032,1,2026-03-19,29,574,34,1068,5023,1307,1,0
462,1034,2,2025-10-06,29,577,18,1198,5015,1310,1,0
463,1036,2,2025-09-15,29,569,67,1072,5012,1313,1,0
464,1037,2,2026-03-06,29,566,46,1128,5025,1315,1,0
465,1038,2,2025-09-20,29,575,63,1256,5001,1316,1,0
466,1040,1,2024-10-20,29,568,39,1219,5007,1319,1,0
467,1041,2,2024-05-25,29,555,51,1022,5004,1321,1,0
468,1043,2,2025-05-27,29,567,41,1058,5020,1323,1,0
469,1044,1,2025-05-02,29,584,8,1040,5020,1325,1,0
470,1045,2,2026-09-14,29,579,58,1241,5008,1326,1,0
471,1046,2,2026-06-17,29,584,9,1196,5023,1328,1,0
472,1048,1,2025-01-21,29,571,26,1091,5019,1330,1,0
473,1049,1,2025-02-16,29,579,56,1012,5024,1332,1,0
474,1052,1,2025-05-17,29,577,16,1220,5003,1336,1,0
475,1056,2,2026-03-18,29,577,18,1066,5019,1340,1,0
476,1057,1,2026-04-09,29,562,53,1085,5006,1342,1,0
477,1058,1,2025-12-22,29,584,8,1175,5017,1343,1,0
478,1059,2,2025-06-26,29,573,11,1072,5003,1345,1,0
479,1064,1,2025-10-15,29,584,10,1159,5021,1351,1,0
480,1065,1,2026-07-14,29,571,23,1133,5024,1352,1,0
481,1068,2,2025-02-04,29,562,52,1205,5004,1356,1,0
482,1070,1,2025-08-31,29,579,58,1055,5016,1359,1,0
483,1071,1,2024-10-05,29,575,65,1011,5002,1361,1,0
484,1072,1,2025-02-24,29,569,68,1132,5006,1362,1,0
485,1075,1,2024-03-24,29,579,57,1129,5003,1365,1,0
486,1076,1,2025-06-27,29,584,8,1096,5012,1366,1,0
487,1078,2,2025-01-25,29,568,39,1133,5005,1369,1,0
488,1079,2,2025-12-01,29,568,40,1168,5010,1370,1,0
489,1083,2,2025-12-12,29,583,6,1227,5006,1374,1,0
490,1085,2,2024-11-13,29,577,17,1212,5024,1377,1,0
491,1087,1,2025-05-08,29,572,1,1155,5006,1379,1,0
492,1088,2,2026-06-17,29,568,39,1090,5022,1380,1,0
493,1089,2,2025-04-07,29,555,51,1261,5001,1381,1,0
494,1091,2,2026-05-21,29,568,38,1251,5014,1384,1,0
495,1093,1,2026-02-18,29,562,52,1098,5001,1386,1,0
496,1097,1,2025-07-31,29,581,27,1100,5018,1390,1,0
497,1098,1,2026-01-07,29,577,17,1051,5019,1391,1,0
498,1100,2,2025-07-16,29,582,32,1090,5017,1393,1,0
499,1102,2,2026-02-27,29,573,13,1148,5023,1395,1,0
500,1104,2,2024-10-27,29,577,18,1010,5006,1398,1,0
501,1106,2,2024-06-22,29,582,31,1058,5010,1402,1,0
502,1110,1,2026-03-06,29,583,6,1241,5021,1406,1,0
503,1114,1,2024-03-06,29,568,38,1132,5001,1411,1,0
504,1116,2,2025-01-19,29,575,62,1030,5005,1415,1,0
505,1117,2,2025-03-09,29,577,15,1053,5007,1416,1,0
506,1122,1,2026-09-17,29,567,43,1216,5016,1421,1,0
507,1125,2,2024-12-26,29,565,61,1027,5015,1425,1,0
508,1127,2,2025-09-16,29,565,60,1272,5008,1428,1,0
509,1128,2,2024-08-23,29,574,36,1160,5018,1430,1,0
510,1129,1,2025-04-30,29,583,4,1051,5003,1432,1,0
511,1130,1,2024-06-05,29,566,45,1235,5007,1434,1,0
512,1131,2,2025-01-07,29,555,51,1019,5002,1435,1,0
513,1135,2,2026-06-22,29,566,45,1255,5007,1440,1,0
514,1136,2,2026-05-03,29,566,47,1259,5005,1441,1,0
515,1137,2,2026-01-11,29,579,56,1128,5011,1443,1,0
516,1140,1,2024-09-11,29,577,17,1231,5022,1447,1,0
517,1141,1,2025-08-17,29,575,63,1236,5025,1448,1,0
518,1143,2,2024-05-04,29,584,7,1118,5022,1450,1,0
519,1144,1,2026-03-14,29,562,53,1015,5019,1451,1,0
520,1147,2,2024-06-25,29,565,61,1131,5019,1455,1,0
521,1148,1,2024-07-30,29,575,64,1213,5022,1456,1,0
522,1153,2,2024-05-05,29,567,42,1154,5012,1464,1,0
523,1165,1,2025-02-11,29,567,42,1004,5018,1478,1,0
524,1171,2,2024-08-18,29,579,58,1068,5025,1485,1,0
525,1175,1,2024-08-09,29,569,68,1072,5010,1490,1,0
526,1177,1,2024-08-28,29,569,69,1198,5005,1493,1,0
527,1181,2,2025-09-16,29,582,30,1192,5018,1498,1,0
528,1183,1,2025-12-01,29,566,47,1097,5001,1501,1,0
529,1184,1,2026-06-19,29,562,52,1248,5011,1502,1,0
530,1185,1,2025-07-25,29,573,12,1117,5011,1504,1,0
531,1186,2,2025-09-21,29,573,11,1085,5020,1505,1,0
532,1189,1,2026-06-13,29,568,38,1145,5010,1509,1,0
533,1194,2,2025-05-14,29,555,50,1144,5006,1514,1,0
534,1195,2,2025-07-20,29,555,50,1161,5003,1516,1,0
535,1200,2,2025-08-17,29,582,30,1086,5015,1521,1,0
536,1202,2,2026-03-14,29,581,28,1128,5007,1523,1,0
537,1203,1,2026-08-10,29,577,18,1214,5005,1525,1,0
538,1207,1,2026-06-16,29,569,69,1097,5003,1529,1,0
539,1208,1,2024-12-13,29,572,3,1143,5007,1531,1,0
540,1209,1,2024-10-16,29,569,66,1059,5006,1532,1,0
541,1213,2,2024-08-09,29,584,8,1078,5021,1537,1,0
542,1216,2,2025-02-25,29,571,23,1204,5022,1541,1,0
543,1217,1,2024-06-18,29,568,37,1140,5004,1543,1,0
544,1221,1,2025-05-25,29,572,2,1167,5008,1547,1,0
545,1224,1,2025-02-14,29,583,5,1019,5020,1551,1,0
546,1225,1,2026-09-20,29,562,52,1170,5004,1553,1,0
547,1226,2,2026-08-04,29,555,49,1138,5017,1554,1,0
548,1230,1,2025-12-27,29,566,45,1229,5005,1559,1,0
549,1231,1,2026-03-18,29,555,51,1107,5005,1560,1,0
550,1235,2,2025-06-14,29,578,22,1200,5004,1565,1,0
551,1236,2,2026-05-29,29,566,46,1168,5007,1567,1,0
552,1237,2,2025-02-12,29,584,7,1116,5005,1568,1,0
553,1239,1,2026-04-25,29,572,1,1099,5013,1571,1,0
554,1240,1,2025-09-08,29,581,27,1052,5010,1573,1,0
555,1244,2,2024-09-14,29,573,13,1067,5008,1578,1,0
556,1249,1,2026-08-28,29,568,39,1258,5004,1583,1,0
557,1250,1,2025-10-31,29,572,1,1077,5011,1584,1,0
558,1251,1,2026-01-27,29,569,69,1114,5025,1586,1,0
559,1252,1,2026-02-03,29,566,45,1015,5024,1588,1,0
560,1254,2,2026-06-03,29,578,19,1164,5019,1592,1,0
561,1257,1,2025-02-11,29,568,39,1263,5014,1595,1,0
562,1262,2,2024-10-23,29,574,36,1254,5008,1600,1,0
563,1267,1,2026-04-13,29,578,20,1152,5010,1607,1,0
564,1269,1,2026-04-02,29,579,56,1210,5024,1610,1,0
565,1270,1,2024-12-01,29,572,2,1234,5014,1612,1,0
566,1272,1,2025-08-19,29,567,44,1140,5016,1616,1,0
567,1273,2,2024-10-09,29,582,31,1070,5012,1617,1,0
568,1276,2,2026-07-21,29,584,10,1059,5009,1620,1,0
569,1278,2,2026-01-15,29,571,25,1074,5018,1623,1,0
570,1279,2,2024-03-23,29,569,66,1196,5023,1624,1,0
571,1280,2,2026-04-02,29,569,66,1123,5004,1626,1,0
572,1282,1,2024-10-15,29,566,45,1020,5022,1628,1,0
573,1284,1,2025-04-01,29,574,35,1262,5019,1631,1,0
574,1285,2,2025-12-12,29,581,29,1151,5022,1632,1,0
575,1290,2,2024-06-23,29,575,63,1214,5006,1638,1,0
576,1294,2,2026-05-04,29,577,16,1200,5019,1643,1,0
577,1295,1,2024-07-30,29,555,49,1271,5011,1645,1,0
578,1296,1,2025-12-19,29,573,11,1178,5024,1646,1,0
579,1297,2,2025-06-17,29,578,19,1080,5024,1648,1,0
580,1298,1,2025-09-21,29,567,42,1018,5016,1649,1,0
581,1299,2,2024-11-01,29,581,27,1040,5025,1651,1,0
582,1301,2,2024-06-20,29,562,53,1056,5014,1653,1,0
583,1302,2,2025-11-05,29,581,29,1200,5008,1654,1,0
584,1303,2,2025-09-03,29,555,50,1172,5015,1655,1,0
585,1304,2,2024-11-28,29,575,62,1053,5014,1656,1,0
586,1308,1,2025-03-02,29,562,52,1037,5011,1660,1,0
587,1309,1,2025-07-21,29,573,11,1066,5020,1662,1,0
588,1311,1,2025-10-29,29,577,16,1266,5003,1664,1,0
589,1312,1,2025-04-13,29,566,45,1138,5020,1666,1,0
590,1313,1,2025-12-15,29,579,58,1108,5013,1667,1,0
591,1314,2,2025-10-30,29,582,30,1092,5009,1668,1,0
592,1317,2,2026-04-09,29,578,19,1204,5008,1672,1,0
593,1319,2,2026-03-20,29,574,35,1183,5005,1675,1,0
594,1323,2,2025-01-26,29,578,20,1022,5009,1680,1,0
595,1325,2,2025-07-25,29,575,65,1133,5020,1683,1,0
596,1328,2,2025-08-04,29,574,36,1263,5022,1687,1,0
597,1330,1,2025-06-08,29,579,56,1025,5017,1689,1,0
598,1331,2,2025-10-08,29,579,58,1243,5019,1691,1,0
599,1332,2,2024-04-25,29,571,23,1155,5010,1693,1,0
600,1335,2,2024-11-10,29,567,43,1000,5003,1698,1,0
601,1336,2,2025-01-08,29,584,10,1074,5003,1699,1,0
602,1338,2,2026-03-15,29,573,13,1017,5005,1701,1,0
603,1339,2,2024-12-23,29,566,45,1157,5013,1702,1,0
604,1340,1,2025-08-05,29,562,52,1067,5011,1703,1,0
605,1342,1,2026-01-12,29,573,14,1269,5011,1707,1,0
606,1349,1,2025-01-20,29,567,43,1000,5005,1717,1,0
607,1352,2,2026-08-24,29,555,50,1255,5002,1720,1,0
608,1353,1,2024-11-06,29,568,37,1272,5021,1722,1,0
609,1354,1,2025-11-13,29,584,10,1117,5013,1724,1,0
610,1358,1,2024-08-28,29,578,20,1112,5009,1730,1,0
611,1359,1,2025-12-30,29,574,35,1198,5018,1732,1,0
612,1369,2,2025-02-19,29,574,35,1031,5003,1743,1,0
613,1373,2,2024-11-12,29,568,38,1252,5010,1749,1,0
614,1374,1,2025-12-29,29,584,7,1119,5010,1750,1,0
615,1375,2,2025-03-23,29,555,50,1073,5004,1752,1,0
616,1380,2,2026-02-11,29,571,24,1053,5022,1758,1,0
617,1381,1,2025-06-07,29,555,51,1191,5014,1760,1,0
618,1383,1,2024-11-06,29,569,67,1071,5009,1762,1,0
619,1384,2,2024-04-22,29,555,51,1260,5003,1763,1,0
620,1388,2,2025-03-21,29,569,66,1008,5010,1768,1,0
621,1389,2,2025-12-31,29,569,67,1040,5018,1769,1,0
622,1391,2,2026-01-14,29,569,68,1248,5005,1771,1,0
623,1393,2,2024-08-05,29,574,35,1070,5025,1773,1,0
624,1395,1,2026-03-17,29,565,61,1057,5011,1776,1,0
625,1398,1,2025-07-08,29,568,40,1166,5024,1780,1,0
626,1399,2,2026-09-07,29,562,54,1139,5005,1781,1,0
627,1400,2,2026-02-12,29,569,67,1263,5020,1782,1,0
628,1401,2,2026-05-07,29,577,15,1074,5007,1784,1,0
629,1403,2,2026-06-29,29,571,25,1208,5004,1787,1,0
630,1405,1,2024-11-13,29,566,45,1036,5014,1789,1,0
631,1409,2,2025-05-09,29,581,27,1273,5003,1794,1,0
632,1410,1,2025-05-20,29,567,42,1253,5019,1795,1,0
633,1412,1,2024-07-09,29,555,50,1246,5022,1797,1,0
634,1413,2,2026-07-17,29,562,53,1250,5023,1799,1,0
635,1414,1,2024-04-22,29,568,40,1171,5011,1800,1,0
636,1415,1,2024-05-31,29,577,16,1155,5023,1802,1,0
637,1417,2,2024-08-23,29,584,9,1228,5012,1805,1,0
638,1419,1,2026-03-04,29,584,7,1252,5008,1808,1,0
639,1420,1,2026-04-23,29,569,68,1157,5011,1810,1,0
640,1421,1,2025-12-04,29,565,60,1091,5009,1812,1,0
641,1423,2,2026-05-10,29,569,67,1145,5024,1814,1,0
642,1424,2,2024-04-28,29,574,34,1052,5012,1815,1,0
643,1425,1,2024-02-13,29,578,20,1227,5024,1817,1,0
644,1427,2,2026-05-27,29,583,5,1105,5004,1819,1,0
645,1428,2,2025-06-26,29,583,5,1204,5017,1821,1,0
646,1430,1,2025-01-12,29,566,47,1172,5003,1824,1,0
647,1431,2,2026-01-17,29,578,22,1016,5013,1826,1,0
648,1432,1,2024-04-18,29,577,15,1008,5005,1828,1,0
649,1433,2,2026-07-12,29,569,67,1042,5012,1830,1,0
650,1435,1,2026-04-16,29,562,54,1222,5020,1833,1,0
651,1437,2,2024-05-31,29,573,13,1234,5024,1835,1,0
652,1444,2,2024-10-26,29,555,48,1196,5006,1843,1,0
653,1446,2,2025-03-01,29,577,17,1256,5006,1845,1,0
654,1449,1,2025-06-15,29,562,52,1123,5001,1849,1,0
655,1451,1,2024-10-17,29,572,1,1077,5011,1851,1,0
656,1455,1,2025-12-20,29,574,34,1144,5025,1857,1,0
657,1456,1,2026-06-20,29,567,41,1259,5024,1858,1,0
658,1457,2,2024-02-18,29,565,60,1043,5008,1860,1,0
659,1459,1,2026-08-29,29,573,13,1268,5020,1862,1,0
660,1462,2,2024-10-25,29,578,21,1017,5016,1865,1,0
661,1463,1,2026-05-03,29,582,31,1155,5005,1866,1,0
662,1464,2,2024-08-26,29,582,31,1263,5020,1868,1,0
663,1469,2,2024-08-01,29,584,9,1083,5025,1875,1,0
664,1470,2,2024-08-23,29,578,22,1116,5002,1876,1,0
665,1471,1,2024-07-30,29,575,65,1199,5001,1877,1,0
666,1474,2,2026-01-30,29,569,69,1118,5008,1881,1,0
667,1475,1,2024-11-02,29,566,47,1198,5006,1882,1,0
668,1479,2,2025-10-26,29,575,64,1170,5006,1887,1,0
669,1480,1,2026-09-02,29,573,14,1264,5005,1888,1,0
670,1481,1,2026-03-13,29,573,12,1072,5014,1890,1,0
671,1482,2,2024-05-07,29,566,47,1101,5011,1891,1,0
672,1483,2,2024-10-05,29,568,37,1221,5016,1892,1,0
673,1484,2,2024-06-03,29,569,69,1229,5012,1894,1,0
674,1486,2,2026-02-24,29,584,8,1076,5017,1896,1,0
675,1488,1,2026-02-11,29,581,29,1080,5017,1899,1,0
676,1489,2,2024-08-11,29,565,59,1084,5019,1900,1,0
677,1496,1,2025-08-30,29,565,60,1044,5021,1908,1,0
678,1497,1,2024-10-05,29,568,39,1070,5007,1909,1,0
679,1499,2,2024-02-19,29,567,44,1201,5021,1911,1,0
680,1500,1,2024-08-13,29,568,38,1206,5023,1912,1,0
681,1504,2,2025-04-15,29,555,48,1010,5004,1916,1,0
682,1505,2,2025-01-13,29,568,40,1076,5002,1918,1,0
683,1506,2,2025-12-02,29,572,1,1189,5005,1919,1,0
684,1509,1,2026-08-02,29,566,45,1208,5015,1923,1,0
685,1510,2,2026-04-03,29,566,47,1268,5021,1924,1,0
686,1513,1,2025-10-03,29,568,38,1042,5003,1929,1,0
687,1514,2,2025-10-13,29,582,33,1048,5010,1930,1,0
688,1515,1,2024-06-02,29,571,23,1113,5010,1932,1,0
689,1518,1,2025-03-09,29,555,51,1173,5020,1936,1,0
690,1520,1,2025-10-09,29,568,37,1163,5025,1940,1,0
691,1521,2,2026-02-08,29,574,36,1042,5002,1942,1,0
692,1522,2,2026-02-23,29,575,63,1243,5006,1943,1,0
693,1525,2,2026-03-20,29,579,55,1153,5014,1946,1,0
694,1527,2,2024-05-11,29,575,65,1152,5024,1948,1,0
695,1528,1,2026-05-18,29,578,20,1055,5020,1950,1,0
696,1530,2,2024-03-27,29,566,45,1213,5015,1953,1,0
697,1531,2,2024-04-11,29,574,36,1079,5007,1954,1,0
698,1532,2,2025-05-17,29,566,47,1202,5008,1955,1,0
699,1534,1,2025-05-28,29,577,18,1206,5021,1958,1,0
700,1535,2,2026-07-15,29,578,21,1013,5009,1959,1,0
701,1539,1,2025-12-08,29,574,35,1082,5002,1964,1,0
702,1544,2,2025-12-03,29,566,46,1201,5010,1970,1,0
703,1545,2,2024-07-01,29,566,47,1005,5015,1971,1,0
704,1546,2,2026-02-25,29,574,35,1111,5005,1972,1,0
705,1548,1,2026-09-07,29,566,45,1111,5016,1975,1,0
706,1550,2,2025-10-10,29,568,40,1270,5001,1977,1,0
707,1552,1,2024-05-02,29,581,27,1145,5002,1979,1,0
708,1553,2,2025-05-02,29,566,47,1194,5006,1981,1,0
709,1557,1,2026-06-12,29,583,5,1241,5008,1985,1,0
710,1558,2,2025-03-30,29,573,14,1094,5007,1987,1,0
711,1565,2,2025-02-01,29,565,59,1090,5017,1994,1,0
712,1567,2,2024-08-03,29,565,59,1247,5011,1996,1,0
713,1568,2,2024-09-11,29,578,21,1036,5008,1998,1,0
714,1569,1,2024-12-01,29,577,18,1251,5015,2000,1,0
715,1570,2,2025-03-15,29,584,10,1054,5021,2001,1,0
716,1572,1,2024-08-17,29,575,62,1258,5014,2003,1,0
717,1573,1,2026-01-22,29,584,9,1054,5010,2005,1,0
718,1574,1,2024-03-22,29,578,20,1236,5004,2007,1,0
719,1575,2,2024-08-08,29,571,24,1146,5005,2009,1,0
720,1576,1,2026-05-11,29,572,2,1159,5008,2010,1,0
721,1579,1,2026-05-23,29,584,8,1062,5004,2014,1,0
722,1580,1,2025-10-30,29,584,7,1234,5015,2015,1,0
723,1582,2,2024-06-03,29,572,3,1046,5007,2018,1,0
724,1583,1,2026-06-19,29,569,67,1018,5010,2020,1,0
725,1584,2,2024-05-19,29,571,25,1096,5012,2022,1,0
726,1585,1,2025-03-26,29,555,51,1266,5021,2024,1,0
727,1588,2,2025-11-30,29,583,6,1136,5009,2027,1,0
728,1594,1,2024-07-30,29,567,42,1193,5024,2034,1,0
729,1598,1,2025-02-03,29,577,15,1235,5014,2039,1,0
730,1599,1,2026-02-06,29,555,48,1177,5011,2041,1,0
731,1603,2,2024-07-01,29,569,67,1099,5010,2045,1,0
732,1606,2,2024-03-12,29,565,60,1035,5024,2049,1,0
733,1607,1,2025-09-20,29,567,41,1172,5012,2050,1,0
734,1608,2,2026-02-26,29,577,15,1181,5019,2051,1,0
735,1610,1,2026-08-17,29,572,2,1013,5014,2053,1,0
736,1613,2,2024-12-15,29,582,31,1215,5001,2056,1,0
737,1618,2,2024-12-21,29,555,49,1247,5002,2062,1,0
738,1620,1,2024-04-01,29,579,56,1215,5003,2064,1,0
739,1625,2,2024-04-05,29,577,18,1008,5011,2069,1,0
740,1627,1,2024-04-15,29,574,35,1122,5003,2072,1,0
741,1629,1,2024-09-13,29,562,52,1064,5011,2075,1,0
742,1630,2,2025-05-25,29,575,62,1204,5007,2076,1,0
743,1633,2,2025-01-17,29,578,22,1124,5005,2079,1,0
744,1636,1,2024-11-21,29,565,60,1241,5006,2083,1,0
745,1638,2,2025-05-13,29,577,17,1070,5001,2085,1,0
746,1639,1,2025-10-14,29,577,17,1150,5017,2087,1,0
747,1641,1,2024-06-17,29,574,36,1034,5025,2089,1,0
748,1644,1,2025-07-26,29,577,16,1009,5023,2093,1,0
749,1645,2,2024-06-28,29,575,65,1212,5021,2095,1,0
750,1649,1,2024-09-26,29,577,15,1181,5002,2099,1,0
751,1651,2,2026-01-15,29,566,46,1148,5004,2102,1,0
752,1652,1,2026-08-06,29,584,7,1020,5021,2103,1,0
753,1655,1,2024-04-02,29,569,66,1161,5018,2106,1,0
754,1656,1,2025-07-21,29,562,53,1011,5012,2108,1,0
755,1658,2,2024-05-03,29,577,15,1195,5003,2111,1,0
756,1661,2,2025-05-17,29,584,8,1191,5007,2115,1,0
757,1663,1,2024-04-05,29,567,44,1161,5006,2117,1,0
758,1664,1,2024-10-27,29,567,44,1133,5005,2119,1,0
759,1668,1,2025-03-21,29,572,2,1257,5021,2123,1,0
760,1672,1,2024-06-06,29,574,36,1269,5008,2128,1,0
761,1673,1,2026-02-18,29,574,35,1079,5009,2130,1,0
762,1674,2,2025-12-18,29,573,13,1250,5017,2131,1,0
763,1676,1,2025-02-03,29,579,57,1056,5015,2134,1,0
764,1678,1,2024-08-02,29,578,19,1199,5005,2136,1,0
765,1679,2,2024-10-02,29,577,17,1022,5008,2137,1,0
766,1686,1,2024-11-11,29,562,54,1093,5009,2144,1,0
767,1687,1,2025-08-03,29,583,6,1259,5004,2146,1,0
768,1688,2,2024-07-08,29,579,57,1222,5020,2148,1,0
769,1689,1,2026-06-20,29,555,50,1246,5006,2150,1,0
770,1690,1,2025-08-16,29,578,21,1187,5010,2152,1,0
771,1693,2,2024-05-20,29,584,8,1096,5017,2155,1,0
772,1696,2,2025-11-01,29,567,41,1044,5011,2158,1,0
773,1697,1,2024-03-06,29,569,69,1123,5024,2160,1,0
774,1698,1,2025-12-18,29,573,11,1193,5001,2161,1,0
775,1701,2,2026-04-30,29,584,10,1156,5018,2164,1,0
776,1706,2,2026-07-31,29,573,14,1100,5017,2169,1,0
777,1708,2,2025-09-19,29,575,65,1144,5002,2172,1,0
778,1710,1,2025-10-28,29,566,47,1119,5012,2175,1,0
779,1711,2,2025-09-26,29,568,39,1072,5017,2176,1,0
780,1713,2,2025-02-16,29,565,60,1137,5005,2178,1,0
781,1714,2,2025-01-28,29,573,14,1202,5009,2179,1,0
782,1715,2,2024-06-15,29,581,28,1033,5008,2181,1,0
783,1716,1,2025-08-02,29,572,3,1168,5013,2182,1,0
784,1717,2,2024-08-21,29,562,52,1039,5011,2184,1,0
785,1720,2,2025-11-07,29,566,46,1196,5007,2187,1,0
786,1721,2,2024-10-03,29,584,7,1029,5019,2189,1,0
787,1724,2,2024-04-10,29,583,6,1261,5012,2193,1,0
788,1727,2,2025-08-10,29,572,3,1219,5004,2198,1,0
789,1728,2,2024-09-05,29,581,28,1038,5010,2200,1,0
