ComplainantID,CaseMasterID,ComplainantName,AgeYear,OccupationID,ReligionID,CasteID,GenderID
1,1,Rekha Setty,31,1,4,2,F
2,2,Savitha Rao,55,4,2,1,F
3,3,Bhavya Rao,29,4,2,3,F
4,4,Roopa Gowda,42,2,4,3,F
5,5,Lakshmi Shetty,48,3,4,4,F
6,6,Nagaratna Naik,51,2,1,2,F
7,7,Bhavya Shetty,35,2,3,3,F
8,8,Basavaraj Achar,53,3,2,3,M
9,9,Prasad Gowda,50,6,3,2,M
10,10,Basavaraj Raju,44,2,2,3,M
11,11,Santosh Kumar,38,2,1,2,M
12,12,Prasad Naik,45,5,1,4,M
13,13,Ramesh Raju,42,3,2,1,M
14,14,Ravi Setty,32,4,3,3,M
15,15,Arun Patil,34,7,4,1,M
16,16,Mahesh Raju,29,6,3,4,M
17,17,Manjunath Kumar,36,5,1,2,M
18,18,Ravi Reddy,25,4,2,2,M
19,19,Anil Pasha,27,1,4,4,M
20,20,Imran Patil,26,1,4,3,M
21,21,Prakash Patil,40,4,3,1,M
22,22,Ravi Achar,30,4,2,3,M
23,23,Kiran Kumar,40,7,4,3,M
24,24,Umesh Patil,35,2,4,2,M
25,25,Shivakumar Prasad,30,3,4,4,M
26,26,Anil Kumar,32,2,1,3,M
27,27,Suresh Raju,39,8,2,1,M
28,28,Naveen Setty,42,7,3,2,M
29,29,Prasad Prasad,57,8,2,4,M
30,30,Mahesh Naik,66,2,4,4,M
31,31,Basavaraj Hegde,67,7,4,4,M
32,32,Santosh Hegde,40,8,1,2,M
33,33,Savitha Murthy,50,4,1,2,F
34,34,Bhavya Naik,47,5,1,4,F
35,35,Roopa Bhat,25,5,4,4,F
36,36,Deepa Hegde,46,5,3,2,F
37,37,Kavya Pasha,37,6,3,2,F
38,38,Sushma Reddy,43,2,4,2,F
39,39,Lakshmi Nayak,40,5,2,2,F
40,40,Shwetha Murthy,60,1,1,2,F
41,41,Shwetha Murthy,40,3,4,1,F
42,42,Kavya Shetty,49,1,1,1,F
43,43,Nagaratna Shetty,38,2,3,1,F
44,44,Geetha Pasha,30,3,1,1,F
45,45,Umesh Hegde,35,2,3,3,M
46,46,Lokesh Nayak,38,3,4,3,M
47,47,Basavaraj Patil,41,8,3,4,M
48,48,Anil Patil,42,2,4,4,M
49,49,Mahesh Setty,45,1,2,4,M
50,50,Kiran Prasad,26,2,3,2,M
51,51,Prasad Kumar,45,3,2,1,M
52,52,Basavaraj Bhat,53,6,2,2,M
53,53,Firoz Bhat,46,7,1,1,M
54,54,Ramesh Nayak,34,2,2,4,M
55,55,Lokesh Murthy,54,4,3,4,M
56,56,Nagaraj Setty,59,2,3,2,M
57,57,Prakash Setty,50,8,2,2,M
58,58,Mahesh Naik,63,2,2,1,M
59,59,Lokesh Patil,40,5,4,4,M
60,60,Umesh Naik,38,5,4,4,M
61,61,Lokesh Raju,38,2,3,2,M
62,62,Kavya Patil,40,2,3,1,F
63,63,Rekha Setty,52,3,3,4,F
64,64,Deepa Gowda,53,7,2,1,F
65,65,Vidya Gowda,32,4,2,2,F
66,66,Nagaratna Pasha,51,8,1,1,F
67,67,Deepa Setty,46,8,4,1,F
68,68,Ravi Patil,43,1,2,2,M
69,69,Nagaraj Kumar,39,4,4,2,M
70,70,Harish Shetty,30,2,4,2,M
71,71,Manjunath Bhat,33,7,3,2,M
72,72,Girish Prasad,45,6,3,4,M
73,73,Naveen Raju,37,1,1,2,M
74,74,Shivakumar Gowda,25,4,3,2,M
75,75,Prasad Gowda,32,2,1,3,M
76,76,Shivakumar Raju,36,8,2,3,M
77,77,Anil Achar,27,2,2,4,M
78,78,Manjunath Pasha,24,1,1,4,M
79,79,Lakshmi Murthy,38,7,1,3,F
80,80,Arun Rao,53,3,4,1,M
81,81,Divya Gowda,53,7,1,3,F
82,82,Girish Raju,38,5,4,3,M
83,83,Vidya Kumar,58,1,1,3,F
84,84,Bhavya Pasha,36,8,3,1,F
85,85,Savitha Rao,44,5,1,4,F
86,86,Lakshmi Hegde,23,7,1,4,F
87,87,Arun Setty,34,1,2,1,M
88,88,Kiran Pasha,62,4,3,3,M
89,89,Harish Setty,46,8,1,4,M
90,90,Prakash Reddy,24,7,4,3,M
91,91,Arun Murthy,24,4,2,4,M
92,92,Anil Hegde,54,6,4,4,M
93,93,Lokesh Raju,34,4,1,3,M
94,94,Anitha Prasad,46,5,4,2,F
95,95,Geetha Prasad,38,7,3,3,F
96,96,Rekha Nayak,62,8,1,3,F
97,97,Firoz Setty,42,2,1,3,M
98,98,Anitha Rao,70,6,4,2,F
99,99,Savitha Achar,22,3,1,3,F
100,100,Kiran Kumar,42,4,2,1,M
101,101,Anitha Raju,47,1,4,1,F
102,102,Shivakumar Naik,29,5,3,2,M
103,103,Rekha Kumar,37,2,2,2,F
104,104,Imran Setty,29,1,2,1,M
105,105,Roopa Reddy,51,2,1,4,F
106,106,Lakshmi Murthy,40,5,3,1,F
107,107,Vidya Gowda,54,4,3,3,F
108,108,Shwetha Reddy,29,4,1,4,F
109,109,Vidya Bhat,47,1,3,2,F
110,110,Harish Nayak,22,1,2,1,M
111,111,Bhavya Achar,41,6,4,4,F
112,112,Anitha Prasad,42,7,3,2,F
113,113,Harish Bhat,60,7,4,2,M
114,114,Vidya Murthy,43,3,4,2,F
115,115,Nagaratna Setty,50,4,2,4,F
116,116,Firoz Bhat,48,1,3,1,M
117,117,Kiran Hegde,68,5,3,1,M
118,118,Imran Hegde,54,2,1,2,M
119,119,Rekha Raju,35,8,2,2,F
120,120,Firoz Kumar,56,2,2,3,M
121,121,Sushma Hegde,31,2,1,1,F
122,122,Prakash Setty,18,6,3,4,M
123,123,Ravi Patil,26,8,4,1,M
124,124,Bhavya Rao,57,1,2,1,F
125,125,Shivakumar Patil,62,1,2,1,M
126,126,Basavaraj Gowda,58,4,2,1,M
127,127,Lakshmi Shetty,34,1,2,2,F
128,128,Savitha Nayak,29,4,3,3,F
129,129,Bhavya Patil,35,4,3,4,F
130,130,Nagaraj Bhat,59,3,4,1,M
131,131,Suresh Shetty,50,7,3,4,M
132,132,Sushma Bhat,46,8,3,1,F
133,133,Deepa Patil,30,6,4,3,F
134,134,Rekha Setty,54,3,2,1,F
135,135,Bhavya Pasha,39,1,2,1,F
136,136,Lakshmi Bhat,41,6,3,3,F
137,137,Savitha Nayak,58,3,2,2,F
138,138,Bhavya Shetty,34,6,1,3,F
139,139,Geetha Setty,61,3,1,2,F
140,140,Kiran Rao,65,4,3,2,M
141,141,Naveen Setty,56,1,1,2,M
142,142,Nagaratna Shetty,45,6,1,4,F
143,143,Firoz Shetty,18,7,4,1,M
144,144,Savitha Nayak,49,2,1,3,F
145,145,Shivakumar Achar,45,7,4,4,M
146,146,Lakshmi Gowda,67,1,2,3,F
147,147,Roopa Gowda,35,6,4,4,F
148,148,Nagaratna Murthy,35,6,1,3,F
149,149,Savitha Bhat,47,7,4,3,F
150,150,Ravi Hegde,28,5,2,1,M
151,151,Prakash Kumar,45,4,3,4,M
152,152,Anil Gowda,52,7,3,3,M
153,153,Shivakumar Gowda,40,1,2,4,M
154,154,Ravi Gowda,43,4,1,4,M
155,155,Deepa Bhat,31,4,4,2,F
156,156,Santosh Raju,34,6,2,1,M
157,157,Vidya Nayak,65,1,2,2,F
158,158,Lokesh Murthy,28,1,2,4,M
159,159,Anitha Reddy,64,5,3,1,F
160,160,Sushma Raju,50,8,3,4,F
161,161,Deepa Patil,27,7,3,1,F
162,162,Shwetha Nayak,55,5,3,2,F
163,163,Lakshmi Murthy,23,2,1,2,F
164,164,Suresh Achar,30,1,1,4,M
165,165,Savitha Bhat,62,4,4,3,F
166,166,Umesh Pasha,29,2,4,4,M
167,167,Shivakumar Shetty,63,2,1,1,M
168,168,Geetha Hegde,36,6,4,3,F
169,169,Basavaraj Raju,54,5,3,3,M
170,170,Lakshmi Gowda,51,5,2,3,F
171,171,Bhavya Raju,60,4,1,3,F
172,172,Nagaraj Nayak,27,3,1,2,M
173,173,Prakash Setty,70,2,1,4,M
174,174,Harish Shetty,28,2,2,1,M
175,175,Anil Hegde,44,2,1,1,M
176,176,Nagaraj Raju,30,2,3,1,M
177,177,Imran Kumar,18,1,1,4,M
178,178,Shwetha Nayak,61,5,2,3,F
179,179,Arun Nayak,25,1,2,1,M
180,180,Prasad Hegde,34,4,1,3,M
181,181,Mahesh Bhat,33,2,1,1,M
182,182,Santosh Prasad,21,2,1,1,M
183,183,Lokesh Murthy,24,3,3,3,M
184,184,Lakshmi Patil,41,1,4,3,F
185,185,Vinay Pasha,47,6,4,2,M
186,186,Nagaratna Shetty,24,6,2,3,F
187,187,Imran Hegde,38,3,4,2,M
188,188,Basavaraj Raju,43,3,3,3,M
189,189,Shwetha Hegde,50,4,1,1,F
190,190,Arun Pasha,43,4,4,4,M
191,191,Divya Gowda,66,1,2,2,F
192,192,Shivakumar Reddy,32,6,1,2,M
193,193,Shivakumar Nayak,51,1,1,3,M
194,194,Kavya Naik,58,4,4,4,F
195,195,Nagaraj Nayak,38,2,1,2,M
196,196,Suresh Gowda,42,1,4,2,M
197,197,Geetha Setty,25,6,2,1,F
198,198,Divya Kumar,61,6,4,1,F
199,199,Kavya Reddy,26,7,3,1,F
200,200,Lokesh Murthy,26,4,1,4,M
201,201,Roopa Rao,23,3,3,4,F
202,202,Ramesh Pasha,30,6,1,4,M
203,203,Rekha Bhat,28,7,3,4,F
204,204,Anitha Pasha,29,3,1,4,F
205,205,Lakshmi Reddy,49,5,1,1,F
206,206,Kiran Gowda,18,2,3,2,M
207,207,Deepa Reddy,56,3,4,1,F
208,208,Lokesh Naik,68,6,4,4,M
209,209,Ramesh Rao,42,4,1,4,M
210,210,Lakshmi Achar,36,3,2,2,F
211,211,Santosh Nayak,26,3,2,4,M
212,212,Suresh Shetty,58,4,4,4,M
213,213,Shwetha Kumar,62,7,4,4,F
214,214,Harish Nayak,56,6,1,1,M
215,215,Bhavya Shetty,51,1,2,1,F
216,216,Ramesh Kumar,58,7,2,3,M
217,217,Harish Hegde,51,2,1,2,M
218,218,Rekha Naik,35,5,4,3,F
219,219,Harish Setty,65,4,1,4,M
220,220,Anitha Bhat,31,1,4,4,F
221,221,Santosh Setty,48,7,2,3,M
222,222,Firoz Rao,44,6,4,4,M
223,223,Girish Patil,33,7,2,4,M
224,224,Santosh Shetty,50,5,3,3,M
225,225,Anitha Raju,33,2,1,2,F
226,226,Kiran Bhat,28,1,1,2,M
227,227,Suresh Rao,52,5,2,3,M
228,228,Anil Hegde,34,4,4,2,M
229,229,Anil Murthy,37,2,2,1,M
230,230,Savitha Pasha,63,8,2,3,F
231,231,Nagaraj Kumar,61,2,2,1,M
232,232,Shwetha Gowda,34,3,2,3,F
233,233,Vidya Pasha,44,4,4,1,F
234,234,Kiran Shetty,31,3,4,1,M
235,235,Rekha Shetty,68,3,1,1,F
236,236,Shivakumar Pasha,70,6,4,4,M
237,237,Lokesh Pasha,35,1,1,3,M
238,238,Geetha Naik,28,4,2,2,F
239,239,Savitha Bhat,24,3,1,3,F
240,240,Vidya Nayak,23,5,1,1,F
241,241,Nagaratna Achar,67,2,3,3,F
242,242,Deepa Prasad,23,4,3,2,F
243,243,Geetha Prasad,27,5,1,4,F
244,244,Divya Prasad,44,6,1,2,F
245,245,Arun Patil,60,8,4,1,M
246,246,Mahesh Kumar,27,7,2,4,M
247,247,Manjunath Gowda,38,7,1,2,M
248,248,Kavya Shetty,23,2,4,1,F
249,249,Geetha Achar,18,6,4,1,F
250,250,Sushma Pasha,63,7,4,2,F
251,251,Nagaratna Gowda,56,2,2,3,F
252,252,Divya Achar,61,4,2,1,F
253,253,Nagaratna Naik,35,6,4,1,F
254,254,Rekha Kumar,39,3,4,1,F
255,255,Ravi Murthy,49,8,4,2,M
256,256,Ravi Nayak,65,3,3,1,M
257,257,Prasad Pasha,43,7,1,1,M
258,258,Santosh Patil,29,3,3,1,M
259,259,Prakash Bhat,66,6,4,4,M
260,260,Anitha Raju,41,2,3,4,F
261,261,Manjunath Bhat,37,1,4,1,M
262,262,Firoz Raju,48,7,4,1,M
263,263,Sushma Setty,62,7,4,4,F
264,264,Bhavya Murthy,21,3,4,2,F
265,265,Deepa Patil,43,5,4,1,F
266,266,Lokesh Raju,36,1,3,1,M
267,267,Roopa Hegde,42,3,3,3,F
268,268,Anil Rao,38,4,2,3,M
269,269,Roopa Pasha,30,6,3,2,F
270,270,Anil Reddy,51,2,4,3,M
271,271,Prasad Patil,24,6,4,4,M
272,272,Ravi Patil,44,1,1,1,M
273,273,Deepa Patil,67,5,3,1,F
274,274,Nagaraj Gowda,35,7,4,4,M
275,275,Roopa Hegde,52,3,4,4,F
276,276,Divya Pasha,18,4,4,1,F
277,277,Ravi Setty,63,1,2,3,M
278,278,Santosh Rao,28,1,1,2,M
279,279,Shivakumar Achar,69,2,2,4,M
280,280,Lokesh Pasha,44,4,2,4,M
281,281,Bhavya Reddy,55,2,3,4,F
282,282,Rekha Achar,39,7,3,2,F
283,283,Ramesh Murthy,18,5,4,4,M
284,284,Arun Reddy,45,1,2,2,M
285,285,Rekha Patil,51,5,4,4,F
286,286,Roopa Prasad,69,4,1,3,F
287,287,Umesh Achar,52,3,1,1,M
288,288,Suresh Kumar,50,5,3,1,M
289,289,Rekha Hegde,45,8,2,1,F
290,290,Divya Rao,54,2,1,2,F
291,291,Kavya Patil,52,6,4,4,F
292,292,Nagaratna Bhat,18,5,3,3,F
293,293,Mahesh Shetty,62,1,4,2,M
294,294,Mahesh Hegde,69,8,2,2,M
295,295,Vidya Naik,40,4,2,3,F
296,296,Mahesh Shetty,18,6,3,1,M
297,297,Kavya Reddy,25,6,1,3,F
298,298,Rekha Hegde,29,6,1,3,F
299,299,Rekha Rao,63,6,4,2,F
300,300,Manjunath Murthy,39,5,2,4,M
301,301,Lokesh Prasad,46,7,4,2,M
302,302,Sushma Gowda,47,3,2,2,F
303,303,Kiran Raju,42,6,3,4,M
304,304,Lakshmi Hegde,37,7,2,2,F
305,305,Geetha Kumar,63,7,4,1,F
306,306,Divya Bhat,44,1,1,3,F
307,307,Divya Bhat,50,7,4,1,F
308,308,Ravi Prasad,61,4,1,4,M
309,309,Savitha Nayak,40,8,2,2,F
310,310,Nagaratna Shetty,33,2,4,2,F
311,311,Deepa Nayak,66,3,2,4,F
312,312,Firoz Naik,28,6,1,4,M
313,313,Naveen Patil,69,8,1,1,M
314,314,Geetha Rao,45,5,1,2,F
315,315,Prasad Bhat,66,1,2,3,M
316,316,Vidya Setty,59,7,4,2,F
317,317,Kavya Shetty,60,6,1,3,F
318,318,Shivakumar Shetty,33,1,3,1,M
319,319,Divya Pasha,49,5,3,3,F
320,320,Mahesh Pasha,37,2,3,2,M
321,321,Rekha Prasad,65,7,4,1,F
322,322,Nagaraj Pasha,33,1,4,4,M
323,323,Lokesh Hegde,46,5,1,2,M
324,324,Vidya Setty,69,1,4,1,F
325,325,Lakshmi Raju,47,5,1,4,F
326,326,Mahesh Achar,52,4,2,2,M
327,327,Naveen Murthy,29,2,4,3,M
328,328,Lakshmi Rao,64,4,2,1,F
329,329,Roopa Achar,58,1,1,3,F
330,330,Kavya Setty,34,2,4,4,F
331,331,Roopa Reddy,45,7,1,2,F
332,332,Shwetha Nayak,39,2,3,3,F
333,333,Lokesh Reddy,30,6,2,2,M
334,334,Kiran Pasha,66,3,2,4,M
335,335,Vinay Nayak,67,5,1,4,M
336,336,Rekha Achar,64,7,3,3,F
337,337,Deepa Raju,55,1,3,4,F
338,338,Shwetha Kumar,47,4,3,4,F
339,339,Harish Kumar,55,7,1,2,M
340,340,Vinay Nayak,62,4,2,1,M
341,341,Harish Achar,68,2,2,3,M
342,342,Basavaraj Rao,63,7,2,4,M
343,343,Anil Raju,39,7,4,4,M
344,344,Vidya Gowda,24,1,3,4,F
345,345,Lokesh Kumar,40,2,4,2,M
346,346,Shwetha Murthy,51,5,3,2,F
347,347,Kavya Achar,55,1,1,1,F
348,348,Savitha Raju,18,4,3,4,F
349,349,Savitha Patil,20,2,1,1,F
350,350,Prakash Patil,48,1,4,2,M
351,351,Vidya Naik,42,4,2,2,F
352,352,Lokesh Shetty,54,4,1,1,M
353,353,Bhavya Gowda,34,7,3,2,F
354,354,Shivakumar Prasad,64,6,3,2,M
355,355,Shivakumar Patil,27,3,4,3,M
356,356,Savitha Kumar,37,7,1,4,F
357,357,Divya Naik,60,6,1,2,F
358,358,Santosh Hegde,21,8,4,3,M
359,359,Divya Hegde,63,4,4,3,F
360,360,Manjunath Kumar,21,2,1,1,M
361,361,Naveen Achar,62,4,2,4,M
362,362,Firoz Naik,61,6,3,1,M
363,363,Imran Rao,68,7,3,1,M
364,364,Kiran Patil,38,8,2,4,M
365,365,Bhavya Murthy,53,3,3,2,F
366,366,Divya Setty,33,8,2,3,F
367,367,Geetha Setty,19,8,2,4,F
368,368,Kavya Prasad,64,6,4,2,F
369,369,Nagaraj Raju,44,1,4,4,M
370,370,Mahesh Raju,26,7,1,3,M
371,371,Mahesh Murthy,30,6,3,4,M
372,372,Ravi Murthy,50,3,3,2,M
373,373,Girish Prasad,45,1,3,1,M
374,374,Manjunath Raju,64,7,1,1,M
375,375,Shwetha Patil,53,1,3,3,F
376,376,Roopa Hegde,41,3,3,3,F
377,377,Vinay Achar,34,8,1,3,M
378,378,Arun Kumar,19,2,1,3,M
379,379,Sushma Naik,19,8,3,1,F
380,380,Shwetha Reddy,35,5,1,4,F
381,381,Umesh Gowda,28,8,4,3,M
382,382,Roopa Prasad,48,2,1,2,F
383,383,Harish Naik,24,3,2,2,M
384,384,Imran Kumar,48,4,3,4,M
385,385,Divya Naik,39,5,3,3,F
386,386,Arun Achar,25,3,4,3,M
387,387,Imran Pasha,35,2,4,4,M
388,388,Harish Setty,57,4,2,1,M
389,389,Shivakumar Nayak,24,3,4,4,M
390,390,Bhavya Bhat,43,4,4,4,F
391,391,Suresh Raju,55,6,1,2,M
392,392,Savitha Patil,53,1,2,1,F
393,393,Kiran Patil,21,6,3,4,M
394,394,Vidya Pasha,51,3,1,2,F
395,395,Girish Pasha,19,7,4,4,M
396,396,Suresh Gowda,24,4,3,1,M
397,397,Girish Raju,23,4,1,1,M
398,398,Deepa Pasha,57,5,3,3,F
399,399,Prakash Setty,33,7,4,4,M
400,400,Naveen Achar,57,7,1,1,M
401,401,Naveen Raju,57,8,1,3,M
402,402,Kavya Achar,69,4,2,4,F
403,403,Savitha Raju,59,4,3,1,F
404,404,Prasad Pasha,20,5,2,2,M
405,405,Sushma Bhat,67,8,1,3,F
406,406,Nagaratna Reddy,33,2,3,4,F
407,407,Kavya Hegde,28,7,2,4,F
408,408,Shwetha Naik,60,6,1,3,F
409,409,Roopa Pasha,31,2,2,4,F
410,410,Nagaraj Achar,55,2,1,3,M
411,411,Deepa Rao,29,2,3,1,F
412,412,Suresh Rao,60,2,1,1,M
413,413,Sushma Patil,54,1,4,2,F
414,414,Vinay Reddy,26,2,4,2,M
415,415,Arun Patil,31,8,4,3,M
416,416,Sushma Murthy,37,5,4,4,F
417,417,Vinay Bhat,22,5,2,2,M
418,418,Sushma Patil,66,7,1,1,F
419,419,Umesh Shetty,23,2,3,2,M
420,420,Naveen Kumar,60,4,1,2,M
421,421,Prakash Naik,52,3,2,1,M
422,422,Anil Nayak,30,2,1,2,M
423,423,Harish Rao,34,3,1,4,M
424,424,Ravi Naik,67,6,2,1,M
425,425,Prasad Reddy,27,6,4,4,M
426,426,Ramesh Bhat,38,3,4,1,M
427,427,Imran Kumar,34,8,4,2,M
428,428,Shwetha Hegde,31,2,4,1,F
429,429,Girish Achar,41,3,4,1,M
430,430,Vidya Reddy,64,4,2,1,F
431,431,Lokesh Shetty,70,6,4,1,M
432,432,Prakash Bhat,51,4,2,4,M
433,433,Anitha Pasha,58,7,4,4,F
434,434,Suresh Prasad,34,3,4,1,M
435,435,Basavaraj Reddy,48,4,2,3,M
436,436,Deepa Nayak,67,2,3,2,F
437,437,Nagaratna Gowda,54,8,2,4,F
438,438,Mahesh Gowda,27,3,4,3,M
439,439,Roopa Bhat,52,5,1,1,F
440,440,Manjunath Bhat,57,2,3,1,M
441,441,Divya Gowda,60,2,4,4,F
442,442,Naveen Shetty,47,2,2,1,M
443,443,Anitha Hegde,21,2,4,4,F
444,444,Prakash Kumar,70,6,4,1,M
445,445,Kavya Kumar,52,3,2,3,F
446,446,Savitha Rao,68,1,3,1,F
447,447,Anitha Kumar,46,1,4,3,F
448,448,Ravi Setty,41,7,4,3,M
449,449,Deepa Murthy,68,2,3,4,F
450,450,Kavya Pasha,41,5,4,3,F
451,451,Deepa Setty,68,4,4,3,F
452,452,Lakshmi Setty,67,3,4,4,F
453,453,Vidya Nayak,68,5,3,2,F
454,454,Kiran Bhat,18,6,2,2,M
455,455,Savitha Pasha,42,4,4,4,F
456,456,Manjunath Patil,21,7,3,4,M
457,457,Divya Rao,27,2,4,4,F
458,458,Firoz Naik,24,5,2,2,M
459,459,Girish Hegde,19,8,1,2,M
460,460,Suresh Murthy,26,3,1,1,M
461,461,Kavya Naik,37,6,1,4,F
462,462,Manjunath Murthy,54,8,1,1,M
463,463,Kavya Nayak,26,4,2,2,F
464,464,Nagaratna Rao,26,1,2,3,F
465,465,Manjunath Rao,31,1,2,4,M
466,466,Deepa Gowda,38,4,3,1,F
467,467,Geetha Reddy,47,1,1,1,F
468,468,Geetha Murthy,63,1,4,4,F
469,469,Roopa Hegde,46,8,1,2,F
470,470,Rekha Achar,44,1,1,1,F
471,471,Imran Pasha,69,7,4,2,M
472,472,Roopa Shetty,29,8,1,1,F
473,473,Firoz Gowda,46,2,4,3,M
474,474,Shwetha Naik,56,3,4,3,F
475,475,Savitha Pasha,53,5,2,3,F
476,476,Ramesh Patil,42,7,3,2,M
477,477,Prakash Patil,37,6,2,2,M
478,478,Arun Bhat,45,5,1,4,M
479,479,Umesh Kumar,68,7,4,3,M
480,480,Geetha Naik,62,8,1,4,F
481,481,Anil Hegde,21,7,4,4,M
482,482,Anil Raju,68,3,2,4,M
483,483,Roopa Naik,43,7,1,1,F
484,484,Sushma Rao,68,7,3,2,F
485,485,Santosh Rao,41,2,2,3,M
486,486,Kavya Bhat,66,3,4,2,F
487,487,Rekha Patil,64,6,2,3,F
488,488,Manjunath Pasha,70,4,4,1,M
489,489,Suresh Naik,34,7,3,2,M
490,490,Prakash Gowda,27,3,2,2,M
491,491,Roopa Reddy,59,8,3,4,F
492,492,Nagaratna Hegde,45,2,1,1,F
493,493,Vidya Prasad,68,2,4,4,F
494,494,Shwetha Setty,23,3,1,4,F
495,495,Naveen Rao,45,8,3,1,M
496,496,Savitha Murthy,35,3,3,4,F
497,497,Lakshmi Setty,18,1,1,1,F
498,498,Firoz Gowda,69,1,4,3,M
499,499,Harish Naik,48,4,1,1,M
500,500,Suresh Prasad,43,8,2,2,M
501,501,Geetha Setty,57,7,2,2,F
502,502,Lakshmi Kumar,63,3,1,4,F
503,503,Nagaraj Shetty,46,8,2,2,M
504,504,Prasad Bhat,31,2,1,3,M
505,505,Geetha Raju,54,8,4,3,F
506,506,Ravi Naik,31,8,2,4,M
507,507,Ramesh Patil,59,1,4,3,M
508,508,Nagaratna Kumar,20,1,2,4,F
509,509,Roopa Shetty,64,7,1,1,F
510,510,Divya Bhat,29,1,1,2,F
511,511,Lokesh Murthy,22,1,2,1,M
512,512,Divya Patil,30,8,4,4,F
513,513,Geetha Raju,33,7,2,2,F
514,514,Sushma Prasad,37,7,2,3,F
515,515,Geetha Reddy,35,8,1,4,F
516,516,Nagaratna Gowda,60,6,3,3,F
517,517,Umesh Bhat,52,2,3,2,M
518,518,Prakash Bhat,68,6,3,2,M
519,519,Girish Hegde,45,8,1,1,M
520,520,Ravi Setty,70,6,1,1,M
521,521,Ramesh Rao,30,7,2,1,M
522,522,Kiran Patil,68,7,4,1,M
523,523,Ramesh Patil,27,3,1,4,M
524,524,Bhavya Kumar,27,3,3,4,F
525,525,Imran Achar,53,3,1,1,M
526,526,Geetha Naik,23,6,3,4,F
527,527,Arun Patil,27,7,4,4,M
528,528,Santosh Murthy,58,1,3,2,M
529,529,Sushma Raju,52,5,4,4,F
530,530,Mahesh Murthy,54,1,3,4,M
531,531,Bhavya Hegde,65,2,3,1,F
532,532,Bhavya Murthy,26,5,1,2,F
533,533,Santosh Hegde,33,7,3,4,M
534,534,Lokesh Murthy,53,2,3,3,M
535,535,Prasad Raju,60,1,1,3,M
536,536,Basavaraj Raju,70,6,2,4,M
537,537,Ramesh Gowda,60,8,4,2,M
538,538,Naveen Rao,23,5,1,3,M
539,539,Naveen Rao,39,6,1,3,M
540,540,Umesh Reddy,62,2,4,1,M
541,541,Anil Achar,25,5,4,2,M
542,542,Anitha Nayak,22,8,3,2,F
543,543,Manjunath Achar,55,7,2,1,M
544,544,Vinay Reddy,30,1,3,2,M
545,545,Nagaratna Bhat,53,5,2,1,F
546,546,Naveen Gowda,29,5,1,1,M
547,547,Basavaraj Gowda,32,3,1,1,M
548,548,Harish Prasad,21,3,4,4,M
549,549,Arun Patil,27,3,1,2,M
550,550,Shivakumar Nayak,67,7,1,4,M
551,551,Savitha Achar,54,8,2,3,F
552,552,Vidya Nayak,49,5,4,3,F
553,553,Ravi Kumar,34,7,1,3,M
554,554,Roopa Pasha,60,5,1,3,F
555,555,Imran Shetty,50,8,2,4,M
556,556,Geetha Achar,27,6,4,4,F
557,557,Divya Kumar,56,2,2,2,F
558,558,Vidya Patil,28,6,3,3,F
559,559,Ramesh Rao,66,5,4,3,M
560,560,Prasad Kumar,45,2,3,2,M
561,561,Arun Bhat,40,5,4,4,M
562,562,Nagaraj Patil,21,1,2,3,M
563,563,Naveen Rao,51,2,4,4,M
564,564,Savitha Murthy,51,1,2,3,F
565,565,Imran Achar,70,1,4,1,M
566,566,Kiran Bhat,36,4,4,2,M
567,567,Kavya Achar,60,7,4,2,F
568,568,Vidya Naik,33,7,3,3,F
569,569,Nagaraj Prasad,18,4,4,2,M
570,570,Shwetha Hegde,57,6,3,1,F
571,571,Harish Pasha,50,8,3,2,M
572,572,Manjunath Reddy,59,6,4,4,M
573,573,Savitha Raju,19,5,4,2,F
574,574,Anitha Reddy,24,8,1,2,F
575,575,Lakshmi Nayak,69,4,4,1,F
576,576,Harish Naik,49,8,1,4,M
577,577,Shwetha Pasha,37,3,4,1,F
578,578,Lokesh Shetty,26,6,1,2,M
579,579,Manjunath Prasad,49,5,1,1,M
580,580,Deepa Gowda,61,6,3,1,F
581,581,Arun Nayak,26,8,1,4,M
582,582,Girish Achar,38,3,3,2,M
583,583,Girish Gowda,21,3,1,2,M
584,584,Rekha Naik,47,3,1,2,F
585,585,Bhavya Kumar,23,4,2,4,F
586,586,Nagaratna Gowda,32,2,1,3,F
587,587,Deepa Prasad,46,7,3,4,F
588,588,Divya Hegde,27,4,3,1,F
589,589,Vinay Gowda,51,7,2,3,M
590,590,Arun Hegde,70,2,2,2,M
591,591,Ravi Murthy,23,5,4,1,M
592,592,Geetha Murthy,18,8,3,2,F
593,593,Girish Pasha,26,8,1,2,M
594,594,Harish Setty,68,8,3,4,M
595,595,Shwetha Kumar,20,5,2,1,F
596,596,Shwetha Raju,48,5,4,2,F
597,597,Savitha Patil,49,6,4,1,F
598,598,Geetha Setty,31,7,3,4,F
599,599,Vidya Bhat,27,1,4,4,F
600,600,Roopa Patil,51,3,1,3,F
601,601,Nagaraj Achar,65,6,3,2,M
602,602,Nagaratna Shetty,41,8,1,4,F
603,603,Firoz Raju,24,5,4,1,M
604,604,Lokesh Patil,34,2,4,2,M
605,605,Savitha Shetty,29,7,2,3,F
606,606,Nagaratna Pasha,37,6,4,1,F
607,607,Manjunath Reddy,28,3,3,3,M
608,608,Geetha Rao,54,5,3,1,F
609,609,Sushma Achar,59,2,2,2,F
610,610,Firoz Hegde,19,6,2,3,M
611,611,Ramesh Hegde,34,3,2,1,M
612,612,Deepa Reddy,40,3,3,4,F
613,613,Ramesh Naik,67,7,2,2,M
614,614,Roopa Gowda,54,1,4,4,F
615,615,Kiran Kumar,41,5,4,1,M
616,616,Anitha Nayak,18,3,2,3,F
617,617,Vidya Setty,48,8,4,1,F
618,618,Shwetha Pasha,67,3,2,3,F
619,619,Prasad Achar,56,6,4,3,M
620,620,Lakshmi Raju,35,7,1,4,F
621,621,Prasad Bhat,54,6,1,4,M
622,622,Roopa Hegde,44,2,1,4,F
623,623,Ravi Prasad,52,7,2,2,M
624,624,Deepa Bhat,65,5,2,4,F
625,625,Rekha Patil,34,5,2,1,F
626,626,Mahesh Gowda,59,4,4,1,M
627,627,Lokesh Kumar,47,8,3,1,M
628,628,Rekha Hegde,30,4,3,4,F
629,629,Vinay Gowda,32,3,3,4,M
630,630,Kavya Gowda,68,4,4,3,F
631,631,Lokesh Pasha,41,3,2,1,M
632,632,Shwetha Prasad,57,1,3,1,F
633,633,Deepa Reddy,65,5,1,2,F
634,634,Basavaraj Prasad,19,2,3,4,M
635,635,Shwetha Bhat,18,8,3,1,F
636,636,Lokesh Murthy,27,8,2,2,M
637,637,Nagaratna Achar,22,2,1,4,F
638,638,Shivakumar Hegde,64,5,4,3,M
639,639,Anil Kumar,61,1,2,3,M
640,640,Basavaraj Pasha,50,1,4,1,M
641,641,Anitha Kumar,28,2,1,4,F
642,642,Anil Naik,46,6,2,3,M
643,643,Suresh Achar,31,1,4,2,M
644,644,Ravi Hegde,27,6,2,2,M
645,645,Geetha Gowda,39,2,4,3,F
646,646,Santosh Prasad,69,1,4,1,M
647,647,Rekha Naik,26,4,2,3,F
648,648,Anitha Achar,25,8,3,4,F
649,649,Arun Raju,68,5,3,1,M
650,650,Ravi Naik,54,7,2,2,M
651,651,Anitha Patil,54,2,1,1,F
652,652,Arun Setty,69,1,2,4,M
653,653,Divya Gowda,47,7,2,1,F
654,654,Suresh Achar,34,6,1,3,M
655,655,Anitha Hegde,57,1,1,1,F
656,656,Lakshmi Achar,51,5,1,4,F
657,657,Deepa Reddy,69,3,4,1,F
658,658,Lakshmi Reddy,45,7,4,3,F
659,659,Prasad Prasad,69,7,1,2,M
660,660,Lokesh Prasad,31,2,4,4,M
661,661,Kiran Prasad,39,1,2,3,M
662,662,Prasad Prasad,60,5,2,2,M
663,663,Geetha Nayak,48,4,1,4,F
664,664,Vinay Pasha,26,2,4,1,M
665,665,Nagaraj Achar,58,6,2,1,M
666,666,Nagaratna Murthy,53,1,2,1,F
667,667,Deepa Shetty,63,1,4,2,F
668,668,Shwetha Pasha,62,8,2,1,F
669,669,Manjunath Bhat,24,8,1,1,M
670,670,Rekha Prasad,45,8,3,1,F
671,671,Harish Murthy,24,1,2,1,M
672,672,Savitha Shetty,63,6,3,3,F
673,673,Deepa Murthy,62,8,4,3,F
674,674,Lakshmi Rao,44,6,4,2,F
675,675,Rekha Raju,27,2,3,3,F
676,676,Divya Kumar,57,3,4,4,F
677,677,Ramesh Hegde,32,7,1,3,M
678,678,Lakshmi Setty,24,1,1,1,F
679,679,Nagaratna Gowda,66,3,4,2,F
680,680,Nagaraj Reddy,19,2,3,1,M
681,681,Arun Patil,34,2,2,2,M
682,682,Rekha Prasad,68,7,2,3,F
683,683,Naveen Setty,35,4,1,4,M
684,684,Nagaraj Rao,36,5,1,3,M
685,685,Vinay Naik,44,2,4,2,M
686,686,Geetha Rao,64,2,3,4,F
687,687,Vidya Naik,70,2,2,4,F
688,688,Vinay Patil,66,5,3,2,M
689,689,Santosh Kumar,67,1,2,4,M
690,690,Prakash Naik,23,8,1,2,M
691,691,Deepa Prasad,49,4,1,2,F
692,692,Firoz Kumar,44,7,1,4,M
693,693,Vidya Patil,45,1,1,3,F
694,694,Nagaratna Gowda,41,8,1,1,F
695,695,Ravi Pasha,49,7,2,2,M
696,696,Suresh Hegde,18,8,1,2,M
697,697,Prakash Bhat,22,6,2,3,M
698,698,Kavya Patil,53,8,1,2,F
699,699,Lakshmi Raju,40,2,1,4,F
700,700,Santosh Hegde,58,5,4,4,M
701,701,Deepa Gowda,38,7,2,4,F
702,702,Nagaraj Bhat,46,3,2,2,M
703,703,Santosh Setty,55,1,2,2,M
704,704,Bhavya Pasha,42,2,3,3,F
705,705,Kavya Shetty,66,2,4,4,F
706,706,Imran Prasad,42,4,3,2,M
707,707,Lokesh Rao,47,4,1,2,M
708,708,Anil Setty,67,3,4,4,M
709,709,Savitha Kumar,50,5,3,3,F
710,710,Roopa Murthy,62,5,3,2,F
711,711,Sushma Gowda,62,4,2,2,F
712,712,Arun Gowda,60,2,1,2,M
713,713,Kavya Hegde,18,5,4,2,F
714,714,Shwetha Reddy,25,1,2,1,F
715,715,Prakash Raju,20,6,4,3,M
716,716,Kavya Murthy,46,3,4,1,F
717,717,Geetha Nayak,43,8,3,1,F
718,718,Prasad Setty,28,5,4,1,M
719,719,Arun Gowda,62,1,1,4,M
720,720,Divya Raju,63,7,4,4,F
721,721,Girish Patil,26,1,4,1,M
722,722,Deepa Murthy,39,4,3,3,F
723,723,Shwetha Rao,45,5,4,3,F
724,724,Imran Murthy,33,7,2,1,M
725,725,Umesh Patil,57,1,3,2,M
726,726,Bhavya Patil,18,2,1,1,F
727,727,Nagaraj Shetty,43,8,4,4,M
728,728,Imran Raju,54,2,4,3,M
729,729,Divya Gowda,65,2,3,1,F
730,730,Divya Nayak,53,1,2,1,F
731,731,Kavya Gowda,56,7,2,1,F
732,732,Nagaratna Pasha,37,5,1,4,F
733,733,Nagaratna Bhat,49,6,2,2,F
734,734,Divya Reddy,19,6,1,2,F
735,735,Prakash Setty,39,1,2,1,M
736,736,Harish Prasad,47,7,2,3,M
737,737,Ramesh Setty,48,6,2,4,M
738,738,Shwetha Prasad,34,1,3,1,F
739,739,Bhavya Rao,20,3,4,4,F
740,740,Vinay Hegde,68,3,4,3,M
741,741,Divya Gowda,48,7,2,1,F
742,742,Shwetha Gowda,67,6,2,4,F
743,743,Suresh Kumar,31,6,4,4,M
744,744,Harish Rao,20,8,2,1,M
745,745,Vinay Prasad,64,1,2,1,M
746,746,Sushma Gowda,24,6,1,1,F
747,747,Nagaratna Shetty,33,3,4,4,F
748,748,Manjunath Nayak,18,7,1,3,M
749,749,Lakshmi Gowda,53,5,2,4,F
750,750,Kiran Kumar,52,5,4,1,M
751,751,Vidya Prasad,25,6,4,3,F
752,752,Umesh Prasad,44,4,4,1,M
753,753,Prakash Patil,69,2,4,3,M
754,754,Geetha Kumar,24,6,1,3,F
755,755,Shwetha Reddy,51,7,3,3,F
756,756,Naveen Bhat,63,3,2,2,M
757,757,Savitha Hegde,27,4,3,1,F
758,758,Santosh Rao,47,5,3,1,M
759,759,Roopa Prasad,63,3,2,3,F
760,760,Basavaraj Murthy,50,4,3,2,M
761,761,Anitha Achar,19,1,3,2,F
762,762,Bhavya Raju,31,7,4,4,F
763,763,Lakshmi Achar,44,2,4,1,F
764,764,Savitha Prasad,20,2,4,2,F
765,765,Lakshmi Naik,32,3,4,4,F
766,766,Anitha Shetty,65,2,2,2,F
767,767,Vidya Pasha,52,8,3,4,F
768,768,Ramesh Naik,48,5,4,3,M
769,769,Kavya Prasad,33,6,2,3,F
770,770,Vidya Shetty,38,6,2,4,F
771,771,Nagaratna Achar,63,6,1,1,F
772,772,Rekha Nayak,20,4,2,1,F
773,773,Anitha Naik,48,4,3,1,F
774,774,Savitha Raju,63,6,3,1,F
775,775,Shwetha Reddy,65,2,2,1,F
776,776,Sushma Naik,36,2,1,4,F
777,777,Umesh Naik,62,1,1,2,M
778,778,Bhavya Gowda,49,1,3,2,F
779,779,Manjunath Bhat,27,6,2,1,M
780,780,Rekha Naik,20,6,4,4,F
781,781,Ravi Hegde,24,8,3,4,M
782,782,Roopa Setty,46,2,4,4,F
783,783,Deepa Kumar,67,3,1,1,F
784,784,Divya Rao,54,2,2,3,F
785,785,Shwetha Pasha,66,7,3,3,F
786,786,Geetha Achar,68,8,2,2,F
787,787,Manjunath Achar,37,4,4,2,M
788,788,Roopa Naik,62,2,2,3,F
789,789,Rekha Raju,48,1,4,1,F
790,790,Vidya Patil,35,6,4,3,F
791,791,Santosh Shetty,49,6,2,3,M
792,792,Santosh Shetty,39,7,3,3,M
793,793,Arun Bhat,44,8,1,3,M
794,794,Lakshmi Shetty,63,8,1,2,F
795,795,Nagaratna Rao,38,2,3,2,F
796,796,Arun Gowda,32,2,3,2,M
797,797,Shwetha Setty,61,7,3,2,F
798,798,Deepa Achar,68,5,4,3,F
799,799,Lokesh Murthy,53,8,4,3,M
800,800,Vidya Pasha,18,7,3,4,F
801,801,Deepa Patil,24,1,2,2,F
802,802,Harish Shetty,53,4,4,2,M
803,803,Vidya Gowda,41,3,2,2,F
804,804,Santosh Reddy,19,2,2,2,M
805,805,Geetha Rao,21,5,4,1,F
806,806,Firoz Patil,37,2,4,2,M
807,807,Deepa Bhat,42,3,4,1,F
808,808,Kavya Gowda,50,4,1,3,F
809,809,Shivakumar Kumar,42,8,1,1,M
810,810,Shwetha Raju,35,1,4,3,F
811,811,Anitha Shetty,52,2,1,3,F
812,812,Manjunath Achar,22,7,4,2,M
813,813,Harish Gowda,33,8,1,1,M
814,814,Prakash Setty,47,3,4,4,M
815,815,Anitha Rao,46,7,4,1,F
816,816,Harish Setty,20,3,2,2,M
817,817,Shivakumar Bhat,19,2,3,2,M
818,818,Anitha Achar,30,5,4,4,F
819,819,Suresh Gowda,36,1,3,1,M
820,820,Kavya Achar,58,3,4,2,F
821,821,Imran Achar,28,7,4,4,M
822,822,Anitha Achar,27,6,3,1,F
823,823,Divya Nayak,53,4,2,1,F
824,824,Ramesh Reddy,21,6,1,4,M
825,825,Ramesh Setty,55,2,2,3,M
826,826,Sushma Shetty,66,7,4,2,F
827,827,Prasad Setty,38,7,4,4,M
828,828,Anil Patil,35,2,4,4,M
829,829,Shivakumar Rao,61,4,4,2,M
830,830,Nagaratna Raju,48,7,4,3,F
831,831,Ramesh Setty,64,7,3,2,M
832,832,Divya Bhat,19,1,1,2,F
833,833,Mahesh Hegde,46,7,4,2,M
834,834,Prasad Kumar,70,1,3,1,M
835,835,Girish Rao,18,5,4,2,M
836,836,Manjunath Shetty,19,2,2,3,M
837,837,Shivakumar Gowda,28,5,3,4,M
838,838,Sushma Achar,26,8,3,1,F
839,839,Naveen Prasad,42,8,3,2,M
840,840,Roopa Bhat,51,7,3,3,F
841,841,Prakash Prasad,25,1,1,3,M
842,842,Deepa Murthy,67,4,3,2,F
843,843,Anitha Setty,50,7,3,2,F
844,844,Kiran Achar,25,1,4,2,M
845,845,Divya Achar,43,3,1,3,F
846,846,Imran Murthy,18,5,4,1,M
847,847,Vidya Raju,31,5,1,4,F
848,848,Lokesh Patil,32,3,3,2,M
849,849,Shwetha Prasad,66,2,1,1,F
850,850,Kiran Gowda,28,5,4,2,M
851,851,Lokesh Achar,56,6,1,2,M
852,852,Ramesh Raju,68,4,1,2,M
853,853,Kiran Gowda,29,2,4,1,M
854,854,Umesh Bhat,20,5,2,2,M
855,855,Prakash Prasad,44,7,4,4,M
856,856,Santosh Shetty,51,2,3,1,M
857,857,Santosh Pasha,40,7,2,3,M
858,858,Bhavya Pasha,40,2,4,1,F
859,859,Deepa Hegde,44,6,1,1,F
860,860,Girish Raju,18,2,1,2,M
861,861,Imran Gowda,63,8,2,4,M
862,862,Mahesh Murthy,69,6,1,4,M
863,863,Shivakumar Raju,69,2,2,3,M
864,864,Mahesh Murthy,70,3,4,2,M
865,865,Geetha Murthy,25,7,3,3,F
866,866,Anitha Gowda,36,5,3,3,F
867,867,Vinay Raju,19,7,2,4,M
868,868,Naveen Shetty,47,7,2,1,M
869,869,Girish Kumar,59,8,1,3,M
870,870,Divya Achar,34,3,3,4,F
871,871,Shwetha Hegde,18,7,3,4,F
872,872,Bhavya Raju,20,1,2,1,F
873,873,Shwetha Gowda,23,2,1,3,F
874,874,Bhavya Nayak,53,7,4,2,F
875,875,Savitha Patil,60,3,1,1,F
876,876,Kavya Kumar,27,1,3,1,F
877,877,Nagaraj Naik,51,8,3,1,M
878,878,Vinay Achar,29,3,4,1,M
879,879,Suresh Rao,59,3,4,3,M
880,880,Roopa Patil,18,8,1,4,F
881,881,Prakash Rao,33,4,4,1,M
882,882,Nagaratna Shetty,64,2,3,4,F
883,883,Imran Pasha,31,2,4,2,M
884,884,Vidya Raju,40,7,2,3,F
885,885,Shivakumar Reddy,62,6,2,1,M
886,886,Naveen Pasha,45,3,4,4,M
887,887,Shivakumar Pasha,30,1,1,3,M
888,888,Divya Achar,20,6,3,4,F
889,889,Sushma Patil,65,4,2,2,F
890,890,Anitha Reddy,44,2,2,1,F
891,891,Arun Achar,31,7,4,1,M
892,892,Kiran Naik,62,8,1,3,M
893,893,Manjunath Bhat,22,6,4,3,M
894,894,Santosh Gowda,67,5,1,2,M
895,895,Prakash Murthy,53,5,2,3,M
896,896,Harish Naik,28,7,4,3,M
897,897,Santosh Reddy,57,6,1,1,M
898,898,Savitha Patil,63,2,4,2,F
899,899,Nagaratna Patil,56,3,2,2,F
900,900,Vinay Nayak,57,6,1,4,M
901,901,Vidya Pasha,49,4,4,2,F
902,902,Prakash Nayak,20,6,3,2,M
903,903,Nagaratna Naik,42,2,2,4,F
904,904,Kavya Prasad,35,7,1,1,F
905,905,Lokesh Achar,52,8,1,2,M
906,906,Firoz Achar,69,2,3,2,M
907,907,Sushma Bhat,31,6,2,2,F
908,908,Harish Bhat,35,2,3,2,M
909,909,Divya Rao,24,2,4,1,F
910,910,Santosh Pasha,49,8,1,1,M
911,911,Shivakumar Naik,54,7,3,4,M
912,912,Umesh Rao,35,7,4,3,M
913,913,Anitha Bhat,18,6,2,2,F
914,914,Nagaratna Achar,32,3,2,3,F
915,915,Kiran Setty,31,7,2,2,M
916,916,Vinay Murthy,35,2,2,3,M
917,917,Shivakumar Kumar,41,7,3,1,M
918,918,Divya Setty,66,2,1,2,F
919,919,Deepa Pasha,29,7,2,2,F
920,920,Prasad Pasha,22,4,1,1,M
921,921,Shwetha Shetty,60,2,1,1,F
922,922,Kavya Shetty,36,1,3,3,F
923,923,Shivakumar Nayak,46,2,2,4,M
924,924,Roopa Achar,34,3,1,2,F
925,925,Bhavya Shetty,35,2,4,1,F
926,926,Vidya Achar,18,6,1,1,F
927,927,Geetha Shetty,20,4,4,4,F
928,928,Arun Hegde,70,6,2,2,M
929,929,Anil Setty,59,2,4,3,M
930,930,Prakash Bhat,45,6,4,1,M
931,931,Deepa Reddy,34,2,4,1,F
932,932,Lokesh Reddy,61,8,3,2,M
933,933,Geetha Pasha,49,5,4,3,F
934,934,Nagaratna Setty,59,7,2,4,F
935,935,Ramesh Reddy,46,6,2,1,M
936,936,Rekha Gowda,62,8,2,3,F
937,937,Kiran Bhat,69,3,4,3,M
938,938,Mahesh Shetty,58,2,4,2,M
939,939,Lakshmi Pasha,23,6,2,1,F
940,940,Rekha Setty,27,8,3,3,F
941,941,Divya Setty,56,7,1,1,F
942,942,Anitha Shetty,18,5,2,4,F
943,943,Vidya Hegde,52,8,2,4,F
944,944,Lokesh Naik,39,2,3,4,M
945,945,Nagaraj Murthy,22,2,2,4,M
946,946,Harish Bhat,67,3,4,4,M
947,947,Manjunath Gowda,34,7,1,4,M
948,948,Lokesh Nayak,21,3,3,3,M
949,949,Firoz Pasha,20,4,3,4,M
950,950,Divya Patil,65,5,4,3,F
951,951,Arun Setty,41,7,2,2,M
952,952,Harish Nayak,44,7,2,2,M
953,953,Basavaraj Reddy,19,8,1,3,M
954,954,Nagaratna Reddy,60,3,4,1,F
955,955,Ravi Achar,49,1,4,1,M
956,956,Deepa Achar,47,5,1,3,F
957,957,Lakshmi Murthy,65,3,1,4,F
958,958,Ramesh Hegde,33,1,2,1,M
959,959,Prasad Shetty,69,1,2,1,M
960,960,Lokesh Setty,45,2,3,2,M
961,961,Kavya Hegde,65,5,4,3,F
962,962,Rekha Setty,58,3,3,3,F
963,963,Nagaratna Prasad,34,3,2,3,F
964,964,Girish Shetty,62,8,1,1,M
965,965,Ravi Prasad,37,1,3,2,M
966,966,Harish Murthy,20,2,1,1,M
967,967,Prasad Bhat,53,5,4,1,M
968,968,Nagaratna Patil,56,8,3,1,F
969,969,Lokesh Gowda,27,7,3,4,M
970,970,Lakshmi Raju,63,2,2,4,F
971,971,Kavya Prasad,58,5,3,3,F
972,972,Vinay Achar,41,2,1,3,M
973,973,Arun Murthy,67,2,1,4,M
974,974,Geetha Shetty,57,5,2,3,F
975,975,Lakshmi Bhat,46,4,1,2,F
976,976,Savitha Nayak,58,6,1,1,F
977,977,Girish Bhat,19,6,1,4,M
978,978,Shwetha Achar,63,2,1,2,F
979,979,Geetha Nayak,20,1,3,4,F
980,980,Lakshmi Naik,65,1,3,3,F
981,981,Firoz Pasha,41,7,3,1,M
982,982,Roopa Hegde,18,1,1,4,F
983,983,Rekha Prasad,45,1,4,4,F
984,984,Basavaraj Nayak,49,5,4,4,M
985,985,Umesh Murthy,67,1,4,3,M
986,986,Basavaraj Kumar,39,1,2,3,M
987,987,Divya Achar,66,8,4,4,F
988,988,Lokesh Setty,64,8,3,4,M
989,989,Lokesh Pasha,37,5,2,3,M
990,990,Geetha Naik,68,6,4,1,F
991,991,Ravi Pasha,60,2,4,2,M
992,992,Kiran Naik,43,5,1,2,M
993,993,Mahesh Prasad,51,6,1,4,M
994,994,Anitha Setty,18,7,2,1,F
995,995,Sushma Kumar,52,2,2,4,F
996,996,Kiran Rao,52,5,4,2,M
997,997,Sushma Rao,37,2,1,4,F
998,998,Roopa Achar,45,3,2,1,F
999,999,Kavya Naik,61,4,3,2,F
1000,1000,Shwetha Naik,63,4,1,3,F
1001,1001,Umesh Prasad,65,8,3,3,M
1002,1002,Kiran Naik,31,8,1,2,M
1003,1003,Naveen Patil,24,1,4,3,M
1004,1004,Nagaratna Naik,20,7,4,4,F
1005,1005,Anil Gowda,69,2,1,3,M
1006,1006,Harish Nayak,63,8,4,4,M
1007,1007,Kavya Nayak,50,4,3,1,F
1008,1008,Manjunath Achar,55,5,1,4,M
1009,1009,Sushma Prasad,35,8,4,2,F
1010,1010,Santosh Prasad,35,7,4,1,M
1011,1011,Vinay Rao,68,5,4,4,M
1012,1012,Geetha Hegde,33,6,4,3,F
1013,1013,Divya Naik,31,3,2,1,F
1014,1014,Bhavya Setty,68,4,3,2,F
1015,1015,Arun Setty,29,6,2,3,M
1016,1016,Rekha Bhat,49,5,4,3,F
1017,1017,Lakshmi Shetty,59,3,1,1,F
1018,1018,Arun Rao,61,6,1,2,M
1019,1019,Santosh Rao,64,8,1,2,M
1020,1020,Vinay Naik,23,2,1,3,M
1021,1021,Shwetha Patil,62,8,2,2,F
1022,1022,Lakshmi Setty,48,3,1,2,F
1023,1023,Vidya Rao,60,7,1,1,F
1024,1024,Anitha Kumar,41,4,1,1,F
1025,1025,Nagaratna Bhat,29,7,2,4,F
1026,1026,Sushma Hegde,24,1,4,4,F
1027,1027,Ramesh Rao,25,5,2,4,M
1028,1028,Nagaraj Shetty,48,3,3,4,M
1029,1029,Arun Gowda,44,4,3,1,M
1030,1030,Girish Naik,46,8,3,3,M
1031,1031,Rekha Naik,66,5,2,4,F
1032,1032,Ramesh Prasad,36,8,4,1,M
1033,1033,Sushma Raju,42,1,3,2,F
1034,1034,Manjunath Setty,28,1,4,2,M
1035,1035,Firoz Gowda,69,7,3,3,M
1036,1036,Lokesh Murthy,38,8,1,2,M
1037,1037,Nagaratna Kumar,56,4,4,3,F
1038,1038,Ramesh Naik,24,1,3,3,M
1039,1039,Mahesh Achar,21,5,1,3,M
1040,1040,Anitha Achar,48,4,2,4,F
1041,1041,Umesh Hegde,69,3,4,1,M
1042,1042,Vinay Nayak,56,2,1,2,M
1043,1043,Rekha Murthy,34,7,3,3,F
1044,1044,Lokesh Reddy,20,1,4,2,M
1045,1045,Deepa Bhat,40,2,3,3,F
1046,1046,Girish Hegde,29,3,1,1,M
1047,1047,Harish Naik,57,4,4,2,M
1048,1048,Arun Reddy,47,8,2,3,M
1049,1049,Shwetha Prasad,55,3,4,2,F
1050,1050,Geetha Bhat,24,7,1,1,F
1051,1051,Kavya Bhat,69,5,1,2,F
1052,1052,Prasad Setty,42,3,1,1,M
1053,1053,Umesh Gowda,25,4,1,4,M
1054,1054,Santosh Prasad,38,2,1,4,M
1055,1055,Lakshmi Setty,60,4,2,3,F
1056,1056,Anil Pasha,51,1,1,1,M
1057,1057,Arun Gowda,48,5,1,3,M
1058,1058,Vidya Patil,21,1,4,4,F
1059,1059,Vidya Gowda,30,2,1,3,F
1060,1060,Naveen Hegde,58,1,4,1,M
1061,1061,Lokesh Rao,24,2,4,4,M
1062,1062,Bhavya Pasha,68,3,4,2,F
1063,1063,Anitha Patil,35,6,4,3,F
1064,1064,Rekha Reddy,45,2,3,2,F
1065,1065,Geetha Nayak,27,6,3,3,F
1066,1066,Savitha Hegde,29,8,2,3,F
1067,1067,Harish Kumar,21,5,3,2,M
1068,1068,Umesh Shetty,65,3,1,4,M
1069,1069,Naveen Reddy,58,7,1,3,M
1070,1070,Roopa Setty,22,3,3,3,F
1071,1071,Divya Gowda,64,5,2,1,F
1072,1072,Kavya Rao,26,7,3,3,F
1073,1073,Sushma Patil,67,8,3,3,F
1074,1074,Sushma Hegde,28,1,2,1,F
1075,1075,Savitha Bhat,63,7,1,3,F
1076,1076,Nagaraj Naik,36,7,1,2,M
1077,1077,Basavaraj Pasha,20,7,4,4,M
1078,1078,Deepa Reddy,41,3,2,2,F
1079,1079,Nagaratna Kumar,37,2,4,3,F
1080,1080,Harish Hegde,28,2,3,3,M
1081,1081,Nagaraj Setty,65,6,3,4,M
1082,1082,Shivakumar Pasha,69,1,4,2,M
1083,1083,Kiran Raju,63,8,3,1,M
1084,1084,Geetha Naik,25,4,2,3,F
1085,1085,Roopa Prasad,53,4,1,4,F
1086,1086,Prakash Naik,49,7,2,4,M
1087,1087,Anitha Kumar,18,8,2,1,F
1088,1088,Arun Naik,60,2,1,2,M
1089,1089,Ravi Patil,63,8,3,2,M
1090,1090,Shwetha Naik,53,3,4,3,F
1091,1091,Ramesh Nayak,43,7,3,2,M
1092,1092,Mahesh Achar,64,1,1,1,M
1093,1093,Lakshmi Pasha,60,1,4,2,F
1094,1094,Lakshmi Nayak,41,2,1,3,F
1095,1095,Bhavya Patil,35,1,3,4,F
1096,1096,Shwetha Gowda,56,1,1,1,F
1097,1097,Lokesh Raju,54,8,1,2,M
1098,1098,Lokesh Nayak,70,1,2,2,M
1099,1099,Vinay Kumar,50,4,4,1,M
1100,1100,Sushma Naik,46,3,2,1,F
1101,1101,Geetha Murthy,38,7,3,4,F
1102,1102,Mahesh Prasad,66,8,2,2,M
1103,1103,Nagaratna Murthy,65,4,2,2,F
1104,1104,Kavya Raju,23,3,4,4,F
1105,1105,Naveen Setty,50,4,3,1,M
1106,1106,Deepa Prasad,46,3,1,2,F
1107,1107,Vidya Bhat,52,7,4,2,F
1108,1108,Kavya Naik,36,7,2,3,F
1109,1109,Kavya Gowda,22,5,4,1,F
1110,1110,Ravi Prasad,37,7,4,3,M
1111,1111,Ramesh Gowda,60,7,4,4,M
1112,1112,Ramesh Kumar,50,1,3,2,M
1113,1113,Suresh Kumar,70,8,3,4,M
1114,1114,Rekha Prasad,58,4,2,1,F
1115,1115,Deepa Gowda,25,1,2,3,F
1116,1116,Prasad Rao,30,6,2,3,M
1117,1117,Sushma Achar,48,3,3,1,F
1118,1118,Geetha Naik,33,5,4,3,F
1119,1119,Kavya Murthy,24,5,1,3,F
1120,1120,Anil Achar,61,8,2,2,M
1121,1121,Roopa Naik,59,7,1,3,F
1122,1122,Rekha Bhat,53,1,1,1,F
1123,1123,Lokesh Pasha,65,3,3,1,M
1124,1124,Sushma Shetty,62,6,2,4,F
1125,1125,Shivakumar Nayak,46,2,4,4,M
1126,1126,Kavya Patil,33,2,3,3,F
1127,1127,Firoz Reddy,23,7,4,4,M
1128,1128,Naveen Shetty,39,4,4,4,M
1129,1129,Kavya Kumar,61,6,4,2,F
1130,1130,Kavya Naik,51,8,4,2,F
1131,1131,Savitha Nayak,51,2,3,1,F
1132,1132,Mahesh Reddy,31,2,1,3,M
1133,1133,Basavaraj Hegde,36,3,1,2,M
1134,1134,Shwetha Prasad,49,7,3,4,F
1135,1135,Girish Pasha,19,7,3,1,M
1136,1136,Roopa Kumar,54,1,4,4,F
1137,1137,Manjunath Nayak,68,8,1,1,M
1138,1138,Nagaratna Prasad,54,8,3,4,F
1139,1139,Deepa Bhat,59,3,2,3,F
1140,1140,Basavaraj Reddy,36,4,4,2,M
1141,1141,Prasad Achar,61,4,2,1,M
1142,1142,Bhavya Naik,68,2,3,4,F
1143,1143,Shwetha Rao,53,1,1,1,F
1144,1144,Ravi Hegde,60,6,4,2,M
1145,1145,Divya Nayak,32,8,4,4,F
1146,1146,Sushma Hegde,23,7,4,4,F
1147,1147,Bhavya Raju,38,8,2,3,F
1148,1148,Naveen Nayak,67,6,4,3,M
1149,1149,Anitha Setty,50,4,4,2,F
1150,1150,Nagaraj Gowda,38,1,2,2,M
1151,1151,Manjunath Setty,62,7,1,4,M
1152,1152,Divya Prasad,24,5,4,2,F
1153,1153,Prasad Gowda,59,2,1,4,M
1154,1154,Savitha Prasad,54,3,1,1,F
1155,1155,Naveen Naik,57,5,3,4,M
1156,1156,Vidya Setty,51,6,4,1,F
1157,1157,Shivakumar Setty,50,7,1,1,M
1158,1158,Rekha Reddy,38,6,1,2,F
1159,1159,Roopa Raju,70,3,2,1,F
1160,1160,Kavya Pasha,19,6,3,1,F
1161,1161,Roopa Bhat,33,2,3,4,F
1162,1162,Mahesh Pasha,41,3,4,2,M
1163,1163,Santosh Naik,36,4,4,1,M
1164,1164,Lakshmi Raju,45,8,4,3,F
1165,1165,Anitha Achar,51,8,3,3,F
1166,1166,Lakshmi Hegde,23,8,3,1,F
1167,1167,Arun Murthy,61,7,3,4,M
1168,1168,Ramesh Murthy,64,1,3,4,M
1169,1169,Imran Bhat,32,7,1,2,M
1170,1170,Sushma Hegde,49,6,1,1,F
1171,1171,Rekha Shetty,39,6,2,4,F
1172,1172,Savitha Pasha,65,7,1,4,F
1173,1173,Prakash Setty,23,6,1,1,M
1174,1174,Anitha Murthy,22,5,1,2,F
1175,1175,Anil Nayak,55,8,3,2,M
1176,1176,Prakash Pasha,43,8,1,3,M
1177,1177,Divya Hegde,30,4,4,1,F
1178,1178,Basavaraj Shetty,39,4,3,1,M
1179,1179,Nagaratna Naik,41,7,2,1,F
1180,1180,Nagaraj Bhat,58,6,4,2,M
1181,1181,Vidya Raju,33,5,3,3,F
1182,1182,Bhavya Murthy,20,2,4,2,F
1183,1183,Basavaraj Kumar,38,3,4,1,M
1184,1184,Ravi Naik,39,1,1,3,M
1185,1185,Divya Nayak,55,8,4,3,F
1186,1186,Prakash Naik,48,2,3,2,M
1187,1187,Anitha Hegde,65,1,1,1,F
1188,1188,Rekha Gowda,40,1,1,1,F
1189,1189,Nagaratna Rao,38,5,2,2,F
1190,1190,Basavaraj Hegde,22,6,2,2,M
1191,1191,Kavya Pasha,52,7,3,4,F
1192,1192,Prasad Setty,24,3,3,2,M
1193,1193,Lakshmi Setty,64,8,2,1,F
1194,1194,Manjunath Shetty,43,3,1,4,M
1195,1195,Anitha Rao,59,4,3,4,F
1196,1196,Imran Gowda,60,6,3,4,M
1197,1197,Anitha Murthy,24,1,1,1,F
1198,1198,Lakshmi Bhat,63,4,1,2,F
1199,1199,Girish Patil,22,1,2,4,M
1200,1200,Kavya Rao,32,4,3,1,F
1201,1201,Ravi Raju,31,7,4,4,M
1202,1202,Umesh Naik,32,8,1,2,M
1203,1203,Shwetha Achar,33,1,4,3,F
1204,1204,Harish Hegde,52,5,3,4,M
1205,1205,Mahesh Patil,25,1,1,1,M
1206,1206,Girish Setty,19,5,4,4,M
1207,1207,Geetha Shetty,56,3,1,4,F
1208,1208,Prakash Nayak,67,7,4,1,M
1209,1209,Bhavya Hegde,58,8,2,4,F
1210,1210,Deepa Pasha,44,4,4,1,F
1211,1211,Naveen Raju,56,5,2,3,M
1212,1212,Sushma Pasha,35,2,3,1,F
1213,1213,Divya Achar,65,6,4,4,F
1214,1214,Nagaratna Gowda,19,3,4,4,F
1215,1215,Roopa Naik,24,2,4,2,F
1216,1216,Lokesh Gowda,30,3,2,4,M
1217,1217,Lokesh Setty,34,2,1,2,M
1218,1218,Rekha Achar,64,1,2,1,F
1219,1219,Nagaraj Patil,43,5,1,2,M
1220,1220,Vinay Naik,65,1,2,1,M
1221,1221,Arun Naik,55,2,1,1,M
1222,1222,Umesh Pasha,47,1,1,1,M
1223,1223,Harish Reddy,35,5,4,1,M
1224,1224,Nagaratna Reddy,49,6,3,3,F
1225,1225,Geetha Pasha,21,6,3,4,F
1226,1226,Vinay Nayak,22,7,2,4,M
1227,1227,Anil Prasad,60,2,1,3,M
1228,1228,Nagaratna Shetty,41,7,4,4,F
1229,1229,Nagaratna Nayak,52,5,1,1,F
1230,1230,Deepa Reddy,24,3,3,4,F
1231,1231,Ramesh Patil,42,7,4,2,M
1232,1232,Imran Gowda,66,7,4,3,M
1233,1233,Kavya Achar,36,4,1,3,F
1234,1234,Vidya Bhat,48,3,4,3,F
1235,1235,Shwetha Nayak,47,8,3,1,F
1236,1236,Shivakumar Patil,68,8,2,1,M
1237,1237,Arun Prasad,45,5,2,4,M
1238,1238,Kiran Murthy,30,4,2,2,M
1239,1239,Kavya Rao,20,7,1,2,F
1240,1240,Savitha Shetty,41,1,4,2,F
1241,1241,Kavya Bhat,56,2,4,4,F
1242,1242,Bhavya Rao,52,7,1,2,F
1243,1243,Basavaraj Pasha,46,1,3,1,M
1244,1244,Ramesh Pasha,46,7,4,2,M
1245,1245,Savitha Hegde,39,6,4,4,F
1246,1246,Arun Raju,33,3,2,3,M
1247,1247,Nagaratna Rao,67,8,2,3,F
1248,1248,Lakshmi Shetty,64,8,3,4,F
1249,1249,Bhavya Nayak,54,1,4,1,F
1250,1250,Nagaraj Pasha,38,5,1,1,M
1251,1251,Lakshmi Patil,35,3,4,4,F
1252,1252,Firoz Bhat,68,2,1,4,M
1253,1253,Lakshmi Achar,51,6,4,1,F
1254,1254,Mahesh Gowda,38,8,2,1,M
1255,1255,Imran Gowda,46,7,2,4,M
1256,1256,Savitha Murthy,49,7,2,4,F
1257,1257,Sushma Pasha,28,2,3,3,F
1258,1258,Santosh Setty,49,8,1,1,M
1259,1259,Shwetha Kumar,36,3,4,4,F
1260,1260,Kavya Raju,60,3,3,2,F
1261,1261,Manjunath Prasad,68,8,2,1,M
1262,1262,Mahesh Nayak,29,7,3,4,M
1263,1263,Deepa Shetty,58,7,3,2,F
1264,1264,Roopa Reddy,43,4,4,4,F
1265,1265,Deepa Rao,57,3,2,1,F
1266,1266,Sushma Achar,22,6,1,1,F
1267,1267,Lakshmi Hegde,23,3,2,1,F
1268,1268,Roopa Hegde,24,3,4,1,F
1269,1269,Deepa Hegde,66,3,1,4,F
1270,1270,Kavya Bhat,29,5,4,4,F
1271,1271,Vinay Setty,45,6,3,2,M
1272,1272,Prakash Nayak,57,6,2,3,M
1273,1273,Bhavya Reddy,62,5,2,3,F
1274,1274,Firoz Rao,41,7,2,2,M
1275,1275,Ravi Gowda,33,6,2,2,M
1276,1276,Kiran Kumar,58,3,1,2,M
1277,1277,Ravi Bhat,42,3,4,3,M
1278,1278,Geetha Gowda,66,8,1,3,F
1279,1279,Lokesh Naik,53,1,3,2,M
1280,1280,Rekha Raju,57,1,2,1,F
1281,1281,Anil Setty,19,3,4,2,M
1282,1282,Umesh Bhat,54,1,1,3,M
1283,1283,Basavaraj Rao,25,6,1,1,M
1284,1284,Divya Prasad,37,7,3,2,F
1285,1285,Prasad Patil,23,2,3,4,M
1286,1286,Nagaraj Setty,43,1,4,3,M
1287,1287,Girish Pasha,18,2,1,2,M
1288,1288,Lakshmi Reddy,55,1,2,1,F
1289,1289,Shivakumar Reddy,34,3,2,4,M
1290,1290,Rekha Reddy,22,2,4,2,F
1291,1291,Sushma Setty,48,7,2,3,F
1292,1292,Kiran Gowda,38,4,2,4,M
1293,1293,Kavya Pasha,19,8,4,2,F
1294,1294,Anitha Bhat,69,4,1,3,F
1295,1295,Santosh Murthy,34,1,4,4,M
1296,1296,Manjunath Murthy,47,2,3,2,M
1297,1297,Shwetha Prasad,70,5,4,2,F
1298,1298,Kavya Hegde,18,2,1,2,F
1299,1299,Imran Patil,37,1,2,3,M
1300,1300,Ramesh Patil,60,1,2,1,M
1301,1301,Vinay Naik,18,7,4,1,M
1302,1302,Shivakumar Kumar,33,5,4,1,M
1303,1303,Santosh Nayak,66,5,3,4,M
1304,1304,Roopa Hegde,22,4,4,4,F
1305,1305,Harish Kumar,46,4,4,1,M
1306,1306,Naveen Bhat,46,1,2,1,M
1307,1307,Suresh Kumar,33,8,3,3,M
1308,1308,Geetha Reddy,48,7,1,1,F
1309,1309,Nagaratna Gowda,68,7,2,3,F
1310,1310,Prasad Nayak,44,5,3,1,M
1311,1311,Lakshmi Pasha,46,3,3,4,F
1312,1312,Umesh Raju,64,8,2,4,M
1313,1313,Anil Pasha,33,5,4,4,M
1314,1314,Rekha Achar,26,3,4,4,F
1315,1315,Kavya Gowda,51,6,4,4,F
1316,1316,Basavaraj Prasad,51,8,4,1,M
1317,1317,Santosh Shetty,70,3,1,4,M
1318,1318,Kiran Bhat,30,1,3,1,M
1319,1319,Nagaratna Raju,68,2,4,2,F
1320,1320,Vinay Hegde,70,7,4,2,M
1321,1321,Sushma Naik,69,4,3,4,F
1322,1322,Firoz Prasad,43,2,1,3,M
1323,1323,Suresh Pasha,24,8,2,1,M
1324,1324,Umesh Bhat,69,4,1,1,M
1325,1325,Ramesh Bhat,61,7,1,4,M
1326,1326,Kavya Raju,36,5,3,4,F
1327,1327,Naveen Naik,66,7,3,2,M
1328,1328,Imran Patil,65,3,1,3,M
1329,1329,Rekha Pasha,42,2,1,4,F
1330,1330,Shivakumar Reddy,64,6,4,3,M
1331,1331,Divya Kumar,52,4,1,1,F
1332,1332,Nagaraj Rao,39,4,1,2,M
1333,1333,Nagaraj Rao,43,2,1,2,M
1334,1334,Harish Prasad,46,7,3,4,M
1335,1335,Firoz Pasha,32,1,1,3,M
1336,1336,Manjunath Raju,32,3,1,4,M
1337,1337,Shivakumar Patil,62,5,4,2,M
1338,1338,Roopa Kumar,51,6,1,4,F
1339,1339,Girish Hegde,34,8,4,3,M
1340,1340,Ravi Gowda,63,6,4,3,M
1341,1341,Ramesh Patil,42,5,1,4,M
1342,1342,Manjunath Rao,26,8,4,1,M
1343,1343,Shivakumar Prasad,27,5,3,2,M
1344,1344,Deepa Pasha,52,3,2,1,F
1345,1345,Shivakumar Rao,46,3,3,2,M
1346,1346,Vidya Patil,47,5,4,2,F
1347,1347,Harish Naik,35,2,1,4,M
1348,1348,Ramesh Nayak,21,1,1,4,M
1349,1349,Roopa Bhat,63,8,1,1,F
1350,1350,Umesh Shetty,60,1,1,4,M
1351,1351,Ramesh Nayak,50,6,3,3,M
1352,1352,Kavya Hegde,40,6,2,2,F
1353,1353,Arun Nayak,55,6,3,3,M
1354,1354,Geetha Hegde,56,4,4,3,F
1355,1355,Bhavya Naik,58,8,1,1,F
1356,1356,Deepa Murthy,51,2,2,3,F
1357,1357,Geetha Bhat,67,3,4,2,F
1358,1358,Nagaratna Hegde,31,2,4,2,F
1359,1359,Mahesh Bhat,58,8,2,2,M
1360,1360,Roopa Naik,33,3,3,2,F
1361,1361,Ramesh Gowda,37,2,4,3,M
1362,1362,Roopa Shetty,33,1,4,4,F
1363,1363,Santosh Rao,58,3,3,2,M
1364,1364,Roopa Achar,32,7,1,4,F
1365,1365,Nagaraj Murthy,42,2,3,4,M
1366,1366,Naveen Kumar,22,3,2,2,M
1367,1367,Roopa Rao,39,5,3,4,F
1368,1368,Prasad Setty,63,2,1,3,M
1369,1369,Rekha Nayak,43,6,2,1,F
1370,1370,Kiran Prasad,59,7,4,4,M
1371,1371,Savitha Prasad,35,2,3,2,F
1372,1372,Sushma Nayak,55,1,4,4,F
1373,1373,Savitha Shetty,43,2,4,3,F
1374,1374,Suresh Hegde,22,4,1,1,M
1375,1375,Geetha Achar,48,4,4,1,F
1376,1376,Prakash Reddy,38,8,2,4,M
1377,1377,Lokesh Patil,24,2,1,3,M
1378,1378,Sushma Patil,45,7,4,4,F
1379,1379,Vinay Murthy,58,2,3,4,M
1380,1380,Lokesh Prasad,61,2,1,1,M
1381,1381,Kavya Reddy,19,6,1,1,F
1382,1382,Shivakumar Raju,56,2,1,1,M
1383,1383,Shivakumar Setty,65,3,2,3,M
1384,1384,Sushma Gowda,36,2,2,1,F
1385,1385,Geetha Gowda,25,8,4,3,F
1386,1386,Naveen Bhat,28,7,3,3,M
1387,1387,Rekha Hegde,44,4,2,4,F
1388,1388,Rekha Raju,28,2,3,1,F
1389,1389,Kavya Bhat,34,5,3,1,F
1390,1390,Ravi Pasha,40,1,4,1,M
1391,1391,Nagaraj Shetty,50,5,4,3,M
1392,1392,Bhavya Reddy,68,4,4,4,F
1393,1393,Manjunath Nayak,44,3,4,3,M
1394,1394,Nagaraj Pasha,58,7,3,3,M
1395,1395,Savitha Nayak,48,6,3,3,F
1396,1396,Anil Kumar,53,8,1,3,M
1397,1397,Imran Reddy,37,8,4,2,M
1398,1398,Anitha Naik,23,5,1,2,F
1399,1399,Anil Prasad,26,8,1,4,M
1400,1400,Girish Achar,67,5,2,3,M
1401,1401,Anitha Raju,33,5,2,3,F
1402,1402,Naveen Reddy,41,2,3,2,M
1403,1403,Shivakumar Murthy,66,3,1,4,M
1404,1404,Ravi Murthy,25,3,2,1,M
1405,1405,Vinay Prasad,70,1,3,4,M
1406,1406,Divya Rao,22,1,3,3,F
1407,1407,Lakshmi Prasad,31,1,1,3,F
1408,1408,Naveen Bhat,61,1,3,4,M
1409,1409,Rekha Murthy,51,5,2,1,F
1410,1410,Girish Nayak,62,2,2,3,M
1411,1411,Deepa Bhat,50,6,2,3,F
1412,1412,Nagaraj Prasad,55,2,1,1,M
1413,1413,Divya Setty,55,7,4,2,F
1414,1414,Basavaraj Patil,51,7,2,3,M
1415,1415,Savitha Rao,33,2,4,2,F
1416,1416,Vidya Shetty,58,4,1,3,F
1417,1417,Firoz Rao,48,7,1,3,M
1418,1418,Prasad Gowda,31,1,4,1,M
1419,1419,Nagaratna Naik,32,7,4,4,F
1420,1420,Kiran Murthy,29,7,2,3,M
1421,1421,Savitha Hegde,70,5,2,4,F
1422,1422,Divya Rao,46,8,2,2,F
1423,1423,Deepa Bhat,46,6,3,2,F
1424,1424,Rekha Setty,24,7,3,2,F
1425,1425,Sushma Patil,21,8,2,3,F
1426,1426,Savitha Murthy,35,7,3,3,F
1427,1427,Roopa Prasad,48,1,3,4,F
1428,1428,Lakshmi Naik,36,8,4,4,F
1429,1429,Harish Hegde,34,7,1,3,M
1430,1430,Geetha Reddy,48,3,4,3,F
1431,1431,Deepa Naik,18,2,1,4,F
1432,1432,Divya Pasha,22,7,1,4,F
1433,1433,Vidya Gowda,42,8,3,4,F
1434,1434,Lokesh Kumar,49,3,4,3,M
1435,1435,Lokesh Gowda,60,1,3,1,M
1436,1436,Divya Reddy,40,2,4,2,F
1437,1437,Kavya Raju,38,7,3,4,F
1438,1438,Divya Naik,59,7,4,4,F
1439,1439,Sushma Pasha,30,5,3,2,F
1440,1440,Lakshmi Murthy,52,4,2,4,F
1441,1441,Bhavya Setty,46,5,2,2,F
1442,1442,Shwetha Naik,54,7,2,3,F
1443,1443,Anil Pasha,48,2,2,4,M
1444,1444,Divya Raju,46,5,4,3,F
1445,1445,Santosh Setty,42,8,4,1,M
1446,1446,Nagaraj Murthy,57,5,2,3,M
1447,1447,Divya Murthy,69,6,3,3,F
1448,1448,Roopa Shetty,32,5,2,1,F
1449,1449,Lakshmi Nayak,45,8,4,3,F
1450,1450,Roopa Rao,21,3,1,2,F
1451,1451,Girish Pasha,62,6,4,3,M
1452,1452,Firoz Hegde,45,5,1,2,M
1453,1453,Shivakumar Shetty,32,2,1,1,M
1454,1454,Anitha Raju,62,3,3,1,F
1455,1455,Anitha Naik,57,1,4,4,F
1456,1456,Imran Setty,22,5,3,3,M
1457,1457,Suresh Patil,18,8,2,1,M
1458,1458,Nagaratna Prasad,24,3,1,2,F
1459,1459,Sushma Setty,22,4,4,4,F
1460,1460,Geetha Shetty,35,6,1,3,F
1461,1461,Basavaraj Rao,63,8,3,1,M
1462,1462,Girish Pasha,36,2,3,1,M
1463,1463,Roopa Reddy,23,2,1,4,F
1464,1464,Ramesh Murthy,19,5,3,3,M
1465,1465,Shivakumar Gowda,47,8,4,1,M
1466,1466,Lokesh Hegde,70,1,4,1,M
1467,1467,Divya Hegde,30,2,2,4,F
1468,1468,Umesh Prasad,27,4,2,4,M
1469,1469,Shwetha Bhat,48,3,3,1,F
1470,1470,Bhavya Naik,54,8,2,2,F
1471,1471,Kiran Hegde,50,1,4,4,M
1472,1472,Bhavya Nayak,35,3,3,3,F
1473,1473,Shwetha Bhat,49,6,2,3,F
1474,1474,Roopa Murthy,34,8,4,4,F
1475,1475,Umesh Pasha,46,6,2,4,M
1476,1476,Vidya Hegde,32,6,1,1,F
1477,1477,Anitha Murthy,30,5,4,1,F
1478,1478,Deepa Gowda,34,8,1,2,F
1479,1479,Manjunath Naik,40,8,4,3,M
1480,1480,Arun Raju,19,7,3,4,M
1481,1481,Savitha Reddy,70,4,1,1,F
1482,1482,Umesh Naik,69,5,3,3,M
1483,1483,Naveen Rao,35,5,2,1,M
1484,1484,Shwetha Achar,29,5,2,3,F
1485,1485,Divya Nayak,34,8,3,2,F
1486,1486,Divya Gowda,32,7,4,3,F
1487,1487,Ramesh Nayak,69,1,3,2,M
1488,1488,Suresh Naik,63,2,4,1,M
1489,1489,Suresh Naik,49,1,1,4,M
1490,1490,Kiran Shetty,18,3,4,2,M
1491,1491,Geetha Prasad,57,4,2,2,F
1492,1492,Bhavya Hegde,38,3,1,2,F
1493,1493,Savitha Gowda,49,3,1,4,F
1494,1494,Nagaratna Raju,32,8,4,2,F
1495,1495,Bhavya Shetty,40,4,4,1,F
1496,1496,Nagaratna Bhat,67,6,3,1,F
1497,1497,Ramesh Pasha,26,6,3,2,M
1498,1498,Vinay Hegde,31,3,1,1,M
1499,1499,Lakshmi Rao,36,8,4,2,F
1500,1500,Mahesh Patil,23,8,1,3,M
1501,1501,Kavya Pasha,21,5,2,3,F
1502,1502,Imran Raju,18,2,1,4,M
1503,1503,Firoz Rao,64,6,3,2,M
1504,1504,Nagaraj Patil,46,4,3,2,M
1505,1505,Nagaraj Murthy,39,7,3,2,M
1506,1506,Nagaratna Shetty,20,3,3,4,F
1507,1507,Naveen Patil,66,6,1,3,M
1508,1508,Bhavya Pasha,68,8,3,1,F
1509,1509,Lakshmi Nayak,21,7,4,4,F
1510,1510,Anitha Prasad,18,5,2,3,F
1511,1511,Nagaratna Achar,56,1,1,1,F
1512,1512,Sushma Pasha,68,4,1,2,F
1513,1513,Kavya Achar,45,2,4,2,F
1514,1514,Kavya Bhat,38,7,3,3,F
1515,1515,Roopa Prasad,38,4,4,3,F
1516,1516,Nagaraj Reddy,63,4,2,2,M
1517,1517,Nagaraj Murthy,48,3,1,2,M
1518,1518,Shivakumar Bhat,24,7,1,1,M
1519,1519,Prakash Shetty,38,5,2,1,M
1520,1520,Geetha Rao,52,8,4,4,F
1521,1521,Deepa Kumar,21,5,1,4,F
1522,1522,Bhavya Rao,56,3,1,1,F
1523,1523,Manjunath Raju,57,7,2,4,M
1524,1524,Ravi Pasha,49,1,1,2,M
1525,1525,Kavya Prasad,65,5,4,3,F
1526,1526,Divya Murthy,48,1,2,3,F
1527,1527,Anitha Shetty,41,5,2,4,F
1528,1528,Umesh Murthy,60,4,2,2,M
1529,1529,Anil Hegde,25,7,1,2,M
1530,1530,Ramesh Nayak,52,5,4,2,M
1531,1531,Roopa Prasad,67,7,1,2,F
1532,1532,Basavaraj Kumar,55,5,3,1,M
1533,1533,Anil Naik,62,6,2,2,M
1534,1534,Mahesh Gowda,27,1,1,4,M
1535,1535,Arun Reddy,46,4,1,3,M
1536,1536,Deepa Rao,54,2,3,3,F
1537,1537,Suresh Hegde,27,6,4,3,M
1538,1538,Nagaratna Rao,20,4,1,1,F
1539,1539,Shivakumar Prasad,50,6,4,2,M
1540,1540,Naveen Naik,34,2,1,1,M
1541,1541,Bhavya Kumar,31,8,3,2,F
1542,1542,Shivakumar Shetty,61,1,4,4,M
1543,1543,Rekha Achar,43,6,2,4,F
1544,1544,Harish Patil,37,7,2,3,M
1545,1545,Nagaraj Raju,32,2,4,2,M
1546,1546,Sushma Reddy,44,7,1,2,F
1547,1547,Girish Shetty,59,5,3,3,M
1548,1548,Arun Hegde,64,2,4,1,M
1549,1549,Nagaratna Naik,29,1,3,2,F
1550,1550,Divya Shetty,60,1,1,4,F
1551,1551,Anitha Achar,47,3,2,4,F
1552,1552,Mahesh Naik,47,5,2,1,M
1553,1553,Harish Achar,41,5,3,2,M
1554,1554,Manjunath Kumar,31,3,1,2,M
1555,1555,Kiran Setty,53,5,2,1,M
1556,1556,Shwetha Achar,24,7,1,1,F
1557,1557,Savitha Kumar,34,7,2,2,F
1558,1558,Arun Achar,30,6,3,4,M
1559,1559,Divya Prasad,18,5,1,2,F
1560,1560,Anitha Naik,42,1,1,2,F
1561,1561,Anitha Naik,70,2,4,2,F
1562,1562,Suresh Achar,47,7,4,2,M
1563,1563,Divya Shetty,21,5,1,3,F
1564,1564,Umesh Raju,36,1,3,2,M
1565,1565,Anil Raju,28,2,3,2,M
1566,1566,Ravi Raju,33,1,3,2,M
1567,1567,Geetha Murthy,46,4,1,1,F
1568,1568,Nagaratna Pasha,30,2,2,4,F
1569,1569,Firoz Pasha,40,1,4,3,M
1570,1570,Kavya Setty,24,3,4,4,F
1571,1571,Arun Patil,68,3,4,2,M
1572,1572,Lakshmi Prasad,62,3,2,4,F
1573,1573,Nagaraj Murthy,29,1,2,2,M
1574,1574,Roopa Kumar,68,8,4,4,F
1575,1575,Lokesh Shetty,37,8,2,1,M
1576,1576,Suresh Bhat,47,5,2,2,M
1577,1577,Nagaraj Gowda,50,6,4,3,M
1578,1578,Santosh Hegde,69,7,4,3,M
1579,1579,Shwetha Setty,20,4,3,4,F
1580,1580,Deepa Murthy,23,4,3,4,F
1581,1581,Savitha Achar,52,7,2,3,F
1582,1582,Nagaratna Shetty,22,7,4,3,F
1583,1583,Arun Raju,23,3,1,1,M
1584,1584,Bhavya Nayak,48,2,2,4,F
1585,1585,Shwetha Prasad,49,3,3,3,F
1586,1586,Savitha Pasha,31,6,2,2,F
1587,1587,Savitha Setty,39,8,4,1,F
1588,1588,Nagaratna Murthy,55,7,4,4,F
1589,1589,Suresh Setty,68,1,4,3,M
1590,1590,Umesh Bhat,24,4,2,1,M
1591,1591,Santosh Raju,65,7,1,4,M
1592,1592,Savitha Naik,48,1,1,2,F
1593,1593,Naveen Shetty,69,8,3,2,M
1594,1594,Nagaraj Setty,32,7,4,4,M
1595,1595,Lokesh Patil,35,5,4,2,M
1596,1596,Shwetha Murthy,37,8,1,1,F
1597,1597,Arun Hegde,70,7,3,1,M
1598,1598,Shwetha Reddy,45,2,4,1,F
1599,1599,Shivakumar Shetty,18,2,2,1,M
1600,1600,Basavaraj Raju,53,5,2,3,M
1601,1601,Divya Gowda,37,1,4,4,F
1602,1602,Roopa Kumar,68,8,3,2,F
1603,1603,Lakshmi Gowda,28,8,4,4,F
1604,1604,Girish Patil,32,8,4,4,M
1605,1605,Arun Gowda,65,8,1,3,M
1606,1606,Ramesh Prasad,24,8,2,1,M
1607,1607,Nagaraj Setty,42,1,2,4,M
1608,1608,Anitha Patil,60,6,4,2,F
1609,1609,Vidya Gowda,42,5,4,4,F
1610,1610,Shwetha Reddy,47,3,4,2,F
1611,1611,Vidya Prasad,45,7,4,4,F
1612,1612,Mahesh Patil,30,4,4,4,M
1613,1613,Imran Hegde,51,8,2,2,M
1614,1614,Arun Pasha,50,1,3,3,M
1615,1615,Vinay Patil,22,8,1,1,M
1616,1616,Geetha Prasad,62,7,1,3,F
1617,1617,Prasad Prasad,25,2,4,1,M
1618,1618,Suresh Setty,34,4,3,2,M
1619,1619,Lakshmi Patil,60,5,1,2,F
1620,1620,Harish Gowda,64,5,1,1,M
1621,1621,Divya Murthy,45,4,4,3,F
1622,1622,Harish Naik,54,3,4,4,M
1623,1623,Sushma Prasad,60,8,2,1,F
1624,1624,Rekha Raju,33,1,3,2,F
1625,1625,Nagaraj Reddy,50,8,1,1,M
1626,1626,Ramesh Reddy,34,5,1,4,M
1627,1627,Girish Achar,47,3,1,4,M
1628,1628,Divya Naik,40,3,2,2,F
1629,1629,Ramesh Patil,54,7,3,4,M
1630,1630,Deepa Hegde,30,1,4,2,F
1631,1631,Roopa Kumar,63,1,3,1,F
1632,1632,Ravi Prasad,50,3,2,1,M
1633,1633,Bhavya Murthy,54,6,2,1,F
1634,1634,Deepa Shetty,36,7,2,4,F
1635,1635,Savitha Pasha,24,5,4,3,F
1636,1636,Santosh Hegde,58,4,3,3,M
1637,1637,Shivakumar Shetty,37,5,3,4,M
1638,1638,Ravi Hegde,40,3,2,3,M
1639,1639,Vinay Kumar,28,3,3,1,M
1640,1640,Shwetha Kumar,25,3,4,4,F
1641,1641,Rekha Patil,50,3,4,4,F
1642,1642,Ramesh Rao,32,2,4,2,M
1643,1643,Umesh Hegde,62,2,2,4,M
1644,1644,Basavaraj Patil,70,3,2,3,M
1645,1645,Lakshmi Bhat,52,5,1,1,F
1646,1646,Imran Prasad,39,5,1,1,M
1647,1647,Prasad Setty,56,7,4,3,M
1648,1648,Vinay Kumar,47,6,3,1,M
1649,1649,Divya Pasha,56,2,2,3,F
1650,1650,Deepa Murthy,40,1,4,4,F
1651,1651,Harish Patil,68,7,2,3,M
1652,1652,Deepa Murthy,39,3,4,1,F
1653,1653,Harish Setty,67,4,2,1,M
1654,1654,Nagaratna Murthy,66,4,1,2,F
1655,1655,Sushma Naik,18,5,3,3,F
1656,1656,Naveen Rao,26,4,4,1,M
1657,1657,Lakshmi Shetty,58,2,4,2,F
1658,1658,Kiran Nayak,48,4,2,1,M
1659,1659,Imran Bhat,66,6,2,3,M
1660,1660,Shwetha Bhat,51,5,3,1,F
1661,1661,Divya Shetty,65,4,4,2,F
1662,1662,Prasad Murthy,53,6,1,4,M
1663,1663,Santosh Patil,61,2,3,3,M
1664,1664,Geetha Rao,53,1,3,2,F
1665,1665,Santosh Reddy,42,1,1,4,M
1666,1666,Nagaratna Patil,64,8,1,4,F
1667,1667,Ramesh Achar,43,1,2,4,M
1668,1668,Imran Achar,24,3,3,3,M
1669,1669,Umesh Nayak,46,8,1,1,M
1670,1670,Deepa Naik,49,6,4,2,F
1671,1671,Shwetha Bhat,59,3,4,4,F
1672,1672,Lokesh Setty,43,3,3,1,M
1673,1673,Manjunath Nayak,65,5,4,3,M
1674,1674,Prasad Setty,55,8,3,2,M
1675,1675,Ravi Prasad,64,4,2,3,M
1676,1676,Roopa Bhat,53,2,3,4,F
1677,1677,Harish Rao,44,5,4,3,M
1678,1678,Suresh Murthy,35,2,3,3,M
1679,1679,Firoz Setty,23,5,3,4,M
1680,1680,Savitha Reddy,35,1,4,1,F
1681,1681,Firoz Reddy,33,6,4,3,M
1682,1682,Deepa Nayak,38,4,4,2,F
1683,1683,Anil Pasha,68,8,1,2,M
1684,1684,Arun Shetty,30,4,4,2,M
1685,1685,Arun Shetty,69,1,4,2,M
1686,1686,Suresh Shetty,52,6,3,2,M
1687,1687,Girish Patil,33,5,1,4,M
1688,1688,Shwetha Pasha,62,2,4,3,F
1689,1689,Kavya Reddy,22,4,2,2,F
1690,1690,Basavaraj Raju,47,7,4,3,M
1691,1691,Manjunath Kumar,50,7,2,3,M
1692,1692,Prasad Hegde,69,1,1,2,M
1693,1693,Suresh Murthy,49,8,3,1,M
1694,1694,Ramesh Raju,54,5,3,2,M
1695,1695,Girish Bhat,48,6,3,1,M
1696,1696,Anil Pasha,43,5,1,1,M
1697,1697,Kiran Patil,58,6,4,1,M
1698,1698,Manjunath Nayak,49,3,4,1,M
1699,1699,Nagaratna Prasad,52,1,4,3,F
1700,1700,Rekha Setty,65,7,3,2,F
1701,1701,Lakshmi Reddy,69,6,3,4,F
1702,1702,Lokesh Kumar,40,3,1,4,M
1703,1703,Girish Bhat,50,2,4,2,M
1704,1704,Nagaratna Kumar,65,5,2,2,F
1705,1705,Vinay Shetty,24,6,2,3,M
1706,1706,Prasad Raju,59,1,2,3,M
1707,1707,Rekha Achar,34,3,1,1,F
1708,1708,Lakshmi Reddy,40,5,4,3,F
1709,1709,Rekha Pasha,18,3,2,3,F
1710,1710,Vidya Patil,64,3,4,2,F
1711,1711,Bhavya Kumar,23,1,2,4,F
1712,1712,Savitha Kumar,41,6,2,4,F
1713,1713,Shwetha Kumar,26,2,4,4,F
1714,1714,Savitha Patil,63,2,4,3,F
1715,1715,Vidya Shetty,66,5,3,2,F
1716,1716,Geetha Pasha,53,2,4,2,F
1717,1717,Manjunath Bhat,43,8,1,1,M
1718,1718,Sushma Rao,69,2,1,3,F
1719,1719,Santosh Nayak,24,1,4,2,M
1720,1720,Harish Gowda,66,8,2,1,M
1721,1721,Bhavya Reddy,35,7,4,4,F
1722,1722,Lokesh Nayak,39,3,3,4,M
1723,1723,Kavya Pasha,18,6,2,2,F
1724,1724,Vinay Murthy,38,7,4,4,M
1725,1725,Vidya Murthy,55,2,4,1,F
1726,1726,Nagaratna Setty,59,2,2,4,F
1727,1727,Umesh Bhat,27,8,4,1,M
1728,1728,Roopa Reddy,58,4,1,1,F
