InvOccuranceTimeID,CaseMasterID,OccuranceFromDate,OccuranceToDate,DayNight
1,1,2025-03-24 21:50:00,2025-03-25 00:50:00,Night
2,2,2025-04-01 23:55:00,2025-04-02 00:55:00,Night
3,3,2025-04-19 23:38:00,2025-04-19 23:38:00,Night
4,4,2025-04-26 01:09:00,2025-04-26 03:09:00,Night
5,5,2025-04-25 01:17:00,2025-04-25 01:17:00,Night
6,6,2025-04-28 23:10:00,2025-04-29 02:10:00,Night
7,7,2025-05-11 02:43:00,2025-05-11 03:43:00,Night
8,8,2024-06-15 23:46:00,2024-06-16 00:46:00,Night
9,9,2024-06-20 23:13:00,2024-06-21 02:13:00,Night
10,10,2024-07-05 02:43:00,2024-07-05 02:43:00,Night
11,11,2024-07-06 02:20:00,2024-07-06 03:20:00,Night
12,12,2024-07-13 01:22:00,2024-07-13 01:22:00,Night
13,13,2024-07-10 01:54:00,2024-07-10 01:54:00,Night
14,14,2025-04-04 11:32:00,2025-04-04 14:32:00,Day
15,15,2025-04-16 13:46:00,2025-04-16 13:46:00,Day
16,16,2025-04-20 16:44:00,2025-04-20 16:44:00,Day
17,17,2025-04-25 11:09:00,2025-04-25 12:09:00,Day
18,18,2025-05-06 15:25:00,2025-05-06 16:25:00,Day
19,19,2025-05-19 11:01:00,2025-05-19 11:01:00,Day
20,20,2025-05-28 14:28:00,2025-05-28 14:28:00,Day
21,21,2025-06-13 15:24:00,2025-06-13 18:24:00,Day
22,22,2024-07-26 02:36:00,2024-07-26 03:36:00,Night
23,23,2024-08-05 21:01:00,2024-08-06 00:01:00,Night
24,24,2024-08-11 02:52:00,2024-08-11 05:52:00,Night
25,25,2024-08-19 23:20:00,2024-08-20 01:20:00,Night
26,26,2024-09-16 01:06:00,2024-09-16 03:06:00,Night
27,27,2024-08-20 01:41:00,2024-08-20 03:41:00,Night
28,28,2024-02-03 10:13:00,2024-02-03 13:13:00,Day
29,29,2024-02-15 14:14:00,2024-02-15 17:14:00,Day
30,30,2024-02-29 12:07:00,2024-02-29 15:07:00,Day
31,31,2024-03-01 17:58:00,2024-03-01 17:58:00,Day
32,32,2024-03-10 16:09:00,2024-03-10 19:09:00,Day
33,33,2025-04-28 13:58:00,2025-04-28 15:58:00,Day
34,34,2025-05-06 14:23:00,2025-05-06 17:23:00,Day
35,35,2025-05-14 13:43:00,2025-05-14 14:43:00,Day
36,36,2025-05-25 16:37:00,2025-05-25 16:37:00,Day
37,37,2025-05-18 16:42:00,2025-05-18 19:42:00,Day
38,38,2025-06-27 12:47:00,2025-06-27 14:47:00,Day
39,39,2025-02-24 15:26:00,2025-02-24 17:26:00,Day
40,40,2025-03-08 11:08:00,2025-03-08 12:08:00,Day
41,41,2025-03-10 11:24:00,2025-03-10 13:24:00,Day
42,42,2025-03-17 13:46:00,2025-03-17 15:46:00,Day
43,43,2025-04-17 14:30:00,2025-04-17 14:30:00,Day
44,44,2025-04-10 13:22:00,2025-04-10 16:22:00,Day
45,45,2024-09-23 21:54:00,2024-09-23 22:54:00,Night
46,46,2024-10-05 23:53:00,2024-10-05 23:53:00,Night
47,47,2024-10-17 01:07:00,2024-10-17 02:07:00,Night
48,48,2024-10-08 22:32:00,2024-10-08 22:32:00,Night
49,49,2024-11-10 23:07:00,2024-11-11 01:07:00,Night
50,50,2024-11-12 01:07:00,2024-11-12 03:07:00,Night
51,51,2025-03-08 21:59:00,2025-03-08 21:59:00,Night
52,52,2025-03-22 02:56:00,2025-03-22 04:56:00,Night
53,53,2025-03-28 22:45:00,2025-03-29 00:45:00,Night
54,54,2025-03-29 21:42:00,2025-03-29 21:42:00,Night
55,55,2025-04-13 21:59:00,2025-04-13 23:59:00,Night
56,56,2024-04-16 02:16:00,2024-04-16 03:16:00,Night
57,57,2024-04-27 02:34:00,2024-04-27 04:34:00,Night
58,58,2024-05-08 23:34:00,2024-05-09 02:34:00,Night
59,59,2024-05-19 21:13:00,2024-05-19 21:13:00,Night
60,60,2024-05-26 21:24:00,2024-05-26 21:24:00,Night
61,61,2024-06-15 22:34:00,2024-06-16 00:34:00,Night
62,62,2025-11-22 13:07:00,2025-11-22 13:07:00,Day
63,63,2025-12-06 14:44:00,2025-12-06 15:44:00,Day
64,64,2025-12-12 14:31:00,2025-12-12 15:31:00,Day
65,65,2025-12-31 17:41:00,2025-12-31 20:41:00,Day
66,66,2026-01-17 12:47:00,2026-01-17 14:47:00,Day
67,67,2025-12-22 14:53:00,2025-12-22 16:53:00,Day
68,68,2025-04-25 22:10:00,2025-04-26 01:10:00,Night
69,69,2025-05-09 22:03:00,2025-05-10 00:03:00,Night
70,70,2025-05-19 02:37:00,2025-05-19 05:37:00,Night
71,71,2025-06-03 01:23:00,2025-06-03 01:23:00,Night
72,72,2025-06-20 02:07:00,2025-06-20 02:07:00,Night
73,73,2025-02-13 12:54:00,2025-02-13 15:54:00,Day
74,74,2025-02-19 11:16:00,2025-02-19 13:16:00,Day
75,75,2025-03-13 12:43:00,2025-03-13 15:43:00,Day
76,76,2025-03-09 13:29:00,2025-03-09 15:29:00,Day
77,77,2025-04-02 11:16:00,2025-04-02 11:16:00,Day
78,78,2025-03-20 13:31:00,2025-03-20 14:31:00,Day
79,79,2025-05-17 05:48:00,2025-05-17 05:48:00,Night
80,80,2025-07-15 08:15:00,2025-07-15 09:15:00,Day
81,81,2026-01-07 10:50:00,2026-01-07 12:50:00,Day
82,82,2024-11-28 21:32:00,2024-11-28 21:32:00,Night
83,83,2024-06-19 12:06:00,2024-06-19 13:06:00,Day
84,84,2025-10-08 23:40:00,2025-10-08 23:40:00,Night
85,85,2024-07-12 13:56:00,2024-07-12 15:56:00,Day
86,86,2024-07-09 03:18:00,2024-07-09 06:18:00,Night
87,87,2026-02-25 22:15:00,2026-02-25 22:15:00,Night
88,88,2025-08-21 03:25:00,2025-08-21 03:25:00,Night
89,89,2026-01-11 04:16:00,2026-01-11 05:16:00,Night
90,90,2024-11-24 23:04:00,2024-11-25 00:04:00,Night
91,91,2024-01-14 06:41:00,2024-01-14 06:41:00,Day
92,92,2026-06-23 03:10:00,2026-06-23 06:10:00,Night
93,93,2025-06-14 04:56:00,2025-06-14 06:56:00,Night
94,94,2024-03-21 01:58:00,2024-03-21 02:58:00,Night
95,95,2025-07-15 12:16:00,2025-07-15 13:16:00,Day
96,96,2024-12-24 19:52:00,2024-12-24 20:52:00,Night
97,97,2025-07-13 16:48:00,2025-07-13 19:48:00,Day
98,98,2025-07-28 22:01:00,2025-07-28 22:01:00,Night
99,99,2025-03-12 09:58:00,2025-03-12 10:58:00,Day
100,100,2024-06-04 06:06:00,2024-06-04 09:06:00,Day
101,101,2025-03-25 19:31:00,2025-03-25 19:31:00,Night
102,102,2026-03-03 09:29:00,2026-03-03 12:29:00,Day
103,103,2025-06-20 22:24:00,2025-06-20 23:24:00,Night
104,104,2025-04-14 15:54:00,2025-04-14 17:54:00,Day
105,105,2025-04-11 23:37:00,2025-04-12 01:37:00,Night
106,106,2025-06-16 23:40:00,2025-06-17 02:40:00,Night
107,107,2026-05-02 05:12:00,2026-05-02 08:12:00,Night
108,108,2026-05-12 05:36:00,2026-05-12 07:36:00,Night
109,109,2024-06-06 06:21:00,2024-06-06 08:21:00,Day
110,110,2025-06-29 10:49:00,2025-06-29 12:49:00,Day
111,111,2025-09-23 11:19:00,2025-09-23 12:19:00,Day
112,112,2026-05-16 05:18:00,2026-05-16 06:18:00,Night
113,113,2024-04-27 18:38:00,2024-04-27 19:38:00,Day
114,114,2026-01-05 11:05:00,2026-01-05 14:05:00,Day
115,115,2024-10-22 21:08:00,2024-10-23 00:08:00,Night
116,116,2025-02-24 17:36:00,2025-02-24 17:36:00,Day
117,117,2024-06-20 01:44:00,2024-06-20 04:44:00,Night
118,118,2025-01-13 05:16:00,2025-01-13 08:16:00,Night
119,119,2026-02-03 17:14:00,2026-02-03 19:14:00,Day
120,120,2025-02-25 03:33:00,2025-02-25 03:33:00,Night
121,121,2024-06-14 02:17:00,2024-06-14 05:17:00,Night
122,122,2024-01-20 15:09:00,2024-01-20 18:09:00,Day
123,123,2025-07-01 10:05:00,2025-07-01 10:05:00,Day
124,124,2024-01-17 01:21:00,2024-01-17 02:21:00,Night
125,125,2024-03-05 06:27:00,2024-03-05 08:27:00,Day
126,126,2025-03-02 22:51:00,2025-03-02 23:51:00,Night
127,127,2024-08-12 14:49:00,2024-08-12 16:49:00,Day
128,128,2025-08-29 18:20:00,2025-08-29 21:20:00,Day
129,129,2024-10-14 04:07:00,2024-10-14 07:07:00,Night
130,130,2025-03-03 01:02:00,2025-03-03 02:02:00,Night
131,131,2026-03-19 11:40:00,2026-03-19 11:40:00,Day
132,132,2025-07-28 22:49:00,2025-07-28 22:49:00,Night
133,133,2024-03-19 03:10:00,2024-03-19 06:10:00,Night
134,134,2024-08-20 15:23:00,2024-08-20 16:23:00,Day
135,135,2025-04-04 17:10:00,2025-04-04 19:10:00,Day
136,136,2025-08-20 16:14:00,2025-08-20 18:14:00,Day
137,137,2026-04-02 14:18:00,2026-04-02 17:18:00,Day
138,138,2024-01-28 00:09:00,2024-01-28 02:09:00,Night
139,139,2024-12-31 05:03:00,2024-12-31 07:03:00,Night
140,140,2026-05-01 06:50:00,2026-05-01 08:50:00,Day
141,141,2024-03-20 00:49:00,2024-03-20 00:49:00,Night
142,142,2026-04-19 18:48:00,2026-04-19 18:48:00,Day
143,143,2025-07-24 23:02:00,2025-07-24 23:02:00,Night
144,144,2026-01-29 05:04:00,2026-01-29 08:04:00,Night
145,145,2024-07-02 12:38:00,2024-07-02 14:38:00,Day
146,146,2026-06-24 22:10:00,2026-06-25 00:10:00,Night
147,147,2025-02-25 11:03:00,2025-02-25 14:03:00,Day
148,148,2025-12-08 21:13:00,2025-12-08 21:13:00,Night
149,149,2025-11-18 17:11:00,2025-11-18 17:11:00,Day
150,150,2026-04-23 09:41:00,2026-04-23 12:41:00,Day
151,151,2025-11-18 21:56:00,2025-11-18 23:56:00,Night
152,152,2025-05-01 21:15:00,2025-05-02 00:15:00,Night
153,153,2024-08-03 05:58:00,2024-08-03 06:58:00,Night
154,154,2025-08-12 02:07:00,2025-08-12 02:07:00,Night
155,155,2025-09-06 08:09:00,2025-09-06 11:09:00,Day
156,156,2024-03-28 00:30:00,2024-03-28 03:30:00,Night
157,157,2024-04-01 10:45:00,2024-04-01 12:45:00,Day
158,158,2025-12-23 14:27:00,2025-12-23 14:27:00,Day
159,159,2025-11-28 21:07:00,2025-11-28 21:07:00,Night
160,160,2024-07-01 07:49:00,2024-07-01 08:49:00,Day
161,161,2025-03-20 20:27:00,2025-03-20 23:27:00,Night
162,162,2024-04-06 14:42:00,2024-04-06 17:42:00,Day
163,163,2026-06-11 21:06:00,2026-06-11 23:06:00,Night
164,164,2026-05-12 20:54:00,2026-05-12 23:54:00,Night
165,165,2025-05-12 16:37:00,2025-05-12 19:37:00,Day
166,166,2025-09-08 22:42:00,2025-09-08 22:42:00,Night
167,167,2026-04-27 16:02:00,2026-04-27 18:02:00,Day
168,168,2025-01-05 05:46:00,2025-01-05 05:46:00,Night
169,169,2026-04-01 13:26:00,2026-04-01 13:26:00,Day
170,170,2025-12-18 12:28:00,2025-12-18 14:28:00,Day
171,171,2024-09-22 20:32:00,2024-09-22 21:32:00,Night
172,172,2024-03-24 02:03:00,2024-03-24 05:03:00,Night
173,173,2024-05-03 11:36:00,2024-05-03 13:36:00,Day
174,174,2026-02-19 04:32:00,2026-02-19 07:32:00,Night
175,175,2024-01-20 03:42:00,2024-01-20 03:42:00,Night
176,176,2024-09-18 02:09:00,2024-09-18 04:09:00,Night
177,177,2024-10-02 17:37:00,2024-10-02 20:37:00,Day
178,178,2026-05-12 20:13:00,2026-05-12 22:13:00,Night
179,179,2025-11-19 05:26:00,2025-11-19 07:26:00,Night
180,180,2025-05-20 11:02:00,2025-05-20 12:02:00,Day
181,181,2025-05-22 11:33:00,2025-05-22 12:33:00,Day
182,182,2026-05-10 08:15:00,2026-05-10 11:15:00,Day
183,183,2024-08-26 19:50:00,2024-08-26 21:50:00,Night
184,184,2024-07-09 07:08:00,2024-07-09 09:08:00,Day
185,185,2024-12-15 06:42:00,2024-12-15 07:42:00,Day
186,186,2024-10-24 14:12:00,2024-10-24 15:12:00,Day
187,187,2025-06-23 19:56:00,2025-06-23 20:56:00,Night
188,188,2026-02-08 20:48:00,2026-02-08 21:48:00,Night
189,189,2024-08-23 18:02:00,2024-08-23 18:02:00,Day
190,190,2024-09-13 09:47:00,2024-09-13 09:47:00,Day
191,191,2025-03-15 22:26:00,2025-03-15 23:26:00,Night
192,192,2025-05-01 03:21:00,2025-05-01 03:21:00,Night
193,193,2026-06-05 06:08:00,2026-06-05 09:08:00,Day
194,194,2025-02-04 19:52:00,2025-02-04 19:52:00,Night
195,195,2025-05-31 10:26:00,2025-05-31 10:26:00,Day
196,196,2024-05-07 17:47:00,2024-05-07 20:47:00,Day
197,197,2024-01-29 00:21:00,2024-01-29 01:21:00,Night
198,198,2024-08-05 14:14:00,2024-08-05 14:14:00,Day
199,199,2024-01-22 19:48:00,2024-01-22 19:48:00,Night
200,200,2024-09-05 06:34:00,2024-09-05 06:34:00,Day
201,201,2025-08-13 14:40:00,2025-08-13 14:40:00,Day
202,202,2024-07-19 04:58:00,2024-07-19 04:58:00,Night
203,203,2024-09-24 19:29:00,2024-09-24 19:29:00,Night
204,204,2026-04-13 04:17:00,2026-04-13 07:17:00,Night
205,205,2024-03-01 23:11:00,2024-03-01 23:11:00,Night
206,206,2025-09-09 16:48:00,2025-09-09 16:48:00,Day
207,207,2025-10-10 11:55:00,2025-10-10 11:55:00,Day
208,208,2024-09-06 06:10:00,2024-09-06 07:10:00,Day
209,209,2026-04-07 07:14:00,2026-04-07 07:14:00,Day
210,210,2026-05-07 07:31:00,2026-05-07 10:31:00,Day
211,211,2024-11-02 21:58:00,2024-11-02 22:58:00,Night
212,212,2024-08-11 23:12:00,2024-08-12 01:12:00,Night
213,213,2026-03-05 22:50:00,2026-03-05 22:50:00,Night
214,214,2024-03-06 22:58:00,2024-03-06 23:58:00,Night
215,215,2025-07-29 08:54:00,2025-07-29 11:54:00,Day
216,216,2025-09-08 17:13:00,2025-09-08 18:13:00,Day
217,217,2024-03-08 10:40:00,2024-03-08 12:40:00,Day
218,218,2024-01-10 21:32:00,2024-01-10 23:32:00,Night
219,219,2024-06-18 18:03:00,2024-06-18 18:03:00,Day
220,220,2026-05-09 04:32:00,2026-05-09 06:32:00,Night
221,221,2024-04-19 00:22:00,2024-04-19 00:22:00,Night
222,222,2024-05-23 11:47:00,2024-05-23 12:47:00,Day
223,223,2025-05-27 00:49:00,2025-05-27 01:49:00,Night
224,224,2024-08-22 03:08:00,2024-08-22 05:08:00,Night
225,225,2024-08-05 09:30:00,2024-08-05 11:30:00,Day
226,226,2024-03-17 17:39:00,2024-03-17 20:39:00,Day
227,227,2025-09-13 08:13:00,2025-09-13 08:13:00,Day
228,228,2025-10-26 11:40:00,2025-10-26 12:40:00,Day
229,229,2024-06-08 14:14:00,2024-06-08 15:14:00,Day
230,230,2026-01-11 16:08:00,2026-01-11 16:08:00,Day
231,231,2025-07-10 22:17:00,2025-07-10 23:17:00,Night
232,232,2024-05-01 11:59:00,2024-05-01 11:59:00,Day
233,233,2024-04-25 18:27:00,2024-04-25 20:27:00,Day
234,234,2025-12-20 02:15:00,2025-12-20 05:15:00,Night
235,235,2024-01-31 04:23:00,2024-01-31 07:23:00,Night
236,236,2025-07-21 22:53:00,2025-07-21 22:53:00,Night
237,237,2024-04-16 02:23:00,2024-04-16 03:23:00,Night
238,238,2026-02-08 09:25:00,2026-02-08 12:25:00,Day
239,239,2024-10-24 11:39:00,2024-10-24 13:39:00,Day
240,240,2024-07-02 22:49:00,2024-07-03 00:49:00,Night
241,241,2025-01-19 05:36:00,2025-01-19 06:36:00,Night
242,242,2025-10-17 06:20:00,2025-10-17 07:20:00,Day
243,243,2024-07-22 11:26:00,2024-07-22 13:26:00,Day
244,244,2025-03-06 22:34:00,2025-03-06 22:34:00,Night
245,245,2025-07-09 13:24:00,2025-07-09 13:24:00,Day
246,246,2026-04-20 20:45:00,2026-04-20 23:45:00,Night
247,247,2026-03-31 18:27:00,2026-03-31 21:27:00,Day
248,248,2026-01-30 23:08:00,2026-01-31 01:08:00,Night
249,249,2024-04-05 02:31:00,2024-04-05 05:31:00,Night
250,250,2024-07-16 19:01:00,2024-07-16 22:01:00,Night
251,251,2025-03-19 14:27:00,2025-03-19 16:27:00,Day
252,252,2024-01-10 10:44:00,2024-01-10 12:44:00,Day
253,253,2025-08-28 12:15:00,2025-08-28 15:15:00,Day
254,254,2024-02-18 00:08:00,2024-02-18 00:08:00,Night
255,255,2025-06-18 16:15:00,2025-06-18 17:15:00,Day
256,256,2026-05-18 16:06:00,2026-05-18 16:06:00,Day
257,257,2024-09-28 03:59:00,2024-09-28 06:59:00,Night
258,258,2024-09-01 02:34:00,2024-09-01 04:34:00,Night
259,259,2025-03-14 10:01:00,2025-03-14 12:01:00,Day
260,260,2025-12-28 10:57:00,2025-12-28 13:57:00,Day
261,261,2024-10-09 09:12:00,2024-10-09 10:12:00,Day
262,262,2024-01-06 13:22:00,2024-01-06 13:22:00,Day
263,263,2025-11-26 10:51:00,2025-11-26 13:51:00,Day
264,264,2025-01-17 04:39:00,2025-01-17 04:39:00,Night
265,265,2026-04-04 15:39:00,2026-04-04 18:39:00,Day
266,266,2024-05-25 23:42:00,2024-05-26 02:42:00,Night
267,267,2026-05-26 16:13:00,2026-05-26 18:13:00,Day
268,268,2025-11-26 15:20:00,2025-11-26 17:20:00,Day
269,269,2024-07-25 23:10:00,2024-07-26 00:10:00,Night
270,270,2024-05-10 16:19:00,2024-05-10 18:19:00,Day
271,271,2026-06-28 01:08:00,2026-06-28 04:08:00,Night
272,272,2024-02-23 12:49:00,2024-02-23 13:49:00,Day
273,273,2025-09-08 20:56:00,2025-09-08 23:56:00,Night
274,274,2024-05-20 16:14:00,2024-05-20 19:14:00,Day
275,275,2024-02-23 21:19:00,2024-02-23 21:19:00,Night
276,276,2024-09-12 17:18:00,2024-09-12 20:18:00,Day
277,277,2024-09-21 08:16:00,2024-09-21 10:16:00,Day
278,278,2025-06-07 02:15:00,2025-06-07 04:15:00,Night
279,279,2026-02-19 20:05:00,2026-02-19 22:05:00,Night
280,280,2024-03-19 11:41:00,2024-03-19 13:41:00,Day
281,281,2026-01-30 03:08:00,2026-01-30 05:08:00,Night
282,282,2026-02-14 15:44:00,2026-02-14 15:44:00,Day
283,283,2024-04-11 11:18:00,2024-04-11 12:18:00,Day
284,284,2026-06-29 13:31:00,2026-06-29 13:31:00,Day
285,285,2024-10-16 04:12:00,2024-10-16 05:12:00,Night
286,286,2024-04-08 07:07:00,2024-04-08 10:07:00,Day
287,287,2025-07-29 10:16:00,2025-07-29 13:16:00,Day
288,288,2025-11-01 01:33:00,2025-11-01 01:33:00,Night
289,289,2026-04-12 12:41:00,2026-04-12 15:41:00,Day
290,290,2025-05-09 09:58:00,2025-05-09 10:58:00,Day
291,291,2024-03-26 04:25:00,2024-03-26 06:25:00,Night
292,292,2025-03-11 22:04:00,2025-03-11 23:04:00,Night
293,293,2025-06-15 19:16:00,2025-06-15 21:16:00,Night
294,294,2024-10-08 09:52:00,2024-10-08 11:52:00,Day
295,295,2026-04-02 19:09:00,2026-04-02 22:09:00,Night
296,296,2025-07-25 13:41:00,2025-07-25 16:41:00,Day
297,297,2025-10-02 01:36:00,2025-10-02 02:36:00,Night
298,298,2025-08-23 23:23:00,2025-08-24 00:23:00,Night
299,299,2024-07-09 10:37:00,2024-07-09 11:37:00,Day
300,300,2025-12-15 14:16:00,2025-12-15 17:16:00,Day
301,301,2025-11-05 18:57:00,2025-11-05 19:57:00,Day
302,302,2024-04-20 13:27:00,2024-04-20 15:27:00,Day
303,303,2026-05-28 06:27:00,2026-05-28 09:27:00,Day
304,304,2025-01-12 11:21:00,2025-01-12 12:21:00,Day
305,305,2026-04-02 00:10:00,2026-04-02 03:10:00,Night
306,306,2025-03-21 01:29:00,2025-03-21 03:29:00,Night
307,307,2025-07-01 03:08:00,2025-07-01 04:08:00,Night
308,308,2026-05-06 13:07:00,2026-05-06 13:07:00,Day
309,309,2025-09-05 20:20:00,2025-09-05 20:20:00,Night
310,310,2024-03-26 06:47:00,2024-03-26 06:47:00,Day
311,311,2024-07-01 05:49:00,2024-07-01 08:49:00,Night
312,312,2025-11-02 05:43:00,2025-11-02 08:43:00,Night
313,313,2025-04-13 11:46:00,2025-04-13 12:46:00,Day
314,314,2026-06-01 12:04:00,2026-06-01 12:04:00,Day
315,315,2024-09-05 15:13:00,2024-09-05 17:13:00,Day
316,316,2024-06-07 23:51:00,2024-06-08 02:51:00,Night
317,317,2025-11-15 02:21:00,2025-11-15 03:21:00,Night
318,318,2025-12-07 20:54:00,2025-12-07 22:54:00,Night
319,319,2024-04-12 17:37:00,2024-04-12 19:37:00,Day
320,320,2026-02-13 05:31:00,2026-02-13 05:31:00,Night
321,321,2026-05-22 05:39:00,2026-05-22 06:39:00,Night
322,322,2025-04-12 08:01:00,2025-04-12 11:01:00,Day
323,323,2024-03-01 03:03:00,2024-03-01 05:03:00,Night
324,324,2026-02-04 06:11:00,2026-02-04 09:11:00,Day
325,325,2025-07-25 03:34:00,2025-07-25 05:34:00,Night
326,326,2026-05-26 07:37:00,2026-05-26 07:37:00,Day
327,327,2024-08-10 11:01:00,2024-08-10 14:01:00,Day
328,328,2025-04-12 00:00:00,2025-04-12 03:00:00,Night
329,329,2024-03-03 19:51:00,2024-03-03 22:51:00,Night
330,330,2026-02-19 19:46:00,2026-02-19 19:46:00,Night
331,331,2025-11-06 02:47:00,2025-11-06 04:47:00,Night
332,332,2025-02-10 10:00:00,2025-02-10 12:00:00,Day
333,333,2024-08-20 14:53:00,2024-08-20 15:53:00,Day
334,334,2026-05-28 06:17:00,2026-05-28 08:17:00,Day
335,335,2026-05-04 11:04:00,2026-05-04 11:04:00,Day
336,336,2024-04-25 20:29:00,2024-04-25 20:29:00,Night
337,337,2024-08-14 18:27:00,2024-08-14 18:27:00,Day
338,338,2024-08-09 18:11:00,2024-08-09 21:11:00,Day
339,339,2026-01-09 02:40:00,2026-01-09 04:40:00,Night
340,340,2026-01-03 10:34:00,2026-01-03 12:34:00,Day
341,341,2025-10-04 18:56:00,2025-10-04 19:56:00,Day
342,342,2025-04-16 19:28:00,2025-04-16 21:28:00,Night
343,343,2026-06-02 00:39:00,2026-06-02 00:39:00,Night
344,344,2025-12-25 13:56:00,2025-12-25 13:56:00,Day
345,345,2025-07-02 06:22:00,2025-07-02 06:22:00,Day
346,346,2026-03-13 14:07:00,2026-03-13 14:07:00,Day
347,347,2025-02-17 13:24:00,2025-02-17 13:24:00,Day
348,348,2025-06-04 11:43:00,2025-06-04 14:43:00,Day
349,349,2025-09-28 21:16:00,2025-09-29 00:16:00,Night
350,350,2024-07-06 17:20:00,2024-07-06 20:20:00,Day
351,351,2025-03-24 23:09:00,2025-03-25 02:09:00,Night
352,352,2024-10-21 17:10:00,2024-10-21 18:10:00,Day
353,353,2025-12-03 19:24:00,2025-12-03 21:24:00,Night
354,354,2024-08-01 12:26:00,2024-08-01 13:26:00,Day
355,355,2024-11-03 19:26:00,2024-11-03 20:26:00,Night
356,356,2026-06-01 01:21:00,2026-06-01 03:21:00,Night
357,357,2025-12-07 07:07:00,2025-12-07 08:07:00,Day
358,358,2024-04-23 21:12:00,2024-04-23 21:12:00,Night
359,359,2024-12-06 17:02:00,2024-12-06 19:02:00,Day
360,360,2024-09-05 02:11:00,2024-09-05 04:11:00,Night
361,361,2025-05-02 06:45:00,2025-05-02 07:45:00,Day
362,362,2025-06-02 20:18:00,2025-06-02 20:18:00,Night
363,363,2024-11-16 17:47:00,2024-11-16 20:47:00,Day
364,364,2024-06-02 08:21:00,2024-06-02 08:21:00,Day
365,365,2025-09-05 04:33:00,2025-09-05 05:33:00,Night
366,366,2026-06-20 03:24:00,2026-06-20 04:24:00,Night
367,367,2026-04-23 20:12:00,2026-04-23 22:12:00,Night
368,368,2026-02-15 10:06:00,2026-02-15 13:06:00,Day
369,369,2024-11-27 18:48:00,2024-11-27 20:48:00,Day
370,370,2024-06-11 03:48:00,2024-06-11 04:48:00,Night
371,371,2024-02-11 06:37:00,2024-02-11 08:37:00,Day
372,372,2026-02-27 12:13:00,2026-02-27 13:13:00,Day
373,373,2026-03-25 21:54:00,2026-03-25 21:54:00,Night
374,374,2024-05-03 20:47:00,2024-05-03 20:47:00,Night
375,375,2024-06-28 00:36:00,2024-06-28 03:36:00,Night
376,376,2025-07-11 05:23:00,2025-07-11 07:23:00,Night
377,377,2026-06-30 01:21:00,2026-06-30 01:21:00,Night
378,378,2025-10-17 20:29:00,2025-10-17 20:29:00,Night
379,379,2025-02-01 11:13:00,2025-02-01 11:13:00,Day
380,380,2024-09-04 19:30:00,2024-09-04 19:30:00,Night
381,381,2025-03-12 03:43:00,2025-03-12 06:43:00,Night
382,382,2025-03-22 17:44:00,2025-03-22 18:44:00,Day
383,383,2025-01-15 01:32:00,2025-01-15 04:32:00,Night
384,384,2024-09-09 20:48:00,2024-09-09 23:48:00,Night
385,385,2025-12-22 04:49:00,2025-12-22 07:49:00,Night
386,386,2025-08-02 06:22:00,2025-08-02 08:22:00,Day
387,387,2025-07-04 10:09:00,2025-07-04 12:09:00,Day
388,388,2026-05-17 02:17:00,2026-05-17 05:17:00,Night
389,389,2026-04-08 15:07:00,2026-04-08 18:07:00,Day
390,390,2026-03-19 16:21:00,2026-03-19 17:21:00,Day
391,391,2025-12-31 00:24:00,2025-12-31 03:24:00,Night
392,392,2024-09-13 02:33:00,2024-09-13 02:33:00,Night
393,393,2025-06-30 03:49:00,2025-06-30 03:49:00,Night
394,394,2025-10-17 19:48:00,2025-10-17 21:48:00,Night
395,395,2025-01-26 12:19:00,2025-01-26 14:19:00,Day
396,396,2025-01-18 01:22:00,2025-01-18 03:22:00,Night
397,397,2025-08-22 03:56:00,2025-08-22 05:56:00,Night
398,398,2025-07-14 18:16:00,2025-07-14 18:16:00,Day
399,399,2025-11-29 08:51:00,2025-11-29 08:51:00,Day
400,400,2025-03-22 12:52:00,2025-03-22 15:52:00,Day
401,401,2024-04-04 22:41:00,2024-04-04 22:41:00,Night
402,402,2024-06-10 20:49:00,2024-06-10 22:49:00,Night
403,403,2024-03-01 18:56:00,2024-03-01 20:56:00,Day
404,404,2025-11-05 12:50:00,2025-11-05 12:50:00,Day
405,405,2025-12-29 10:51:00,2025-12-29 13:51:00,Day
406,406,2025-04-30 13:59:00,2025-04-30 14:59:00,Day
407,407,2025-05-23 18:13:00,2025-05-23 18:13:00,Day
408,408,2025-07-09 22:35:00,2025-07-10 01:35:00,Night
409,409,2026-01-12 00:58:00,2026-01-12 03:58:00,Night
410,410,2025-10-19 11:12:00,2025-10-19 11:12:00,Day
411,411,2024-02-09 03:03:00,2024-02-09 03:03:00,Night
412,412,2026-06-28 03:11:00,2026-06-28 03:11:00,Night
413,413,2025-07-08 03:16:00,2025-07-08 04:16:00,Night
414,414,2024-10-02 07:39:00,2024-10-02 08:39:00,Day
415,415,2026-01-04 03:53:00,2026-01-04 05:53:00,Night
416,416,2025-04-19 05:03:00,2025-04-19 05:03:00,Night
417,417,2024-05-16 00:49:00,2024-05-16 02:49:00,Night
418,418,2024-07-17 05:06:00,2024-07-17 05:06:00,Night
419,419,2026-06-06 01:13:00,2026-06-06 03:13:00,Night
420,420,2026-04-16 06:50:00,2026-04-16 07:50:00,Day
421,421,2025-11-08 14:14:00,2025-11-08 14:14:00,Day
422,422,2025-12-17 05:17:00,2025-12-17 07:17:00,Night
423,423,2025-10-27 18:45:00,2025-10-27 18:45:00,Day
424,424,2026-04-02 07:44:00,2026-04-02 07:44:00,Day
425,425,2025-03-25 17:41:00,2025-03-25 20:41:00,Day
426,426,2024-01-03 21:16:00,2024-01-03 22:16:00,Night
427,427,2025-02-20 06:15:00,2025-02-20 08:15:00,Day
428,428,2024-06-07 21:04:00,2024-06-07 22:04:00,Night
429,429,2025-02-16 07:46:00,2025-02-16 07:46:00,Day
430,430,2025-12-04 20:03:00,2025-12-04 20:03:00,Night
431,431,2024-05-17 12:41:00,2024-05-17 12:41:00,Day
432,432,2025-04-28 20:44:00,2025-04-28 22:44:00,Night
433,433,2025-09-13 19:32:00,2025-09-13 22:32:00,Night
434,434,2026-03-10 00:02:00,2026-03-10 01:02:00,Night
435,435,2026-02-20 17:41:00,2026-02-20 18:41:00,Day
436,436,2025-11-14 11:28:00,2025-11-14 12:28:00,Day
437,437,2025-10-14 18:15:00,2025-10-14 19:15:00,Day
438,438,2026-02-06 06:19:00,2026-02-06 06:19:00,Day
439,439,2025-08-09 12:22:00,2025-08-09 13:22:00,Day
440,440,2025-09-06 12:58:00,2025-09-06 12:58:00,Day
441,441,2024-07-19 18:28:00,2024-07-19 21:28:00,Day
442,442,2026-02-26 08:01:00,2026-02-26 11:01:00,Day
443,443,2025-01-20 03:12:00,2025-01-20 03:12:00,Night
444,444,2024-07-10 02:00:00,2024-07-10 05:00:00,Night
445,445,2025-05-19 22:37:00,2025-05-20 00:37:00,Night
446,446,2024-04-17 21:16:00,2024-04-17 23:16:00,Night
447,447,2025-06-03 09:41:00,2025-06-03 11:41:00,Day
448,448,2025-01-28 17:09:00,2025-01-28 17:09:00,Day
449,449,2025-11-20 03:10:00,2025-11-20 04:10:00,Night
450,450,2026-01-09 15:11:00,2026-01-09 16:11:00,Day
451,451,2026-04-24 08:14:00,2026-04-24 10:14:00,Day
452,452,2024-07-26 03:13:00,2024-07-26 05:13:00,Night
453,453,2025-04-29 17:03:00,2025-04-29 17:03:00,Day
454,454,2024-12-11 23:57:00,2024-12-12 02:57:00,Night
455,455,2026-03-29 10:55:00,2026-03-29 12:55:00,Day
456,456,2025-01-12 09:13:00,2025-01-12 09:13:00,Day
457,457,2024-12-19 00:34:00,2024-12-19 02:34:00,Night
458,458,2026-01-05 14:07:00,2026-01-05 15:07:00,Day
459,459,2025-12-20 07:50:00,2025-12-20 08:50:00,Day
460,460,2024-12-05 07:42:00,2024-12-05 08:42:00,Day
461,461,2025-06-15 16:32:00,2025-06-15 16:32:00,Day
462,462,2026-06-11 23:36:00,2026-06-11 23:36:00,Night
463,463,2024-04-28 06:10:00,2024-04-28 06:10:00,Day
464,464,2024-08-01 17:00:00,2024-08-01 18:00:00,Day
465,465,2026-04-04 06:45:00,2026-04-04 08:45:00,Day
466,466,2025-05-05 07:35:00,2025-05-05 09:35:00,Day
467,467,2025-05-23 18:58:00,2025-05-23 21:58:00,Day
468,468,2024-04-12 14:25:00,2024-04-12 14:25:00,Day
469,469,2024-03-22 01:52:00,2024-03-22 03:52:00,Night
470,470,2025-11-18 06:38:00,2025-11-18 06:38:00,Day
471,471,2024-09-15 01:01:00,2024-09-15 02:01:00,Night
472,472,2025-12-02 03:52:00,2025-12-02 04:52:00,Night
473,473,2024-04-18 02:26:00,2024-04-18 05:26:00,Night
474,474,2025-06-03 11:28:00,2025-06-03 14:28:00,Day
475,475,2025-04-19 23:48:00,2025-04-20 01:48:00,Night
476,476,2025-12-19 20:18:00,2025-12-19 21:18:00,Night
477,477,2025-07-01 12:34:00,2025-07-01 12:34:00,Day
478,478,2024-01-01 10:11:00,2024-01-01 11:11:00,Day
479,479,2026-02-04 02:49:00,2026-02-04 04:49:00,Night
480,480,2024-11-15 16:24:00,2024-11-15 19:24:00,Day
481,481,2024-09-11 13:45:00,2024-09-11 15:45:00,Day
482,482,2024-06-14 00:52:00,2024-06-14 00:52:00,Night
483,483,2025-02-10 20:21:00,2025-02-10 23:21:00,Night
484,484,2025-01-16 16:52:00,2025-01-16 17:52:00,Day
485,485,2026-01-17 03:58:00,2026-01-17 06:58:00,Night
486,486,2025-10-29 14:21:00,2025-10-29 14:21:00,Day
487,487,2025-01-23 21:10:00,2025-01-24 00:10:00,Night
488,488,2024-03-11 22:55:00,2024-03-12 00:55:00,Night
489,489,2024-05-30 17:29:00,2024-05-30 17:29:00,Day
490,490,2025-08-29 14:10:00,2025-08-29 14:10:00,Day
491,491,2024-04-27 01:58:00,2024-04-27 02:58:00,Night
492,492,2026-05-02 21:50:00,2026-05-02 23:50:00,Night
493,493,2024-04-12 12:39:00,2024-04-12 15:39:00,Day
494,494,2024-07-03 11:29:00,2024-07-03 12:29:00,Day
495,495,2025-04-16 15:29:00,2025-04-16 15:29:00,Day
496,496,2025-01-16 15:53:00,2025-01-16 18:53:00,Day
497,497,2026-06-27 23:56:00,2026-06-28 02:56:00,Night
498,498,2026-05-14 14:56:00,2026-05-14 14:56:00,Day
499,499,2025-07-29 22:20:00,2025-07-29 22:20:00,Night
500,500,2026-03-04 17:42:00,2026-03-04 18:42:00,Day
501,501,2025-07-14 09:11:00,2025-07-14 09:11:00,Day
502,502,2026-02-23 10:06:00,2026-02-23 10:06:00,Day
503,503,2025-03-24 10:50:00,2025-03-24 12:50:00,Day
504,504,2025-12-26 23:37:00,2025-12-27 01:37:00,Night
505,505,2026-06-20 19:39:00,2026-06-20 19:39:00,Night
506,506,2025-05-27 08:44:00,2025-05-27 09:44:00,Day
507,507,2024-10-19 03:29:00,2024-10-19 03:29:00,Night
508,508,2025-03-30 07:50:00,2025-03-30 10:50:00,Day
509,509,2024-01-02 14:07:00,2024-01-02 16:07:00,Day
510,510,2025-12-07 15:10:00,2025-12-07 18:10:00,Day
511,511,2024-01-02 01:11:00,2024-01-02 02:11:00,Night
512,512,2024-08-12 04:08:00,2024-08-12 04:08:00,Night
513,513,2024-08-17 04:49:00,2024-08-17 05:49:00,Night
514,514,2024-02-27 11:25:00,2024-02-27 11:25:00,Day
515,515,2025-10-24 19:24:00,2025-10-24 20:24:00,Night
516,516,2024-09-26 07:12:00,2024-09-26 08:12:00,Day
517,517,2024-07-23 11:15:00,2024-07-23 13:15:00,Day
518,518,2024-04-25 07:00:00,2024-04-25 09:00:00,Day
519,519,2024-04-16 21:57:00,2024-04-16 22:57:00,Night
520,520,2026-06-15 23:52:00,2026-06-15 23:52:00,Night
521,521,2024-11-12 05:20:00,2024-11-12 06:20:00,Night
522,522,2024-05-10 23:23:00,2024-05-11 01:23:00,Night
523,523,2024-04-03 01:35:00,2024-04-03 01:35:00,Night
524,524,2025-06-30 08:49:00,2025-06-30 08:49:00,Day
525,525,2025-02-02 07:53:00,2025-02-02 07:53:00,Day
526,526,2025-11-07 01:32:00,2025-11-07 01:32:00,Night
527,527,2025-08-29 06:37:00,2025-08-29 09:37:00,Day
528,528,2024-03-22 19:49:00,2024-03-22 21:49:00,Night
529,529,2024-12-26 00:49:00,2024-12-26 03:49:00,Night
530,530,2024-02-03 00:26:00,2024-02-03 00:26:00,Night
531,531,2024-06-13 14:26:00,2024-06-13 16:26:00,Day
532,532,2026-02-10 19:15:00,2026-02-10 20:15:00,Night
533,533,2024-05-12 01:44:00,2024-05-12 02:44:00,Night
534,534,2024-05-24 23:55:00,2024-05-25 01:55:00,Night
535,535,2024-02-19 06:18:00,2024-02-19 06:18:00,Day
536,536,2024-06-05 20:05:00,2024-06-05 22:05:00,Night
537,537,2024-06-05 19:50:00,2024-06-05 22:50:00,Night
538,538,2024-02-27 02:57:00,2024-02-27 04:57:00,Night
539,539,2026-01-17 03:53:00,2026-01-17 06:53:00,Night
540,540,2025-12-30 08:58:00,2025-12-30 11:58:00,Day
541,541,2025-12-12 11:11:00,2025-12-12 13:11:00,Day
542,542,2024-07-26 09:18:00,2024-07-26 12:18:00,Day
543,543,2025-04-08 15:30:00,2025-04-08 17:30:00,Day
544,544,2024-08-26 13:15:00,2024-08-26 13:15:00,Day
545,545,2026-04-28 05:50:00,2026-04-28 05:50:00,Night
546,546,2024-09-07 10:33:00,2024-09-07 11:33:00,Day
547,547,2026-06-20 18:49:00,2026-06-20 19:49:00,Day
548,548,2024-07-17 17:25:00,2024-07-17 18:25:00,Day
549,549,2025-11-20 06:13:00,2025-11-20 06:13:00,Day
550,550,2025-06-25 15:20:00,2025-06-25 15:20:00,Day
551,551,2025-10-20 07:34:00,2025-10-20 10:34:00,Day
552,552,2024-12-17 10:14:00,2024-12-17 12:14:00,Day
553,553,2025-02-19 08:04:00,2025-02-19 08:04:00,Day
554,554,2025-04-14 01:25:00,2025-04-14 01:25:00,Night
555,555,2025-11-26 11:46:00,2025-11-26 13:46:00,Day
556,556,2024-02-18 07:17:00,2024-02-18 08:17:00,Day
557,557,2026-05-25 05:07:00,2026-05-25 07:07:00,Night
558,558,2024-10-21 10:46:00,2024-10-21 11:46:00,Day
559,559,2025-02-19 03:32:00,2025-02-19 05:32:00,Night
560,560,2024-07-23 08:18:00,2024-07-23 09:18:00,Day
561,561,2024-10-19 17:27:00,2024-10-19 17:27:00,Day
562,562,2025-08-29 12:37:00,2025-08-29 12:37:00,Day
563,563,2025-11-10 16:18:00,2025-11-10 19:18:00,Day
564,564,2025-06-25 17:12:00,2025-06-25 20:12:00,Day
565,565,2025-09-16 15:53:00,2025-09-16 18:53:00,Day
566,566,2024-01-11 07:54:00,2024-01-11 07:54:00,Day
567,567,2025-12-07 11:32:00,2025-12-07 13:32:00,Day
568,568,2024-12-21 03:06:00,2024-12-21 06:06:00,Night
569,569,2025-09-30 22:29:00,2025-09-30 22:29:00,Night
570,570,2025-04-09 03:33:00,2025-04-09 04:33:00,Night
571,571,2026-05-16 15:07:00,2026-05-16 17:07:00,Day
572,572,2024-01-15 08:06:00,2024-01-15 09:06:00,Day
573,573,2025-12-25 22:31:00,2025-12-25 23:31:00,Night
574,574,2026-05-12 09:50:00,2026-05-12 10:50:00,Day
575,575,2025-02-04 13:46:00,2025-02-04 16:46:00,Day
576,576,2024-04-21 06:34:00,2024-04-21 08:34:00,Day
577,577,2024-05-28 07:48:00,2024-05-28 07:48:00,Day
578,578,2024-04-06 07:59:00,2024-04-06 09:59:00,Day
579,579,2026-03-21 16:43:00,2026-03-21 16:43:00,Day
580,580,2024-10-12 17:17:00,2024-10-12 17:17:00,Day
581,581,2025-01-20 07:50:00,2025-01-20 07:50:00,Day
582,582,2026-05-25 17:27:00,2026-05-25 17:27:00,Day
583,583,2025-01-06 06:20:00,2025-01-06 09:20:00,Day
584,584,2024-01-02 04:57:00,2024-01-02 06:57:00,Night
585,585,2025-08-01 00:18:00,2025-08-01 01:18:00,Night
586,586,2025-11-01 08:34:00,2025-11-01 09:34:00,Day
587,587,2026-01-19 09:31:00,2026-01-19 10:31:00,Day
588,588,2026-06-24 13:54:00,2026-06-24 15:54:00,Day
589,589,2026-05-13 08:38:00,2026-05-13 11:38:00,Day
590,590,2025-05-27 16:51:00,2025-05-27 16:51:00,Day
591,591,2025-03-10 00:52:00,2025-03-10 03:52:00,Night
592,592,2025-08-26 14:48:00,2025-08-26 17:48:00,Day
593,593,2025-04-28 05:35:00,2025-04-28 05:35:00,Night
594,594,2025-11-20 23:45:00,2025-11-21 00:45:00,Night
595,595,2024-09-08 18:54:00,2024-09-08 18:54:00,Day
596,596,2024-10-22 17:54:00,2024-10-22 17:54:00,Day
597,597,2024-04-05 00:20:00,2024-04-05 00:20:00,Night
598,598,2024-06-13 07:46:00,2024-06-13 10:46:00,Day
599,599,2024-11-21 09:14:00,2024-11-21 11:14:00,Day
600,600,2024-03-10 22:13:00,2024-03-10 22:13:00,Night
601,601,2025-12-04 16:53:00,2025-12-04 18:53:00,Day
602,602,2024-09-04 16:16:00,2024-09-04 16:16:00,Day
603,603,2024-04-26 09:17:00,2024-04-26 10:17:00,Day
604,604,2025-04-06 14:56:00,2025-04-06 15:56:00,Day
605,605,2024-09-04 17:00:00,2024-09-04 20:00:00,Day
606,606,2026-01-05 13:28:00,2026-01-05 16:28:00,Day
607,607,2025-09-01 01:10:00,2025-09-01 02:10:00,Night
608,608,2026-05-25 12:37:00,2026-05-25 12:37:00,Day
609,609,2024-11-16 19:38:00,2024-11-16 19:38:00,Night
610,610,2025-05-08 11:14:00,2025-05-08 14:14:00,Day
611,611,2024-12-28 22:14:00,2024-12-29 01:14:00,Night
612,612,2025-12-18 17:50:00,2025-12-18 18:50:00,Day
613,613,2026-04-29 23:34:00,2026-04-30 00:34:00,Night
614,614,2024-07-06 11:46:00,2024-07-06 12:46:00,Day
615,615,2024-05-17 13:25:00,2024-05-17 13:25:00,Day
616,616,2025-03-05 00:59:00,2025-03-05 03:59:00,Night
617,617,2026-03-16 13:07:00,2026-03-16 14:07:00,Day
618,618,2026-04-08 02:30:00,2026-04-08 03:30:00,Night
619,619,2024-06-18 11:55:00,2024-06-18 13:55:00,Day
620,620,2026-05-05 01:37:00,2026-05-05 02:37:00,Night
621,621,2024-05-14 21:56:00,2024-05-14 22:56:00,Night
622,622,2025-12-23 07:28:00,2025-12-23 08:28:00,Day
623,623,2024-07-28 09:43:00,2024-07-28 11:43:00,Day
624,624,2025-04-30 06:51:00,2025-04-30 07:51:00,Day
625,625,2024-11-05 21:40:00,2024-11-06 00:40:00,Night
626,626,2026-01-12 17:07:00,2026-01-12 20:07:00,Day
627,627,2025-04-01 01:13:00,2025-04-01 03:13:00,Night
628,628,2026-01-06 19:56:00,2026-01-06 19:56:00,Night
629,629,2025-06-18 21:52:00,2025-06-18 21:52:00,Night
630,630,2025-09-16 12:41:00,2025-09-16 12:41:00,Day
631,631,2025-05-25 07:33:00,2025-05-25 09:33:00,Day
632,632,2025-01-28 13:25:00,2025-01-28 16:25:00,Day
633,633,2025-09-14 07:06:00,2025-09-14 08:06:00,Day
634,634,2024-05-15 01:37:00,2024-05-15 02:37:00,Night
635,635,2025-10-26 11:25:00,2025-10-26 13:25:00,Day
636,636,2025-11-07 19:20:00,2025-11-07 19:20:00,Night
637,637,2026-04-09 09:54:00,2026-04-09 10:54:00,Day
638,638,2024-04-01 15:44:00,2024-04-01 15:44:00,Day
639,639,2026-04-20 15:00:00,2026-04-20 16:00:00,Day
640,640,2025-09-14 22:21:00,2025-09-15 01:21:00,Night
641,641,2025-07-07 23:52:00,2025-07-08 01:52:00,Night
642,642,2024-01-19 10:14:00,2024-01-19 11:14:00,Day
643,643,2025-02-21 04:55:00,2025-02-21 07:55:00,Night
644,644,2024-02-15 04:46:00,2024-02-15 04:46:00,Night
645,645,2025-02-05 01:03:00,2025-02-05 03:03:00,Night
646,646,2026-06-26 09:48:00,2026-06-26 09:48:00,Day
647,647,2025-01-09 16:23:00,2025-01-09 19:23:00,Day
648,648,2024-04-09 21:51:00,2024-04-09 22:51:00,Night
649,649,2026-05-17 15:51:00,2026-05-17 16:51:00,Day
650,650,2024-09-02 05:52:00,2024-09-02 06:52:00,Night
651,651,2025-05-21 21:04:00,2025-05-21 21:04:00,Night
652,652,2024-07-07 13:40:00,2024-07-07 16:40:00,Day
653,653,2026-03-26 09:08:00,2026-03-26 11:08:00,Day
654,654,2025-10-11 12:56:00,2025-10-11 15:56:00,Day
655,655,2026-04-23 13:49:00,2026-04-23 13:49:00,Day
656,656,2024-05-20 06:52:00,2024-05-20 07:52:00,Day
657,657,2025-02-14 09:29:00,2025-02-14 12:29:00,Day
658,658,2025-03-04 10:22:00,2025-03-04 10:22:00,Day
659,659,2026-05-26 04:18:00,2026-05-26 07:18:00,Night
660,660,2024-01-21 07:26:00,2024-01-21 08:26:00,Day
661,661,2025-09-16 08:33:00,2025-09-16 09:33:00,Day
662,662,2025-06-17 08:39:00,2025-06-17 10:39:00,Day
663,663,2026-03-16 20:33:00,2026-03-16 22:33:00,Night
664,664,2025-11-03 20:58:00,2025-11-03 20:58:00,Night
665,665,2024-02-06 22:52:00,2024-02-07 00:52:00,Night
666,666,2025-04-18 16:04:00,2025-04-18 19:04:00,Day
667,667,2025-10-08 21:38:00,2025-10-09 00:38:00,Night
668,668,2024-08-17 08:57:00,2024-08-17 09:57:00,Day
669,669,2024-12-14 20:02:00,2024-12-14 22:02:00,Night
670,670,2025-02-14 17:28:00,2025-02-14 19:28:00,Day
671,671,2025-03-18 06:08:00,2025-03-18 07:08:00,Day
672,672,2026-04-21 07:14:00,2026-04-21 09:14:00,Day
673,673,2025-03-10 02:28:00,2025-03-10 04:28:00,Night
674,674,2025-11-11 20:15:00,2025-11-11 23:15:00,Night
675,675,2026-03-23 04:08:00,2026-03-23 07:08:00,Night
676,676,2026-03-06 11:04:00,2026-03-06 12:04:00,Day
677,677,2024-01-03 05:47:00,2024-01-03 05:47:00,Night
678,678,2024-06-01 11:05:00,2024-06-01 14:05:00,Day
679,679,2024-08-22 13:30:00,2024-08-22 16:30:00,Day
680,680,2024-01-13 12:02:00,2024-01-13 12:02:00,Day
681,681,2024-05-24 04:08:00,2024-05-24 04:08:00,Night
682,682,2025-01-22 03:50:00,2025-01-22 05:50:00,Night
683,683,2025-10-13 21:30:00,2025-10-14 00:30:00,Night
684,684,2026-03-12 11:14:00,2026-03-12 13:14:00,Day
685,685,2024-11-27 08:13:00,2024-11-27 11:13:00,Day
686,686,2024-01-24 15:51:00,2024-01-24 15:51:00,Day
687,687,2024-07-07 10:41:00,2024-07-07 12:41:00,Day
688,688,2025-11-29 17:14:00,2025-11-29 18:14:00,Day
689,689,2024-10-15 01:52:00,2024-10-15 04:52:00,Night
690,690,2026-05-15 06:16:00,2026-05-15 06:16:00,Day
691,691,2024-11-06 14:42:00,2024-11-06 15:42:00,Day
692,692,2024-11-04 19:07:00,2024-11-04 21:07:00,Night
693,693,2024-06-20 10:11:00,2024-06-20 12:11:00,Day
694,694,2025-04-07 11:42:00,2025-04-07 12:42:00,Day
695,695,2026-05-08 07:00:00,2026-05-08 07:00:00,Day
696,696,2026-06-10 21:10:00,2026-06-10 22:10:00,Night
697,697,2024-11-22 14:59:00,2024-11-22 15:59:00,Day
698,698,2025-11-02 08:18:00,2025-11-02 11:18:00,Day
699,699,2025-09-02 18:00:00,2025-09-02 21:00:00,Day
700,700,2025-02-12 10:09:00,2025-02-12 13:09:00,Day
701,701,2026-01-31 04:57:00,2026-01-31 04:57:00,Night
702,702,2025-11-03 04:39:00,2025-11-03 07:39:00,Night
703,703,2025-07-08 05:57:00,2025-07-08 05:57:00,Night
704,704,2025-10-20 07:13:00,2025-10-20 10:13:00,Day
705,705,2024-05-19 23:14:00,2024-05-19 23:14:00,Night
706,706,2024-05-08 00:50:00,2024-05-08 03:50:00,Night
707,707,2025-08-22 04:04:00,2025-08-22 04:04:00,Night
708,708,2026-05-21 12:24:00,2026-05-21 13:24:00,Day
709,709,2026-06-11 11:04:00,2026-06-11 14:04:00,Day
710,710,2024-01-06 13:37:00,2024-01-06 16:37:00,Day
711,711,2024-01-05 05:09:00,2024-01-05 07:09:00,Night
712,712,2026-03-03 07:12:00,2026-03-03 10:12:00,Day
713,713,2025-02-01 08:49:00,2025-02-01 08:49:00,Day
714,714,2025-08-04 22:53:00,2025-08-04 22:53:00,Night
715,715,2025-02-19 12:57:00,2025-02-19 14:57:00,Day
716,716,2026-06-28 14:50:00,2026-06-28 14:50:00,Day
717,717,2024-12-06 17:13:00,2024-12-06 18:13:00,Day
718,718,2025-09-11 06:00:00,2025-09-11 08:00:00,Day
719,719,2025-07-02 18:59:00,2025-07-02 20:59:00,Day
720,720,2024-05-24 06:18:00,2024-05-24 09:18:00,Day
721,721,2025-06-20 07:12:00,2025-06-20 10:12:00,Day
722,722,2025-05-19 20:37:00,2025-05-19 21:37:00,Night
723,723,2024-10-17 18:25:00,2024-10-17 18:25:00,Day
724,724,2024-01-22 17:25:00,2024-01-22 18:25:00,Day
725,725,2025-08-26 01:33:00,2025-08-26 03:33:00,Night
726,726,2024-09-05 13:25:00,2024-09-05 16:25:00,Day
727,727,2025-05-24 06:38:00,2025-05-24 08:38:00,Day
728,728,2025-07-11 16:57:00,2025-07-11 19:57:00,Day
729,729,2025-09-15 00:29:00,2025-09-15 02:29:00,Night
730,730,2026-06-07 12:22:00,2026-06-07 14:22:00,Day
731,731,2026-01-18 04:21:00,2026-01-18 05:21:00,Night
732,732,2024-05-19 08:50:00,2024-05-19 10:50:00,Day
733,733,2025-01-24 20:27:00,2025-01-24 23:27:00,Night
734,734,2025-01-08 16:30:00,2025-01-08 18:30:00,Day
735,735,2024-06-25 19:48:00,2024-06-25 19:48:00,Night
736,736,2024-05-22 14:38:00,2024-05-22 15:38:00,Day
737,737,2024-07-16 17:45:00,2024-07-16 18:45:00,Day
738,738,2025-04-30 05:34:00,2025-04-30 08:34:00,Night
739,739,2024-06-12 00:37:00,2024-06-12 03:37:00,Night
740,740,2026-02-17 06:17:00,2026-02-17 08:17:00,Day
741,741,2024-04-22 22:21:00,2024-04-22 22:21:00,Night
742,742,2024-04-24 13:09:00,2024-04-24 16:09:00,Day
743,743,2026-05-20 19:47:00,2026-05-20 20:47:00,Night
744,744,2024-01-09 19:49:00,2024-01-09 22:49:00,Night
745,745,2024-09-06 07:17:00,2024-09-06 07:17:00,Day
746,746,2024-07-07 01:02:00,2024-07-07 03:02:00,Night
747,747,2025-03-06 19:30:00,2025-03-06 22:30:00,Night
748,748,2025-07-11 16:30:00,2025-07-11 19:30:00,Day
749,749,2024-07-09 09:32:00,2024-07-09 12:32:00,Day
750,750,2026-02-03 04:49:00,2026-02-03 05:49:00,Night
751,751,2024-04-26 14:44:00,2024-04-26 15:44:00,Day
752,752,2025-05-19 06:40:00,2025-05-19 07:40:00,Day
753,753,2026-05-23 22:45:00,2026-05-23 23:45:00,Night
754,754,2026-02-06 09:23:00,2026-02-06 10:23:00,Day
755,755,2025-12-13 17:25:00,2025-12-13 18:25:00,Day
756,756,2025-10-13 06:21:00,2025-10-13 07:21:00,Day
757,757,2026-06-19 23:14:00,2026-06-20 01:14:00,Night
758,758,2024-12-25 22:57:00,2024-12-26 00:57:00,Night
759,759,2026-04-24 05:24:00,2026-04-24 06:24:00,Night
760,760,2025-08-05 08:05:00,2025-08-05 08:05:00,Day
761,761,2026-01-25 16:24:00,2026-01-25 17:24:00,Day
762,762,2024-10-17 10:13:00,2024-10-17 11:13:00,Day
763,763,2026-06-12 13:37:00,2026-06-12 15:37:00,Day
764,764,2024-07-28 09:44:00,2024-07-28 10:44:00,Day
765,765,2024-11-27 22:31:00,2024-11-28 01:31:00,Night
766,766,2024-12-24 16:24:00,2024-12-24 18:24:00,Day
767,767,2025-05-03 22:53:00,2025-05-04 01:53:00,Night
768,768,2024-10-19 16:45:00,2024-10-19 16:45:00,Day
769,769,2025-10-29 06:03:00,2025-10-29 08:03:00,Day
770,770,2025-10-08 21:58:00,2025-10-08 21:58:00,Night
771,771,2026-01-17 09:30:00,2026-01-17 10:30:00,Day
772,772,2025-05-23 13:58:00,2025-05-23 13:58:00,Day
773,773,2024-01-03 06:20:00,2024-01-03 09:20:00,Day
774,774,2024-12-29 16:23:00,2024-12-29 16:23:00,Day
775,775,2024-11-14 17:48:00,2024-11-14 18:48:00,Day
776,776,2024-10-29 02:05:00,2024-10-29 02:05:00,Night
777,777,2024-08-31 23:51:00,2024-08-31 23:51:00,Night
778,778,2025-07-02 04:26:00,2025-07-02 04:26:00,Night
779,779,2024-05-12 04:35:00,2024-05-12 05:35:00,Night
780,780,2025-10-08 16:25:00,2025-10-08 18:25:00,Day
781,781,2025-06-11 17:31:00,2025-06-11 18:31:00,Day
782,782,2024-07-31 10:07:00,2024-07-31 10:07:00,Day
783,783,2026-01-16 07:08:00,2026-01-16 08:08:00,Day
784,784,2024-08-02 01:27:00,2024-08-02 02:27:00,Night
785,785,2024-12-18 21:50:00,2024-12-18 22:50:00,Night
786,786,2026-03-17 10:04:00,2026-03-17 11:04:00,Day
787,787,2024-11-08 21:38:00,2024-11-08 23:38:00,Night
788,788,2025-03-02 00:22:00,2025-03-02 02:22:00,Night
789,789,2026-01-09 20:53:00,2026-01-09 21:53:00,Night
790,790,2025-09-13 16:04:00,2025-09-13 17:04:00,Day
791,791,2024-11-06 23:39:00,2024-11-06 23:39:00,Night
792,792,2025-04-10 07:49:00,2025-04-10 10:49:00,Day
793,793,2025-07-19 00:53:00,2025-07-19 02:53:00,Night
794,794,2026-04-06 18:28:00,2026-04-06 19:28:00,Day
795,795,2024-03-20 14:22:00,2024-03-20 17:22:00,Day
796,796,2025-03-31 12:43:00,2025-03-31 13:43:00,Day
797,797,2025-09-21 07:27:00,2025-09-21 07:27:00,Day
798,798,2025-12-25 02:09:00,2025-12-25 05:09:00,Night
799,799,2025-01-16 22:13:00,2025-01-17 00:13:00,Night
800,800,2024-09-23 12:42:00,2024-09-23 15:42:00,Day
801,801,2026-03-05 14:24:00,2026-03-05 17:24:00,Day
802,802,2025-02-14 01:20:00,2025-02-14 04:20:00,Night
803,803,2024-10-10 05:07:00,2024-10-10 05:07:00,Night
804,804,2024-07-15 21:53:00,2024-07-15 22:53:00,Night
805,805,2025-06-09 20:37:00,2025-06-09 20:37:00,Night
806,806,2026-02-18 20:40:00,2026-02-18 20:40:00,Night
807,807,2026-02-05 23:46:00,2026-02-06 00:46:00,Night
808,808,2024-04-17 03:03:00,2024-04-17 04:03:00,Night
809,809,2026-06-05 20:45:00,2026-06-05 21:45:00,Night
810,810,2024-05-06 04:35:00,2024-05-06 05:35:00,Night
811,811,2024-07-14 10:28:00,2024-07-14 12:28:00,Day
812,812,2024-11-27 07:28:00,2024-11-27 08:28:00,Day
813,813,2024-06-12 16:31:00,2024-06-12 18:31:00,Day
814,814,2024-01-22 04:43:00,2024-01-22 06:43:00,Night
815,815,2026-01-22 17:59:00,2026-01-22 17:59:00,Day
816,816,2025-05-27 22:06:00,2025-05-27 23:06:00,Night
817,817,2025-08-12 20:54:00,2025-08-12 23:54:00,Night
818,818,2025-09-07 02:33:00,2025-09-07 03:33:00,Night
819,819,2025-05-02 03:21:00,2025-05-02 03:21:00,Night
820,820,2024-08-21 15:26:00,2024-08-21 16:26:00,Day
821,821,2024-11-14 02:16:00,2024-11-14 04:16:00,Night
822,822,2025-04-21 23:49:00,2025-04-22 02:49:00,Night
823,823,2025-03-29 11:51:00,2025-03-29 13:51:00,Day
824,824,2024-12-14 07:40:00,2024-12-14 09:40:00,Day
825,825,2024-04-08 00:31:00,2024-04-08 03:31:00,Night
826,826,2026-02-28 16:04:00,2026-02-28 19:04:00,Day
827,827,2024-01-18 13:07:00,2024-01-18 13:07:00,Day
828,828,2024-01-25 16:02:00,2024-01-25 16:02:00,Day
829,829,2025-09-02 01:22:00,2025-09-02 04:22:00,Night
830,830,2025-06-12 07:46:00,2025-06-12 10:46:00,Day
831,831,2024-04-13 02:27:00,2024-04-13 05:27:00,Night
832,832,2025-11-24 06:06:00,2025-11-24 08:06:00,Day
833,833,2025-02-05 06:00:00,2025-02-05 09:00:00,Day
834,834,2025-04-08 10:40:00,2025-04-08 12:40:00,Day
835,835,2025-05-14 16:35:00,2025-05-14 18:35:00,Day
836,836,2025-01-10 01:14:00,2025-01-10 04:14:00,Night
837,837,2025-07-27 17:42:00,2025-07-27 17:42:00,Day
838,838,2025-08-09 23:17:00,2025-08-10 02:17:00,Night
839,839,2024-08-07 14:16:00,2024-08-07 17:16:00,Day
840,840,2024-09-04 02:43:00,2024-09-04 02:43:00,Night
841,841,2025-02-19 03:01:00,2025-02-19 03:01:00,Night
842,842,2024-10-20 09:05:00,2024-10-20 10:05:00,Day
843,843,2025-01-28 20:25:00,2025-01-28 23:25:00,Night
844,844,2025-11-10 02:16:00,2025-11-10 03:16:00,Night
845,845,2024-08-01 18:34:00,2024-08-01 19:34:00,Day
846,846,2024-01-08 01:42:00,2024-01-08 01:42:00,Night
847,847,2024-05-07 15:43:00,2024-05-07 16:43:00,Day
848,848,2024-06-08 06:26:00,2024-06-08 08:26:00,Day
849,849,2024-06-28 12:56:00,2024-06-28 14:56:00,Day
850,850,2025-03-12 08:01:00,2025-03-12 11:01:00,Day
851,851,2026-06-26 23:25:00,2026-06-27 00:25:00,Night
852,852,2025-04-11 00:13:00,2025-04-11 01:13:00,Night
853,853,2025-06-07 14:14:00,2025-06-07 16:14:00,Day
854,854,2024-09-16 21:04:00,2024-09-16 21:04:00,Night
855,855,2024-09-03 10:02:00,2024-09-03 11:02:00,Day
856,856,2025-02-02 03:27:00,2025-02-02 05:27:00,Night
857,857,2024-12-03 05:45:00,2024-12-03 08:45:00,Night
858,858,2024-04-28 10:49:00,2024-04-28 10:49:00,Day
859,859,2024-02-16 10:47:00,2024-02-16 12:47:00,Day
860,860,2024-02-09 03:56:00,2024-02-09 03:56:00,Night
861,861,2024-08-04 16:43:00,2024-08-04 19:43:00,Day
862,862,2024-10-10 03:54:00,2024-10-10 03:54:00,Night
863,863,2025-04-06 16:48:00,2025-04-06 17:48:00,Day
864,864,2024-08-11 12:37:00,2024-08-11 13:37:00,Day
865,865,2024-07-11 04:08:00,2024-07-11 05:08:00,Night
866,866,2025-11-09 19:05:00,2025-11-09 19:05:00,Night
867,867,2024-02-22 04:26:00,2024-02-22 04:26:00,Night
868,868,2025-01-18 10:43:00,2025-01-18 11:43:00,Day
869,869,2025-08-14 12:50:00,2025-08-14 13:50:00,Day
870,870,2026-01-22 17:34:00,2026-01-22 20:34:00,Day
871,871,2026-04-18 22:52:00,2026-04-19 00:52:00,Night
872,872,2025-02-12 16:03:00,2025-02-12 16:03:00,Day
873,873,2024-11-08 15:55:00,2024-11-08 17:55:00,Day
874,874,2024-01-02 22:32:00,2024-01-03 00:32:00,Night
875,875,2025-11-16 01:20:00,2025-11-16 03:20:00,Night
876,876,2025-01-08 19:50:00,2025-01-08 21:50:00,Night
877,877,2025-03-27 09:02:00,2025-03-27 09:02:00,Day
878,878,2025-06-05 02:17:00,2025-06-05 04:17:00,Night
879,879,2026-03-30 22:55:00,2026-03-30 23:55:00,Night
880,880,2024-12-08 10:18:00,2024-12-08 12:18:00,Day
881,881,2024-12-10 17:03:00,2024-12-10 19:03:00,Day
882,882,2025-12-13 14:21:00,2025-12-13 16:21:00,Day
883,883,2025-12-19 07:55:00,2025-12-19 09:55:00,Day
884,884,2024-07-11 02:51:00,2024-07-11 05:51:00,Night
885,885,2025-06-19 00:10:00,2025-06-19 02:10:00,Night
886,886,2026-04-14 19:34:00,2026-04-14 22:34:00,Night
887,887,2025-04-04 17:14:00,2025-04-04 18:14:00,Day
888,888,2025-12-23 18:30:00,2025-12-23 20:30:00,Day
889,889,2024-04-16 03:26:00,2024-04-16 03:26:00,Night
890,890,2024-12-26 17:29:00,2024-12-26 20:29:00,Day
891,891,2024-01-30 22:07:00,2024-01-30 22:07:00,Night
892,892,2026-02-24 14:04:00,2026-02-24 14:04:00,Day
893,893,2025-07-26 07:39:00,2025-07-26 07:39:00,Day
894,894,2025-04-19 06:01:00,2025-04-19 06:01:00,Day
895,895,2025-05-04 18:20:00,2025-05-04 20:20:00,Day
896,896,2025-07-13 13:05:00,2025-07-13 13:05:00,Day
897,897,2024-07-15 10:25:00,2024-07-15 10:25:00,Day
898,898,2026-02-20 07:17:00,2026-02-20 09:17:00,Day
899,899,2025-10-19 16:46:00,2025-10-19 18:46:00,Day
900,900,2025-08-16 15:55:00,2025-08-16 18:55:00,Day
901,901,2025-12-03 11:35:00,2025-12-03 12:35:00,Day
902,902,2024-02-03 08:44:00,2024-02-03 09:44:00,Day
903,903,2024-04-15 03:47:00,2024-04-15 06:47:00,Night
904,904,2025-01-23 11:58:00,2025-01-23 13:58:00,Day
905,905,2024-06-04 15:49:00,2024-06-04 16:49:00,Day
906,906,2024-07-12 13:51:00,2024-07-12 13:51:00,Day
907,907,2025-09-19 23:24:00,2025-09-19 23:24:00,Night
908,908,2026-01-19 16:38:00,2026-01-19 19:38:00,Day
909,909,2025-10-17 06:30:00,2025-10-17 08:30:00,Day
910,910,2024-11-03 12:16:00,2024-11-03 14:16:00,Day
911,911,2024-06-09 02:48:00,2024-06-09 05:48:00,Night
912,912,2024-07-12 21:47:00,2024-07-12 21:47:00,Night
913,913,2025-11-20 08:51:00,2025-11-20 10:51:00,Day
914,914,2024-02-29 06:08:00,2024-02-29 08:08:00,Day
915,915,2024-05-05 04:21:00,2024-05-05 05:21:00,Night
916,916,2025-11-21 05:11:00,2025-11-21 05:11:00,Night
917,917,2025-04-20 07:28:00,2025-04-20 09:28:00,Day
918,918,2024-09-26 23:08:00,2024-09-27 00:08:00,Night
919,919,2025-10-23 14:14:00,2025-10-23 14:14:00,Day
920,920,2024-09-04 21:28:00,2024-09-04 23:28:00,Night
921,921,2024-07-27 12:42:00,2024-07-27 13:42:00,Day
922,922,2024-11-12 09:59:00,2024-11-12 10:59:00,Day
923,923,2024-09-18 15:50:00,2024-09-18 18:50:00,Day
924,924,2025-05-30 01:25:00,2025-05-30 02:25:00,Night
925,925,2025-04-07 02:00:00,2025-04-07 05:00:00,Night
926,926,2025-12-16 10:22:00,2025-12-16 12:22:00,Day
927,927,2024-04-18 00:04:00,2024-04-18 00:04:00,Night
928,928,2025-07-03 00:41:00,2025-07-03 01:41:00,Night
929,929,2025-05-04 21:04:00,2025-05-04 22:04:00,Night
930,930,2024-04-30 17:27:00,2024-04-30 20:27:00,Day
931,931,2026-05-30 17:03:00,2026-05-30 17:03:00,Day
932,932,2024-10-06 13:36:00,2024-10-06 15:36:00,Day
933,933,2026-05-30 20:28:00,2026-05-30 20:28:00,Night
934,934,2024-05-12 19:51:00,2024-05-12 21:51:00,Night
935,935,2024-03-29 22:09:00,2024-03-30 00:09:00,Night
936,936,2025-01-15 13:01:00,2025-01-15 14:01:00,Day
937,937,2025-12-06 09:02:00,2025-12-06 09:02:00,Day
938,938,2025-01-05 16:30:00,2025-01-05 18:30:00,Day
939,939,2024-08-23 17:47:00,2024-08-23 20:47:00,Day
940,940,2025-01-15 22:08:00,2025-01-15 22:08:00,Night
941,941,2024-08-20 07:52:00,2024-08-20 09:52:00,Day
942,942,2025-05-26 19:16:00,2025-05-26 21:16:00,Night
943,943,2024-08-14 12:24:00,2024-08-14 13:24:00,Day
944,944,2025-10-21 18:53:00,2025-10-21 20:53:00,Day
945,945,2025-07-24 21:05:00,2025-07-24 23:05:00,Night
946,946,2025-05-15 12:29:00,2025-05-15 12:29:00,Day
947,947,2024-04-27 11:55:00,2024-04-27 14:55:00,Day
948,948,2025-11-08 00:24:00,2025-11-08 03:24:00,Night
949,949,2025-04-23 00:07:00,2025-04-23 03:07:00,Night
950,950,2024-06-21 12:12:00,2024-06-21 14:12:00,Day
951,951,2025-09-06 20:00:00,2025-09-06 20:00:00,Night
952,952,2025-12-14 08:51:00,2025-12-14 10:51:00,Day
953,953,2025-12-09 12:55:00,2025-12-09 14:55:00,Day
954,954,2025-08-02 20:30:00,2025-08-02 21:30:00,Night
955,955,2024-06-12 19:11:00,2024-06-12 19:11:00,Night
956,956,2026-06-26 00:52:00,2026-06-26 01:52:00,Night
957,957,2026-06-06 14:35:00,2026-06-06 16:35:00,Day
958,958,2026-05-15 22:52:00,2026-05-15 23:52:00,Night
959,959,2024-06-16 00:07:00,2024-06-16 00:07:00,Night
960,960,2025-09-06 14:56:00,2025-09-06 15:56:00,Day
961,961,2024-09-06 01:59:00,2024-09-06 03:59:00,Night
962,962,2024-12-20 11:38:00,2024-12-20 13:38:00,Day
963,963,2024-05-31 09:47:00,2024-05-31 11:47:00,Day
964,964,2024-01-31 05:49:00,2024-01-31 05:49:00,Night
965,965,2026-06-28 11:59:00,2026-06-28 11:59:00,Day
966,966,2026-02-23 05:05:00,2026-02-23 07:05:00,Night
967,967,2024-06-14 12:18:00,2024-06-14 15:18:00,Day
968,968,2024-11-02 16:44:00,2024-11-02 17:44:00,Day
969,969,2025-11-10 02:19:00,2025-11-10 03:19:00,Night
970,970,2024-05-04 21:34:00,2024-05-05 00:34:00,Night
971,971,2025-08-21 12:43:00,2025-08-21 14:43:00,Day
972,972,2025-04-23 01:23:00,2025-04-23 04:23:00,Night
973,973,2024-08-17 10:56:00,2024-08-17 11:56:00,Day
974,974,2026-01-24 15:02:00,2026-01-24 15:02:00,Day
975,975,2026-01-19 23:46:00,2026-01-20 00:46:00,Night
976,976,2024-06-28 07:12:00,2024-06-28 08:12:00,Day
977,977,2025-03-12 18:00:00,2025-03-12 20:00:00,Day
978,978,2024-08-20 01:09:00,2024-08-20 01:09:00,Night
979,979,2025-03-02 06:48:00,2025-03-02 08:48:00,Day
980,980,2025-07-19 21:53:00,2025-07-19 21:53:00,Night
981,981,2024-09-10 22:41:00,2024-09-10 23:41:00,Night
982,982,2024-04-23 18:42:00,2024-04-23 18:42:00,Day
983,983,2025-05-26 22:25:00,2025-05-26 23:25:00,Night
984,984,2025-02-03 22:51:00,2025-02-03 23:51:00,Night
985,985,2025-05-16 23:31:00,2025-05-16 23:31:00,Night
986,986,2025-08-22 18:12:00,2025-08-22 21:12:00,Day
987,987,2024-10-24 23:23:00,2024-10-25 01:23:00,Night
988,988,2024-08-04 09:41:00,2024-08-04 09:41:00,Day
989,989,2025-02-20 17:24:00,2025-02-20 17:24:00,Day
990,990,2024-01-02 03:54:00,2024-01-02 06:54:00,Night
991,991,2026-06-10 13:18:00,2026-06-10 15:18:00,Day
992,992,2025-01-27 01:58:00,2025-01-27 01:58:00,Night
993,993,2025-10-10 03:31:00,2025-10-10 06:31:00,Night
994,994,2025-12-21 10:11:00,2025-12-21 10:11:00,Day
995,995,2024-06-06 00:57:00,2024-06-06 03:57:00,Night
996,996,2024-11-16 06:50:00,2024-11-16 07:50:00,Day
997,997,2024-09-04 17:27:00,2024-09-04 20:27:00,Day
998,998,2024-01-20 22:43:00,2024-01-20 23:43:00,Night
999,999,2026-03-06 14:35:00,2026-03-06 15:35:00,Day
1000,1000,2024-01-08 15:54:00,2024-01-08 17:54:00,Day
1001,1001,2026-01-27 11:17:00,2026-01-27 14:17:00,Day
1002,1002,2025-02-15 11:46:00,2025-02-15 14:46:00,Day
1003,1003,2026-01-29 21:54:00,2026-01-29 21:54:00,Night
1004,1004,2024-08-28 17:06:00,2024-08-28 19:06:00,Day
1005,1005,2026-06-01 00:13:00,2026-06-01 03:13:00,Night
1006,1006,2025-01-10 10:47:00,2025-01-10 10:47:00,Day
1007,1007,2025-09-13 17:05:00,2025-09-13 19:05:00,Day
1008,1008,2024-09-10 20:40:00,2024-09-10 22:40:00,Night
1009,1009,2024-01-09 04:03:00,2024-01-09 06:03:00,Night
1010,1010,2026-02-19 01:47:00,2026-02-19 04:47:00,Night
1011,1011,2025-12-13 08:36:00,2025-12-13 10:36:00,Day
1012,1012,2024-04-13 14:28:00,2024-04-13 14:28:00,Day
1013,1013,2025-04-19 11:38:00,2025-04-19 14:38:00,Day
1014,1014,2025-08-29 00:40:00,2025-08-29 02:40:00,Night
1015,1015,2024-10-03 23:09:00,2024-10-03 23:09:00,Night
1016,1016,2025-06-14 00:21:00,2025-06-14 02:21:00,Night
1017,1017,2025-03-21 00:24:00,2025-03-21 01:24:00,Night
1018,1018,2024-02-14 02:48:00,2024-02-14 05:48:00,Night
1019,1019,2025-12-03 07:27:00,2025-12-03 07:27:00,Day
1020,1020,2025-09-06 06:25:00,2025-09-06 09:25:00,Day
1021,1021,2026-01-05 19:10:00,2026-01-05 20:10:00,Night
1022,1022,2024-02-12 00:08:00,2024-02-12 03:08:00,Night
1023,1023,2024-02-22 15:39:00,2024-02-22 15:39:00,Day
1024,1024,2024-03-28 05:48:00,2024-03-28 08:48:00,Night
1025,1025,2024-08-14 00:03:00,2024-08-14 02:03:00,Night
1026,1026,2024-10-21 22:08:00,2024-10-21 23:08:00,Night
1027,1027,2025-10-23 13:29:00,2025-10-23 13:29:00,Day
1028,1028,2024-10-26 01:30:00,2024-10-26 01:30:00,Night
1029,1029,2024-01-28 17:49:00,2024-01-28 17:49:00,Day
1030,1030,2025-08-25 16:20:00,2025-08-25 18:20:00,Day
1031,1031,2025-05-30 22:29:00,2025-05-30 22:29:00,Night
1032,1032,2025-12-03 18:11:00,2025-12-03 18:11:00,Day
1033,1033,2025-03-03 17:37:00,2025-03-03 20:37:00,Day
1034,1034,2025-08-23 13:19:00,2025-08-23 15:19:00,Day
1035,1035,2024-11-08 13:55:00,2024-11-08 13:55:00,Day
1036,1036,2025-05-25 10:23:00,2025-05-25 13:23:00,Day
1037,1037,2025-12-28 23:34:00,2025-12-29 02:34:00,Night
1038,1038,2025-08-27 14:12:00,2025-08-27 15:12:00,Day
1039,1039,2025-03-11 13:13:00,2025-03-11 13:13:00,Day
1040,1040,2024-07-13 11:03:00,2024-07-13 11:03:00,Day
1041,1041,2024-03-07 14:08:00,2024-03-07 16:08:00,Day
1042,1042,2026-06-24 08:53:00,2026-06-24 09:53:00,Day
1043,1043,2025-04-18 21:58:00,2025-04-18 21:58:00,Night
1044,1044,2025-04-19 20:09:00,2025-04-19 21:09:00,Night
1045,1045,2026-06-24 10:18:00,2026-06-24 11:18:00,Day
1046,1046,2026-04-17 16:23:00,2026-04-17 17:23:00,Day
1047,1047,2024-12-27 15:58:00,2024-12-27 17:58:00,Day
1048,1048,2025-01-05 20:48:00,2025-01-05 23:48:00,Night
1049,1049,2025-02-05 12:38:00,2025-02-05 12:38:00,Day
1050,1050,2024-09-07 20:19:00,2024-09-07 22:19:00,Night
1051,1051,2026-02-14 23:47:00,2026-02-15 02:47:00,Night
1052,1052,2025-02-08 18:47:00,2025-02-08 19:47:00,Day
1053,1053,2024-03-15 06:15:00,2024-03-15 09:15:00,Day
1054,1054,2024-01-08 22:00:00,2024-01-09 01:00:00,Night
1055,1055,2024-05-24 17:11:00,2024-05-24 18:11:00,Day
1056,1056,2025-11-30 23:48:00,2025-12-01 01:48:00,Night
1057,1057,2026-01-24 04:38:00,2026-01-24 04:38:00,Night
1058,1058,2025-11-11 10:01:00,2025-11-11 12:01:00,Day
1059,1059,2025-05-24 05:28:00,2025-05-24 06:28:00,Night
1060,1060,2024-03-08 21:30:00,2024-03-09 00:30:00,Night
1061,1061,2024-09-09 17:42:00,2024-09-09 19:42:00,Day
1062,1062,2024-09-14 22:22:00,2024-09-14 23:22:00,Night
1063,1063,2025-12-18 15:57:00,2025-12-18 18:57:00,Day
1064,1064,2025-07-20 23:35:00,2025-07-21 00:35:00,Night
1065,1065,2026-06-13 13:13:00,2026-06-13 15:13:00,Day
1066,1066,2026-01-05 09:11:00,2026-01-05 10:11:00,Day
1067,1067,2026-06-22 15:23:00,2026-06-22 17:23:00,Day
1068,1068,2024-11-03 07:47:00,2024-11-03 07:47:00,Day
1069,1069,2025-03-24 02:22:00,2025-03-24 05:22:00,Night
1070,1070,2025-06-01 08:10:00,2025-06-01 09:10:00,Day
1071,1071,2024-06-23 18:14:00,2024-06-23 20:14:00,Day
1072,1072,2024-12-30 17:40:00,2024-12-30 17:40:00,Day
1073,1073,2025-08-19 09:03:00,2025-08-19 12:03:00,Day
1074,1074,2025-03-05 14:50:00,2025-03-05 16:50:00,Day
1075,1075,2024-01-01 01:35:00,2024-01-01 02:35:00,Night
1076,1076,2025-06-07 11:09:00,2025-06-07 12:09:00,Day
1077,1077,2024-10-25 09:05:00,2024-10-25 09:05:00,Day
1078,1078,2024-12-04 19:56:00,2024-12-04 22:56:00,Night
1079,1079,2025-11-01 16:20:00,2025-11-01 16:20:00,Day
1080,1080,2024-09-12 01:11:00,2024-09-12 02:11:00,Night
1081,1081,2026-02-06 22:44:00,2026-02-07 00:44:00,Night
1082,1082,2026-02-21 01:07:00,2026-02-21 02:07:00,Night
1083,1083,2025-11-20 07:06:00,2025-11-20 10:06:00,Day
1084,1084,2025-12-10 10:23:00,2025-12-10 10:23:00,Day
1085,1085,2024-09-24 11:59:00,2024-09-24 13:59:00,Day
1086,1086,2025-12-26 06:24:00,2025-12-26 09:24:00,Day
1087,1087,2025-03-06 04:11:00,2025-03-06 06:11:00,Night
1088,1088,2026-06-04 22:24:00,2026-06-05 00:24:00,Night
1089,1089,2025-03-10 12:25:00,2025-03-10 13:25:00,Day
1090,1090,2026-01-27 10:08:00,2026-01-27 12:08:00,Day
1091,1091,2026-03-25 17:38:00,2026-03-25 19:38:00,Day
1092,1092,2025-11-03 08:45:00,2025-11-03 11:45:00,Day
1093,1093,2026-02-01 14:32:00,2026-02-01 17:32:00,Day
1094,1094,2025-07-17 17:06:00,2025-07-17 19:06:00,Day
1095,1095,2026-04-04 09:53:00,2026-04-04 11:53:00,Day
1096,1096,2024-08-05 03:08:00,2024-08-05 05:08:00,Night
1097,1097,2025-06-15 16:20:00,2025-06-15 18:20:00,Day
1098,1098,2025-11-07 17:40:00,2025-11-07 19:40:00,Day
1099,1099,2025-02-02 13:02:00,2025-02-02 14:02:00,Day
1100,1100,2025-06-06 05:56:00,2025-06-06 08:56:00,Night
1101,1101,2024-02-04 11:32:00,2024-02-04 14:32:00,Day
1102,1102,2025-12-12 23:19:00,2025-12-12 23:19:00,Night
1103,1103,2025-11-07 13:48:00,2025-11-07 16:48:00,Day
1104,1104,2024-10-12 10:28:00,2024-10-12 12:28:00,Day
1105,1105,2025-10-29 08:30:00,2025-10-29 09:30:00,Day
1106,1106,2024-03-28 08:49:00,2024-03-28 11:49:00,Day
1107,1107,2024-06-25 17:26:00,2024-06-25 17:26:00,Day
1108,1108,2024-09-06 00:54:00,2024-09-06 00:54:00,Night
1109,1109,2025-02-01 13:15:00,2025-02-01 16:15:00,Day
1110,1110,2026-01-27 21:50:00,2026-01-27 21:50:00,Night
1111,1111,2024-06-05 06:49:00,2024-06-05 08:49:00,Day
1112,1112,2026-03-05 03:31:00,2026-03-05 04:31:00,Night
1113,1113,2024-05-03 05:26:00,2024-05-03 07:26:00,Night
1114,1114,2024-02-18 21:53:00,2024-02-18 22:53:00,Night
1115,1115,2026-05-06 10:07:00,2026-05-06 10:07:00,Day
1116,1116,2024-10-27 08:38:00,2024-10-27 08:38:00,Day
1117,1117,2025-02-15 00:08:00,2025-02-15 00:08:00,Night
1118,1118,2025-09-16 16:14:00,2025-09-16 18:14:00,Day
1119,1119,2024-07-25 21:55:00,2024-07-26 00:55:00,Night
1120,1120,2024-02-22 16:55:00,2024-02-22 19:55:00,Day
1121,1121,2024-02-02 08:34:00,2024-02-02 08:34:00,Day
1122,1122,2026-06-15 11:12:00,2026-06-15 11:12:00,Day
1123,1123,2026-01-14 13:19:00,2026-01-14 15:19:00,Day
1124,1124,2025-02-21 20:52:00,2025-02-21 21:52:00,Night
1125,1125,2024-10-23 07:44:00,2024-10-23 09:44:00,Day
1126,1126,2025-12-14 14:10:00,2025-12-14 14:10:00,Day
1127,1127,2025-06-08 05:41:00,2025-06-08 07:41:00,Night
1128,1128,2024-06-09 20:41:00,2024-06-09 20:41:00,Night
1129,1129,2025-03-27 00:47:00,2025-03-27 01:47:00,Night
1130,1130,2024-03-05 11:05:00,2024-03-05 13:05:00,Day
1131,1131,2024-10-10 21:24:00,2024-10-10 21:24:00,Night
1132,1132,2024-04-22 15:48:00,2024-04-22 15:48:00,Day
1133,1133,2025-10-18 16:46:00,2025-10-18 16:46:00,Day
1134,1134,2025-04-13 08:39:00,2025-04-13 11:39:00,Day
1135,1135,2026-05-19 01:19:00,2026-05-19 02:19:00,Night
1136,1136,2026-04-14 11:31:00,2026-04-14 14:31:00,Day
1137,1137,2025-12-05 05:08:00,2025-12-05 08:08:00,Night
1138,1138,2024-09-30 14:14:00,2024-09-30 17:14:00,Day
1139,1139,2025-12-30 03:05:00,2025-12-30 06:05:00,Night
1140,1140,2024-05-17 08:08:00,2024-05-17 10:08:00,Day
1141,1141,2025-07-09 16:55:00,2025-07-09 19:55:00,Day
1142,1142,2025-08-29 09:26:00,2025-08-29 11:26:00,Day
1143,1143,2024-03-30 19:17:00,2024-03-30 22:17:00,Night
1144,1144,2025-11-14 13:38:00,2025-11-14 16:38:00,Day
1145,1145,2025-03-09 11:45:00,2025-03-09 12:45:00,Day
1146,1146,2026-03-29 10:34:00,2026-03-29 11:34:00,Day
1147,1147,2024-06-04 23:05:00,2024-06-05 01:05:00,Night
1148,1148,2024-06-29 16:44:00,2024-06-29 19:44:00,Day
1149,1149,2026-06-29 12:13:00,2026-06-29 15:13:00,Day
1150,1150,2025-10-05 05:48:00,2025-10-05 05:48:00,Night
1151,1151,2024-05-11 12:32:00,2024-05-11 12:32:00,Day
1152,1152,2026-06-23 04:44:00,2026-06-23 06:44:00,Night
1153,1153,2024-02-04 14:43:00,2024-02-04 14:43:00,Day
1154,1154,2025-06-28 23:35:00,2025-06-29 02:35:00,Night
1155,1155,2024-10-24 06:35:00,2024-10-24 07:35:00,Day
1156,1156,2025-08-08 17:48:00,2025-08-08 20:48:00,Day
1157,1157,2024-09-16 08:16:00,2024-09-16 09:16:00,Day
1158,1158,2025-08-29 21:34:00,2025-08-29 21:34:00,Night
1159,1159,2024-05-08 21:47:00,2024-05-08 23:47:00,Night
1160,1160,2025-07-27 15:48:00,2025-07-27 16:48:00,Day
1161,1161,2025-03-30 22:08:00,2025-03-30 23:08:00,Night
1162,1162,2024-11-23 06:37:00,2024-11-23 08:37:00,Day
1163,1163,2025-04-04 05:04:00,2025-04-04 06:04:00,Night
1164,1164,2025-08-02 01:53:00,2025-08-02 04:53:00,Night
1165,1165,2024-10-24 03:51:00,2024-10-24 03:51:00,Night
1166,1166,2024-03-28 11:03:00,2024-03-28 13:03:00,Day
1167,1167,2025-07-19 09:02:00,2025-07-19 12:02:00,Day
1168,1168,2024-11-29 16:58:00,2024-11-29 17:58:00,Day
1169,1169,2024-11-04 00:43:00,2024-11-04 03:43:00,Night
1170,1170,2024-09-24 13:24:00,2024-09-24 14:24:00,Day
1171,1171,2024-05-02 14:57:00,2024-05-02 16:57:00,Day
1172,1172,2024-09-20 02:42:00,2024-09-20 03:42:00,Night
1173,1173,2025-03-23 08:54:00,2025-03-23 09:54:00,Day
1174,1174,2026-06-10 20:23:00,2026-06-10 20:23:00,Night
1175,1175,2024-04-17 23:50:00,2024-04-18 02:50:00,Night
1176,1176,2026-06-06 23:48:00,2026-06-07 00:48:00,Night
1177,1177,2024-08-14 06:12:00,2024-08-14 06:12:00,Day
1178,1178,2024-01-13 16:26:00,2024-01-13 19:26:00,Day
1179,1179,2024-02-03 02:20:00,2024-02-03 05:20:00,Night
1180,1180,2024-07-19 01:33:00,2024-07-19 04:33:00,Night
1181,1181,2025-06-29 03:56:00,2025-06-29 05:56:00,Night
1182,1182,2025-02-13 13:38:00,2025-02-13 13:38:00,Day
1183,1183,2025-08-24 22:32:00,2025-08-24 22:32:00,Night
1184,1184,2026-05-07 07:14:00,2026-05-07 10:14:00,Day
1185,1185,2025-04-28 13:15:00,2025-04-28 16:15:00,Day
1186,1186,2025-05-25 10:12:00,2025-05-25 10:12:00,Day
1187,1187,2024-08-10 02:58:00,2024-08-10 02:58:00,Night
1188,1188,2024-04-16 06:41:00,2024-04-16 07:41:00,Day
1189,1189,2026-05-26 04:49:00,2026-05-26 04:49:00,Night
1190,1190,2026-03-26 02:27:00,2026-03-26 05:27:00,Night
1191,1191,2024-01-10 13:02:00,2024-01-10 13:02:00,Day
1192,1192,2024-01-15 08:06:00,2024-01-15 11:06:00,Day
1193,1193,2024-02-19 08:00:00,2024-02-19 10:00:00,Day
1194,1194,2025-02-11 16:03:00,2025-02-11 19:03:00,Day
1195,1195,2025-05-12 15:08:00,2025-05-12 16:08:00,Day
1196,1196,2026-01-09 04:00:00,2026-01-09 06:00:00,Night
1197,1197,2025-02-08 09:42:00,2025-02-08 10:42:00,Day
1198,1198,2024-07-01 08:25:00,2024-07-01 11:25:00,Day
1199,1199,2025-06-15 06:30:00,2025-06-15 06:30:00,Day
1200,1200,2025-07-10 03:06:00,2025-07-10 06:06:00,Night
1201,1201,2024-11-25 01:51:00,2024-11-25 03:51:00,Night
1202,1202,2026-02-22 07:05:00,2026-02-22 07:05:00,Day
1203,1203,2026-06-19 01:57:00,2026-06-19 03:57:00,Night
1204,1204,2026-04-06 14:39:00,2026-04-06 16:39:00,Day
1205,1205,2026-03-09 02:52:00,2026-03-09 04:52:00,Night
1206,1206,2026-06-13 01:22:00,2026-06-13 01:22:00,Night
1207,1207,2026-04-09 14:22:00,2026-04-09 15:22:00,Day
1208,1208,2024-11-11 07:06:00,2024-11-11 07:06:00,Day
1209,1209,2024-09-17 09:17:00,2024-09-17 09:17:00,Day
1210,1210,2025-01-28 10:54:00,2025-01-28 11:54:00,Day
1211,1211,2024-04-24 18:06:00,2024-04-24 18:06:00,Day
1212,1212,2024-04-25 14:27:00,2024-04-25 17:27:00,Day
1213,1213,2024-05-18 11:47:00,2024-05-18 12:47:00,Day
1214,1214,2025-08-01 10:13:00,2025-08-01 12:13:00,Day
1215,1215,2025-10-18 19:52:00,2025-10-18 21:52:00,Night
1216,1216,2024-12-17 19:11:00,2024-12-17 19:11:00,Night
1217,1217,2024-04-10 17:00:00,2024-04-10 18:00:00,Day
1218,1218,2025-03-18 21:27:00,2025-03-18 23:27:00,Night
1219,1219,2025-04-09 18:13:00,2025-04-09 19:13:00,Day
1220,1220,2025-05-06 08:31:00,2025-05-06 09:31:00,Day
1221,1221,2025-04-16 03:36:00,2025-04-16 05:36:00,Night
1222,1222,2024-02-28 22:02:00,2024-02-28 23:02:00,Night
1223,1223,2025-02-27 05:04:00,2025-02-27 05:04:00,Night
1224,1224,2024-11-06 10:03:00,2024-11-06 11:03:00,Day
1225,1225,2026-06-04 08:48:00,2026-06-04 08:48:00,Day
1226,1226,2026-05-20 10:56:00,2026-05-20 10:56:00,Day
1227,1227,2024-04-29 09:09:00,2024-04-29 11:09:00,Day
1228,1228,2024-11-26 01:01:00,2024-11-26 03:01:00,Night
1229,1229,2025-09-10 23:10:00,2025-09-11 02:10:00,Night
1230,1230,2025-08-30 18:51:00,2025-08-30 18:51:00,Day
1231,1231,2026-01-05 07:29:00,2026-01-05 10:29:00,Day
1232,1232,2025-01-03 01:51:00,2025-01-03 02:51:00,Night
1233,1233,2025-03-16 01:14:00,2025-03-16 03:14:00,Night
1234,1234,2025-08-13 00:10:00,2025-08-13 02:10:00,Night
1235,1235,2025-05-28 10:50:00,2025-05-28 11:50:00,Day
1236,1236,2026-02-05 02:52:00,2026-02-05 03:52:00,Night
1237,1237,2025-01-19 01:23:00,2025-01-19 03:23:00,Night
1238,1238,2025-01-16 13:35:00,2025-01-16 14:35:00,Day
1239,1239,2026-02-25 04:20:00,2026-02-25 07:20:00,Night
1240,1240,2025-05-12 06:33:00,2025-05-12 09:33:00,Day
1241,1241,2024-01-12 00:24:00,2024-01-12 00:24:00,Night
1242,1242,2025-06-27 06:16:00,2025-06-27 07:16:00,Day
1243,1243,2024-10-31 01:20:00,2024-10-31 02:20:00,Night
1244,1244,2024-08-28 20:46:00,2024-08-28 21:46:00,Night
1245,1245,2026-01-02 12:16:00,2026-01-02 14:16:00,Day
1246,1246,2025-04-19 05:08:00,2025-04-19 06:08:00,Night
1247,1247,2026-01-27 13:11:00,2026-01-27 16:11:00,Day
1248,1248,2026-04-21 13:26:00,2026-04-21 15:26:00,Day
1249,1249,2026-06-01 20:44:00,2026-06-01 23:44:00,Night
1250,1250,2025-10-16 04:22:00,2025-10-16 05:22:00,Night
1251,1251,2026-01-08 15:21:00,2026-01-08 16:21:00,Day
1252,1252,2025-11-26 14:33:00,2025-11-26 16:33:00,Day
1253,1253,2025-09-20 16:10:00,2025-09-20 16:10:00,Day
1254,1254,2026-02-28 07:18:00,2026-02-28 09:18:00,Day
1255,1255,2024-07-05 12:19:00,2024-07-05 15:19:00,Day
1256,1256,2024-07-02 08:45:00,2024-07-02 09:45:00,Day
1257,1257,2025-01-05 08:17:00,2025-01-05 10:17:00,Day
1258,1258,2024-03-13 21:13:00,2024-03-13 21:13:00,Night
1259,1259,2024-08-20 16:57:00,2024-08-20 19:57:00,Day
1260,1260,2024-06-16 21:16:00,2024-06-16 23:16:00,Night
1261,1261,2026-02-24 15:28:00,2026-02-24 16:28:00,Day
1262,1262,2024-10-11 23:23:00,2024-10-12 01:23:00,Night
1263,1263,2025-05-06 09:05:00,2025-05-06 10:05:00,Day
1264,1264,2024-07-27 09:10:00,2024-07-27 12:10:00,Day
1265,1265,2025-04-16 21:53:00,2025-04-16 21:53:00,Night
1266,1266,2025-05-31 04:16:00,2025-05-31 05:16:00,Night
1267,1267,2026-01-14 21:05:00,2026-01-14 21:05:00,Night
1268,1268,2025-01-08 03:32:00,2025-01-08 05:32:00,Night
1269,1269,2026-03-19 17:38:00,2026-03-19 20:38:00,Day
1270,1270,2024-09-18 19:41:00,2024-09-18 19:41:00,Night
1271,1271,2025-01-06 02:38:00,2025-01-06 04:38:00,Night
1272,1272,2025-05-03 12:38:00,2025-05-03 14:38:00,Day
1273,1273,2024-09-14 22:09:00,2024-09-14 22:09:00,Night
1274,1274,2025-01-09 23:22:00,2025-01-10 00:22:00,Night
1275,1275,2024-03-27 11:12:00,2024-03-27 14:12:00,Day
1276,1276,2026-03-28 05:45:00,2026-03-28 07:45:00,Night
1277,1277,2025-04-03 02:35:00,2025-04-03 03:35:00,Night
1278,1278,2025-10-11 00:23:00,2025-10-11 00:23:00,Night
1279,1279,2024-01-31 16:41:00,2024-01-31 19:41:00,Day
1280,1280,2026-01-03 08:11:00,2026-01-03 08:11:00,Day
1281,1281,2025-06-24 03:28:00,2025-06-24 04:28:00,Night
1282,1282,2024-08-18 03:59:00,2024-08-18 06:59:00,Night
1283,1283,2025-05-17 05:02:00,2025-05-17 06:02:00,Night
1284,1284,2025-01-21 03:31:00,2025-01-21 04:31:00,Night
1285,1285,2025-11-07 16:23:00,2025-11-07 19:23:00,Day
1286,1286,2026-01-03 21:46:00,2026-01-03 21:46:00,Night
1287,1287,2025-02-03 14:30:00,2025-02-03 17:30:00,Day
1288,1288,2024-10-18 15:24:00,2024-10-18 16:24:00,Day
1289,1289,2024-11-18 13:58:00,2024-11-18 15:58:00,Day
1290,1290,2024-03-01 13:00:00,2024-03-01 13:00:00,Day
1291,1291,2025-09-20 06:13:00,2025-09-20 08:13:00,Day
1292,1292,2025-10-26 09:15:00,2025-10-26 09:15:00,Day
1293,1293,2026-02-19 03:55:00,2026-02-19 04:55:00,Night
1294,1294,2026-01-22 00:21:00,2026-01-22 00:21:00,Night
1295,1295,2024-07-03 23:26:00,2024-07-04 02:26:00,Night
1296,1296,2025-10-18 20:47:00,2025-10-18 21:47:00,Night
1297,1297,2025-02-27 03:04:00,2025-02-27 05:04:00,Night
1298,1298,2025-08-29 05:25:00,2025-08-29 05:25:00,Night
1299,1299,2024-09-25 22:24:00,2024-09-25 23:24:00,Night
1300,1300,2024-09-18 18:11:00,2024-09-18 18:11:00,Day
1301,1301,2024-02-22 20:15:00,2024-02-22 22:15:00,Night
1302,1302,2025-09-08 20:34:00,2025-09-08 23:34:00,Night
1303,1303,2025-05-25 17:01:00,2025-05-25 17:01:00,Day
1304,1304,2024-08-14 04:51:00,2024-08-14 06:51:00,Night
1305,1305,2026-03-10 02:57:00,2026-03-10 03:57:00,Night
1306,1306,2024-01-05 05:22:00,2024-01-05 05:22:00,Night
1307,1307,2025-10-02 05:27:00,2025-10-02 06:27:00,Night
1308,1308,2025-01-17 14:23:00,2025-01-17 17:23:00,Day
1309,1309,2025-03-27 12:25:00,2025-03-27 15:25:00,Day
1310,1310,2025-07-13 05:52:00,2025-07-13 05:52:00,Night
1311,1311,2025-07-31 07:55:00,2025-07-31 08:55:00,Day
1312,1312,2025-04-02 16:12:00,2025-04-02 18:12:00,Day
1313,1313,2025-08-19 03:51:00,2025-08-19 06:51:00,Night
1314,1314,2025-08-01 02:19:00,2025-08-01 03:19:00,Night
1315,1315,2025-07-16 15:17:00,2025-07-16 15:17:00,Day
1316,1316,2024-01-31 03:12:00,2024-01-31 06:12:00,Night
1317,1317,2026-02-01 13:08:00,2026-02-01 16:08:00,Day
1318,1318,2024-01-10 00:50:00,2024-01-10 00:50:00,Night
1319,1319,2025-12-12 04:29:00,2025-12-12 04:29:00,Night
1320,1320,2025-10-13 20:56:00,2025-10-13 23:56:00,Night
1321,1321,2026-06-12 19:52:00,2026-06-12 22:52:00,Night
1322,1322,2025-04-19 21:17:00,2025-04-19 23:17:00,Night
1323,1323,2024-12-02 07:50:00,2024-12-02 07:50:00,Day
1324,1324,2026-02-02 19:10:00,2026-02-02 22:10:00,Night
1325,1325,2025-06-04 11:48:00,2025-06-04 14:48:00,Day
1326,1326,2024-06-09 14:06:00,2024-06-09 16:06:00,Day
1327,1327,2025-10-06 08:52:00,2025-10-06 08:52:00,Day
1328,1328,2025-05-10 02:01:00,2025-05-10 03:01:00,Night
1329,1329,2024-03-12 23:24:00,2024-03-13 00:24:00,Night
1330,1330,2025-04-10 20:15:00,2025-04-10 22:15:00,Night
1331,1331,2025-08-29 00:56:00,2025-08-29 01:56:00,Night
1332,1332,2024-01-27 14:54:00,2024-01-27 14:54:00,Day
1333,1333,2025-07-11 01:50:00,2025-07-11 03:50:00,Night
1334,1334,2024-04-18 00:36:00,2024-04-18 03:36:00,Night
1335,1335,2024-07-15 20:29:00,2024-07-15 23:29:00,Night
1336,1336,2024-12-25 20:49:00,2024-12-25 20:49:00,Night
1337,1337,2024-02-24 21:53:00,2024-02-24 23:53:00,Night
1338,1338,2025-12-21 13:29:00,2025-12-21 16:29:00,Day
1339,1339,2024-09-28 16:50:00,2024-09-28 19:50:00,Day
1340,1340,2025-06-12 10:48:00,2025-06-12 12:48:00,Day
1341,1341,2024-11-01 03:14:00,2024-11-01 05:14:00,Night
1342,1342,2025-10-22 18:41:00,2025-10-22 20:41:00,Day
1343,1343,2024-10-15 08:31:00,2024-10-15 11:31:00,Day
1344,1344,2024-11-23 13:11:00,2024-11-23 13:11:00,Day
1345,1345,2026-05-29 17:04:00,2026-05-29 19:04:00,Day
1346,1346,2025-07-04 07:19:00,2025-07-04 09:19:00,Day
1347,1347,2025-01-09 06:01:00,2025-01-09 06:01:00,Day
1348,1348,2026-03-12 16:19:00,2026-03-12 16:19:00,Day
1349,1349,2024-12-18 22:48:00,2024-12-18 23:48:00,Night
1350,1350,2024-11-11 22:17:00,2024-11-11 23:17:00,Night
1351,1351,2025-10-04 21:05:00,2025-10-04 22:05:00,Night
1352,1352,2026-06-16 17:23:00,2026-06-16 17:23:00,Day
1353,1353,2024-10-21 14:00:00,2024-10-21 14:00:00,Day
1354,1354,2025-09-22 21:39:00,2025-09-22 21:39:00,Night
1355,1355,2025-08-19 06:45:00,2025-08-19 08:45:00,Day
1356,1356,2024-03-04 04:58:00,2024-03-04 04:58:00,Night
1357,1357,2026-01-24 07:48:00,2026-01-24 10:48:00,Day
1358,1358,2024-07-29 03:29:00,2024-07-29 06:29:00,Night
1359,1359,2025-11-25 20:46:00,2025-11-25 22:46:00,Night
1360,1360,2024-01-05 08:23:00,2024-01-05 10:23:00,Day
1361,1361,2025-06-26 12:37:00,2025-06-26 15:37:00,Day
1362,1362,2025-09-01 19:40:00,2025-09-01 20:40:00,Night
1363,1363,2025-08-28 02:48:00,2025-08-28 02:48:00,Night
1364,1364,2024-08-24 22:08:00,2024-08-24 22:08:00,Night
1365,1365,2025-02-21 23:31:00,2025-02-21 23:31:00,Night
1366,1366,2024-03-11 15:47:00,2024-03-11 17:47:00,Day
1367,1367,2025-05-27 10:11:00,2025-05-27 12:11:00,Day
1368,1368,2025-08-12 22:14:00,2025-08-13 00:14:00,Night
1369,1369,2024-12-14 17:30:00,2024-12-14 20:30:00,Day
1370,1370,2025-11-11 04:29:00,2025-11-11 06:29:00,Night
1371,1371,2024-02-20 23:20:00,2024-02-21 00:20:00,Night
1372,1372,2026-03-24 03:02:00,2026-03-24 05:02:00,Night
1373,1373,2024-10-15 05:32:00,2024-10-15 07:32:00,Night
1374,1374,2025-11-04 23:03:00,2025-11-04 23:03:00,Night
1375,1375,2025-03-01 00:49:00,2025-03-01 02:49:00,Night
1376,1376,2026-06-04 23:30:00,2026-06-05 01:30:00,Night
1377,1377,2024-11-25 23:02:00,2024-11-26 00:02:00,Night
1378,1378,2025-12-25 03:50:00,2025-12-25 05:50:00,Night
1379,1379,2025-12-16 14:09:00,2025-12-16 15:09:00,Day
1380,1380,2025-11-18 07:50:00,2025-11-18 08:50:00,Day
1381,1381,2025-05-10 06:48:00,2025-05-10 06:48:00,Day
1382,1382,2026-04-29 01:22:00,2026-04-29 01:22:00,Night
1383,1383,2024-09-26 19:00:00,2024-09-26 20:00:00,Night
1384,1384,2024-02-06 06:37:00,2024-02-06 08:37:00,Day
1385,1385,2024-09-12 20:09:00,2024-09-12 23:09:00,Night
1386,1386,2024-08-16 18:18:00,2024-08-16 18:18:00,Day
1387,1387,2025-01-27 17:32:00,2025-01-27 18:32:00,Day
1388,1388,2024-12-03 14:21:00,2024-12-03 15:21:00,Day
1389,1389,2025-09-15 13:02:00,2025-09-15 14:02:00,Day
1390,1390,2026-02-03 08:24:00,2026-02-03 09:24:00,Day
1391,1391,2025-12-13 15:33:00,2025-12-13 17:33:00,Day
1392,1392,2025-06-22 04:02:00,2025-06-22 06:02:00,Night
1393,1393,2024-07-04 08:30:00,2024-07-04 09:30:00,Day
1394,1394,2025-05-19 21:16:00,2025-05-20 00:16:00,Night
1395,1395,2026-02-19 03:18:00,2026-02-19 04:18:00,Night
1396,1396,2024-12-03 07:25:00,2024-12-03 08:25:00,Day
1397,1397,2025-04-06 02:54:00,2025-04-06 02:54:00,Night
1398,1398,2025-03-25 14:06:00,2025-03-25 17:06:00,Day
1399,1399,2026-06-06 22:07:00,2026-06-06 23:07:00,Night
1400,1400,2025-11-12 18:22:00,2025-11-12 19:22:00,Day
1401,1401,2026-04-26 18:21:00,2026-04-26 18:21:00,Day
1402,1402,2024-04-12 05:21:00,2024-04-12 07:21:00,Night
1403,1403,2026-03-15 12:55:00,2026-03-15 12:55:00,Day
1404,1404,2026-02-13 02:05:00,2026-02-13 03:05:00,Night
1405,1405,2024-11-01 15:27:00,2024-11-01 15:27:00,Day
1406,1406,2025-09-26 20:47:00,2025-09-26 20:47:00,Night
1407,1407,2025-08-06 00:56:00,2025-08-06 01:56:00,Night
1408,1408,2024-08-13 05:50:00,2024-08-13 07:50:00,Night
1409,1409,2025-01-13 06:36:00,2025-01-13 08:36:00,Day
1410,1410,2025-05-10 16:50:00,2025-05-10 18:50:00,Day
1411,1411,2024-01-15 10:03:00,2024-01-15 11:03:00,Day
1412,1412,2024-05-29 10:53:00,2024-05-29 11:53:00,Day
1413,1413,2026-04-12 02:08:00,2026-04-12 02:08:00,Night
1414,1414,2024-04-11 09:15:00,2024-04-11 11:15:00,Day
1415,1415,2024-02-21 11:37:00,2024-02-21 13:37:00,Day
1416,1416,2025-10-20 21:10:00,2025-10-20 23:10:00,Night
1417,1417,2024-08-12 00:00:00,2024-08-12 02:00:00,Night
1418,1418,2025-11-18 18:27:00,2025-11-18 21:27:00,Day
1419,1419,2025-11-04 11:40:00,2025-11-04 12:40:00,Day
1420,1420,2026-04-06 22:37:00,2026-04-07 00:37:00,Night
1421,1421,2025-10-24 17:31:00,2025-10-24 17:31:00,Day
1422,1422,2025-07-05 12:50:00,2025-07-05 15:50:00,Day
1423,1423,2026-04-29 16:06:00,2026-04-29 19:06:00,Day
1424,1424,2024-04-16 04:30:00,2024-04-16 06:30:00,Night
1425,1425,2024-01-25 05:08:00,2024-01-25 07:08:00,Night
1426,1426,2025-02-03 23:53:00,2025-02-04 01:53:00,Night
1427,1427,2026-03-24 21:10:00,2026-03-25 00:10:00,Night
1428,1428,2025-05-22 01:57:00,2025-05-22 02:57:00,Night
1429,1429,2024-06-25 21:59:00,2024-06-26 00:59:00,Night
1430,1430,2024-11-28 20:19:00,2024-11-28 23:19:00,Night
1431,1431,2025-09-24 21:26:00,2025-09-24 23:26:00,Night
1432,1432,2024-03-19 15:32:00,2024-03-19 16:32:00,Day
1433,1433,2026-06-02 07:27:00,2026-06-02 08:27:00,Day
1434,1434,2025-12-09 13:42:00,2025-12-09 16:42:00,Day
1435,1435,2026-01-29 04:39:00,2026-01-29 04:39:00,Night
1436,1436,2026-03-07 09:21:00,2026-03-07 10:21:00,Day
1437,1437,2024-03-28 22:42:00,2024-03-28 22:42:00,Night
1438,1438,2025-04-09 04:12:00,2025-04-09 04:12:00,Night
1439,1439,2024-07-21 12:17:00,2024-07-21 12:17:00,Day
1440,1440,2024-05-14 20:06:00,2024-05-14 20:06:00,Night
1441,1441,2026-01-23 10:05:00,2026-01-23 11:05:00,Day
1442,1442,2025-05-11 13:34:00,2025-05-11 15:34:00,Day
1443,1443,2024-04-12 06:13:00,2024-04-12 07:13:00,Day
1444,1444,2024-09-02 02:11:00,2024-09-02 03:11:00,Night
1445,1445,2024-09-09 03:28:00,2024-09-09 04:28:00,Night
1446,1446,2024-12-30 21:48:00,2024-12-30 22:48:00,Night
1447,1447,2025-06-08 12:45:00,2025-06-08 15:45:00,Day
1448,1448,2025-11-12 18:33:00,2025-11-12 21:33:00,Day
1449,1449,2025-04-18 12:09:00,2025-04-18 13:09:00,Day
1450,1450,2025-12-21 20:22:00,2025-12-21 20:22:00,Night
1451,1451,2024-07-02 18:44:00,2024-07-02 19:44:00,Day
1452,1452,2026-03-06 20:35:00,2026-03-06 20:35:00,Night
1453,1453,2024-10-18 22:43:00,2024-10-18 22:43:00,Night
1454,1454,2026-06-27 12:36:00,2026-06-27 13:36:00,Day
1455,1455,2025-09-29 04:03:00,2025-09-29 07:03:00,Night
1456,1456,2026-04-19 06:48:00,2026-04-19 08:48:00,Day
1457,1457,2024-01-15 06:43:00,2024-01-15 06:43:00,Day
1458,1458,2026-04-17 14:20:00,2026-04-17 14:20:00,Day
1459,1459,2026-05-23 06:13:00,2026-05-23 06:13:00,Day
1460,1460,2026-02-27 16:22:00,2026-02-27 16:22:00,Day
1461,1461,2025-03-10 08:24:00,2025-03-10 09:24:00,Day
1462,1462,2024-07-03 10:11:00,2024-07-03 13:11:00,Day
1463,1463,2026-01-17 17:20:00,2026-01-17 18:20:00,Day
1464,1464,2024-08-02 13:54:00,2024-08-02 16:54:00,Day
1465,1465,2026-04-13 02:56:00,2026-04-13 04:56:00,Night
1466,1466,2024-06-24 17:16:00,2024-06-24 18:16:00,Day
1467,1467,2024-01-20 00:10:00,2024-01-20 02:10:00,Night
1468,1468,2025-07-28 16:05:00,2025-07-28 19:05:00,Day
1469,1469,2024-07-15 21:11:00,2024-07-15 21:11:00,Night
1470,1470,2024-05-16 08:48:00,2024-05-16 09:48:00,Day
1471,1471,2024-06-16 05:03:00,2024-06-16 05:03:00,Night
1472,1472,2024-04-29 22:15:00,2024-04-30 00:15:00,Night
1473,1473,2025-05-16 08:50:00,2025-05-16 10:50:00,Day
1474,1474,2025-11-13 12:19:00,2025-11-13 15:19:00,Day
1475,1475,2024-09-14 04:10:00,2024-09-14 05:10:00,Night
1476,1476,2025-09-02 19:35:00,2025-09-02 21:35:00,Night
1477,1477,2025-12-28 21:05:00,2025-12-28 22:05:00,Night
1478,1478,2026-03-04 06:52:00,2026-03-04 09:52:00,Day
1479,1479,2025-09-26 17:37:00,2025-09-26 17:37:00,Day
1480,1480,2026-06-19 17:03:00,2026-06-19 19:03:00,Day
1481,1481,2026-02-01 22:34:00,2026-02-01 23:34:00,Night
1482,1482,2024-02-07 12:50:00,2024-02-07 14:50:00,Day
1483,1483,2024-06-11 06:28:00,2024-06-11 08:28:00,Day
1484,1484,2024-02-23 12:17:00,2024-02-23 15:17:00,Day
1485,1485,2026-05-10 20:29:00,2026-05-10 21:29:00,Night
1486,1486,2026-01-18 09:13:00,2026-01-18 12:13:00,Day
1487,1487,2024-03-13 20:45:00,2024-03-13 23:45:00,Night
1488,1488,2025-12-01 20:01:00,2025-12-01 20:01:00,Night
1489,1489,2024-04-13 16:16:00,2024-04-13 17:16:00,Day
1490,1490,2024-05-15 11:40:00,2024-05-15 14:40:00,Day
1491,1491,2024-05-04 02:48:00,2024-05-04 02:48:00,Night
1492,1492,2026-03-02 04:58:00,2026-03-02 06:58:00,Night
1493,1493,2025-09-24 10:00:00,2025-09-24 12:00:00,Day
1494,1494,2024-01-15 07:06:00,2024-01-15 07:06:00,Day
1495,1495,2025-10-28 09:54:00,2025-10-28 11:54:00,Day
1496,1496,2025-05-29 23:37:00,2025-05-30 01:37:00,Night
1497,1497,2024-08-27 12:26:00,2024-08-27 14:26:00,Day
1498,1498,2026-04-08 20:29:00,2026-04-08 20:29:00,Night
1499,1499,2024-02-09 18:49:00,2024-02-09 18:49:00,Day
1500,1500,2024-05-29 14:41:00,2024-05-29 14:41:00,Day
1501,1501,2025-08-29 07:01:00,2025-08-29 08:01:00,Day
1502,1502,2025-08-26 15:51:00,2025-08-26 17:51:00,Day
1503,1503,2024-08-01 18:47:00,2024-08-01 19:47:00,Day
1504,1504,2025-02-13 22:13:00,2025-02-13 23:13:00,Night
1505,1505,2024-11-14 07:35:00,2024-11-14 09:35:00,Day
1506,1506,2025-10-21 19:39:00,2025-10-21 19:39:00,Night
1507,1507,2024-07-29 03:49:00,2024-07-29 03:49:00,Night
1508,1508,2024-04-05 06:44:00,2024-04-05 06:44:00,Day
1509,1509,2026-06-07 03:32:00,2026-06-07 06:32:00,Night
1510,1510,2025-12-29 04:27:00,2025-12-29 06:27:00,Night
1511,1511,2025-01-31 20:13:00,2025-01-31 20:13:00,Night
1512,1512,2025-12-30 14:43:00,2025-12-30 14:43:00,Day
1513,1513,2025-08-06 07:07:00,2025-08-06 07:07:00,Day
1514,1514,2025-07-01 22:12:00,2025-07-02 01:12:00,Night
1515,1515,2024-04-18 04:57:00,2024-04-18 07:57:00,Night
1516,1516,2026-05-05 22:59:00,2026-05-06 01:59:00,Night
1517,1517,2026-05-17 03:02:00,2026-05-17 04:02:00,Night
1518,1518,2025-02-08 09:57:00,2025-02-08 11:57:00,Day
1519,1519,2024-05-16 15:42:00,2024-05-16 15:42:00,Day
1520,1520,2025-09-06 11:30:00,2025-09-06 13:30:00,Day
1521,1521,2026-01-08 07:54:00,2026-01-08 09:54:00,Day
1522,1522,2026-01-10 07:13:00,2026-01-10 07:13:00,Day
1523,1523,2024-03-23 22:21:00,2024-03-24 00:21:00,Night
1524,1524,2025-03-10 10:59:00,2025-03-10 11:59:00,Day
1525,1525,2026-03-04 05:47:00,2026-03-04 07:47:00,Night
1526,1526,2024-06-19 12:35:00,2024-06-19 14:35:00,Day
1527,1527,2024-04-24 07:08:00,2024-04-24 07:08:00,Day
1528,1528,2026-04-04 21:32:00,2026-04-05 00:32:00,Night
1529,1529,2024-12-19 16:07:00,2024-12-19 19:07:00,Day
1530,1530,2024-02-28 17:25:00,2024-02-28 18:25:00,Day
1531,1531,2024-02-13 21:27:00,2024-02-14 00:27:00,Night
1532,1532,2025-04-28 05:16:00,2025-04-28 07:16:00,Night
1533,1533,2025-01-18 08:14:00,2025-01-18 09:14:00,Day
1534,1534,2025-04-16 11:47:00,2025-04-16 11:47:00,Day
1535,1535,2026-06-04 04:55:00,2026-06-04 04:55:00,Night
1536,1536,2025-12-26 02:00:00,2025-12-26 05:00:00,Night
1537,1537,2024-05-18 16:36:00,2024-05-18 17:36:00,Day
1538,1538,2024-10-05 00:38:00,2024-10-05 03:38:00,Night
1539,1539,2025-10-03 12:55:00,2025-10-03 14:55:00,Day
1540,1540,2024-06-04 18:53:00,2024-06-04 21:53:00,Day
1541,1541,2025-05-11 14:12:00,2025-05-11 14:12:00,Day
1542,1542,2025-02-27 17:02:00,2025-02-27 17:02:00,Day
1543,1543,2026-03-29 09:56:00,2026-03-29 11:56:00,Day
1544,1544,2025-09-25 19:02:00,2025-09-25 19:02:00,Night
1545,1545,2024-03-25 20:12:00,2024-03-25 21:12:00,Night
1546,1546,2025-11-08 06:07:00,2025-11-08 09:07:00,Day
1547,1547,2024-11-16 02:37:00,2024-11-16 02:37:00,Night
1548,1548,2026-05-13 05:01:00,2026-05-13 08:01:00,Night
1549,1549,2025-05-08 20:06:00,2025-05-08 23:06:00,Night
1550,1550,2025-06-26 04:54:00,2025-06-26 05:54:00,Night
1551,1551,2024-09-01 22:08:00,2024-09-02 00:08:00,Night
1552,1552,2024-02-23 11:55:00,2024-02-23 11:55:00,Day
1553,1553,2025-03-05 09:45:00,2025-03-05 10:45:00,Day
1554,1554,2024-06-29 19:17:00,2024-06-29 21:17:00,Night
1555,1555,2024-12-30 06:41:00,2024-12-30 07:41:00,Day
1556,1556,2026-02-12 10:11:00,2026-02-12 11:11:00,Day
1557,1557,2026-03-31 06:52:00,2026-03-31 07:52:00,Day
1558,1558,2024-12-10 20:02:00,2024-12-10 21:02:00,Night
1559,1559,2024-03-29 01:56:00,2024-03-29 04:56:00,Night
1560,1560,2025-03-19 16:38:00,2025-03-19 18:38:00,Day
1561,1561,2025-05-21 10:33:00,2025-05-21 13:33:00,Day
1562,1562,2025-12-18 19:16:00,2025-12-18 19:16:00,Night
1563,1563,2024-07-11 03:16:00,2024-07-11 03:16:00,Night
1564,1564,2025-11-21 08:30:00,2025-11-21 10:30:00,Day
1565,1565,2024-10-16 22:40:00,2024-10-16 23:40:00,Night
1566,1566,2025-09-14 14:37:00,2025-09-14 14:37:00,Day
1567,1567,2024-07-03 11:12:00,2024-07-03 14:12:00,Day
1568,1568,2024-05-24 13:41:00,2024-05-24 13:41:00,Day
1569,1569,2024-08-05 04:56:00,2024-08-05 07:56:00,Night
1570,1570,2024-11-27 08:02:00,2024-11-27 10:02:00,Day
1571,1571,2024-07-10 12:16:00,2024-07-10 15:16:00,Day
1572,1572,2024-05-03 19:36:00,2024-05-03 19:36:00,Night
1573,1573,2025-11-19 11:39:00,2025-11-19 14:39:00,Day
1574,1574,2024-02-06 14:09:00,2024-02-06 14:09:00,Day
1575,1575,2024-05-13 18:49:00,2024-05-13 18:49:00,Day
1576,1576,2026-02-16 00:33:00,2026-02-16 01:33:00,Night
1577,1577,2025-10-27 08:48:00,2025-10-27 11:48:00,Day
1578,1578,2024-06-11 05:26:00,2024-06-11 07:26:00,Night
1579,1579,2026-03-22 03:49:00,2026-03-22 03:49:00,Night
1580,1580,2025-07-04 03:54:00,2025-07-04 05:54:00,Night
1581,1581,2024-07-08 16:10:00,2024-07-08 18:10:00,Day
1582,1582,2024-04-03 18:28:00,2024-04-03 18:28:00,Day
1583,1583,2026-05-03 02:32:00,2026-05-03 05:32:00,Night
1584,1584,2024-03-10 19:01:00,2024-03-10 21:01:00,Night
1585,1585,2025-02-03 13:29:00,2025-02-03 14:29:00,Day
1586,1586,2025-12-29 22:58:00,2025-12-29 23:58:00,Night
1587,1587,2025-08-19 17:36:00,2025-08-19 19:36:00,Day
1588,1588,2025-09-17 10:39:00,2025-09-17 11:39:00,Day
1589,1589,2026-01-03 21:36:00,2026-01-03 22:36:00,Night
1590,1590,2024-10-29 17:05:00,2024-10-29 17:05:00,Day
1591,1591,2026-05-10 14:59:00,2026-05-10 16:59:00,Day
1592,1592,2026-03-11 15:36:00,2026-03-11 17:36:00,Day
1593,1593,2025-01-17 00:01:00,2025-01-17 03:01:00,Night
1594,1594,2024-07-17 14:01:00,2024-07-17 16:01:00,Day
1595,1595,2024-10-16 04:26:00,2024-10-16 06:26:00,Night
1596,1596,2024-05-27 05:42:00,2024-05-27 08:42:00,Night
1597,1597,2025-05-13 18:26:00,2025-05-13 20:26:00,Day
1598,1598,2024-12-20 07:05:00,2024-12-20 09:05:00,Day
1599,1599,2025-12-09 05:11:00,2025-12-09 05:11:00,Night
1600,1600,2024-02-22 01:46:00,2024-02-22 01:46:00,Night
1601,1601,2024-10-05 12:38:00,2024-10-05 12:38:00,Day
1602,1602,2026-04-15 13:09:00,2026-04-15 14:09:00,Day
1603,1603,2024-04-04 21:05:00,2024-04-04 21:05:00,Night
1604,1604,2025-05-02 07:18:00,2025-05-02 07:18:00,Day
1605,1605,2025-07-04 05:04:00,2025-07-04 07:04:00,Night
1606,1606,2024-01-22 21:26:00,2024-01-23 00:26:00,Night
1607,1607,2025-09-07 23:51:00,2025-09-08 01:51:00,Night
1608,1608,2026-02-02 00:11:00,2026-02-02 00:11:00,Night
1609,1609,2026-06-01 03:56:00,2026-06-01 04:56:00,Night
1610,1610,2026-06-04 02:18:00,2026-06-04 04:18:00,Night
1611,1611,2024-06-06 22:19:00,2024-06-07 01:19:00,Night
1612,1612,2024-10-11 05:45:00,2024-10-11 08:45:00,Night
1613,1613,2024-10-02 10:02:00,2024-10-02 12:02:00,Day
1614,1614,2025-02-08 18:41:00,2025-02-08 20:41:00,Day
1615,1615,2024-04-17 21:12:00,2024-04-17 23:12:00,Night
1616,1616,2024-02-15 11:18:00,2024-02-15 13:18:00,Day
1617,1617,2026-04-19 23:55:00,2026-04-20 00:55:00,Night
1618,1618,2024-10-13 21:43:00,2024-10-14 00:43:00,Night
1619,1619,2026-05-15 14:32:00,2026-05-15 17:32:00,Day
1620,1620,2024-03-08 15:19:00,2024-03-08 16:19:00,Day
1621,1621,2024-04-21 11:42:00,2024-04-21 14:42:00,Day
1622,1622,2026-06-24 01:59:00,2026-06-24 04:59:00,Night
1623,1623,2025-01-29 23:54:00,2025-01-30 02:54:00,Night
1624,1624,2024-05-16 06:41:00,2024-05-16 08:41:00,Day
1625,1625,2024-03-09 07:13:00,2024-03-09 10:13:00,Day
1626,1626,2025-07-30 15:19:00,2025-07-30 17:19:00,Day
1627,1627,2024-01-12 16:38:00,2024-01-12 16:38:00,Day
1628,1628,2024-09-05 03:35:00,2024-09-05 05:35:00,Night
1629,1629,2024-07-17 00:44:00,2024-07-17 01:44:00,Night
1630,1630,2025-05-12 16:40:00,2025-05-12 18:40:00,Day
1631,1631,2024-04-10 06:09:00,2024-04-10 07:09:00,Day
1632,1632,2025-08-03 21:47:00,2025-08-03 23:47:00,Night
1633,1633,2024-10-01 11:07:00,2024-10-01 12:07:00,Day
1634,1634,2025-12-15 20:01:00,2025-12-15 21:01:00,Night
1635,1635,2025-06-19 13:54:00,2025-06-19 13:54:00,Day
1636,1636,2024-10-16 22:05:00,2024-10-17 00:05:00,Night
1637,1637,2025-05-09 10:59:00,2025-05-09 13:59:00,Day
1638,1638,2025-03-15 03:22:00,2025-03-15 04:22:00,Night
1639,1639,2025-08-24 18:00:00,2025-08-24 19:00:00,Day
1640,1640,2024-08-26 15:49:00,2024-08-26 16:49:00,Day
1641,1641,2024-04-22 03:49:00,2024-04-22 03:49:00,Night
1642,1642,2025-11-20 19:59:00,2025-11-20 19:59:00,Night
1643,1643,2025-01-16 10:34:00,2025-01-16 12:34:00,Day
1644,1644,2025-05-02 06:14:00,2025-05-02 06:14:00,Day
1645,1645,2024-05-03 20:37:00,2024-05-03 21:37:00,Night
1646,1646,2025-09-19 17:05:00,2025-09-19 17:05:00,Day
1647,1647,2025-08-12 03:28:00,2025-08-12 05:28:00,Night
1648,1648,2025-04-18 16:06:00,2025-04-18 17:06:00,Day
1649,1649,2024-06-18 23:28:00,2024-06-19 01:28:00,Night
1650,1650,2024-09-17 18:54:00,2024-09-17 20:54:00,Day
1651,1651,2025-12-19 04:54:00,2025-12-19 05:54:00,Night
1652,1652,2026-06-14 03:36:00,2026-06-14 06:36:00,Night
1653,1653,2024-03-25 21:53:00,2024-03-26 00:53:00,Night
1654,1654,2024-11-27 13:11:00,2024-11-27 16:11:00,Day
1655,1655,2024-02-17 14:00:00,2024-02-17 15:00:00,Day
1656,1656,2025-04-07 03:06:00,2025-04-07 04:06:00,Night
1657,1657,2026-04-10 19:39:00,2026-04-10 19:39:00,Night
1658,1658,2024-02-01 21:49:00,2024-02-01 21:49:00,Night
1659,1659,2025-07-10 17:55:00,2025-07-10 17:55:00,Day
1660,1660,2025-02-19 01:46:00,2025-02-19 04:46:00,Night
1661,1661,2025-05-06 02:14:00,2025-05-06 04:14:00,Night
1662,1662,2025-09-27 21:29:00,2025-09-27 21:29:00,Night
1663,1663,2024-01-12 11:02:00,2024-01-12 11:02:00,Day
1664,1664,2024-07-27 20:02:00,2024-07-27 20:02:00,Night
1665,1665,2025-10-31 05:09:00,2025-10-31 06:09:00,Night
1666,1666,2024-07-08 11:42:00,2024-07-08 12:42:00,Day
1667,1667,2024-10-24 00:13:00,2024-10-24 02:13:00,Night
1668,1668,2024-12-27 16:52:00,2024-12-27 19:52:00,Day
1669,1669,2026-06-07 03:27:00,2026-06-07 04:27:00,Night
1670,1670,2026-03-01 19:01:00,2026-03-01 19:01:00,Night
1671,1671,2025-10-09 18:02:00,2025-10-09 18:02:00,Day
1672,1672,2024-04-14 13:21:00,2024-04-14 16:21:00,Day
1673,1673,2026-01-19 23:13:00,2026-01-19 23:13:00,Night
1674,1674,2025-08-25 08:56:00,2025-08-25 08:56:00,Day
1675,1675,2024-06-25 12:39:00,2024-06-25 13:39:00,Day
1676,1676,2025-01-03 01:35:00,2025-01-03 02:35:00,Night
1677,1677,2024-08-28 15:40:00,2024-08-28 16:40:00,Day
1678,1678,2024-06-01 05:10:00,2024-06-01 06:10:00,Night
1679,1679,2024-06-29 16:46:00,2024-06-29 17:46:00,Day
1680,1680,2025-06-12 19:58:00,2025-06-12 19:58:00,Night
1681,1681,2024-09-06 13:47:00,2024-09-06 14:47:00,Day
1682,1682,2025-09-18 05:29:00,2025-09-18 06:29:00,Night
1683,1683,2024-04-25 14:20:00,2024-04-25 16:20:00,Day
1684,1684,2024-08-12 21:43:00,2024-08-12 22:43:00,Night
1685,1685,2026-03-26 22:01:00,2026-03-26 22:01:00,Night
1686,1686,2024-07-20 01:49:00,2024-07-20 03:49:00,Night
1687,1687,2025-06-22 15:08:00,2025-06-22 17:08:00,Day
1688,1688,2024-05-15 14:28:00,2024-05-15 17:28:00,Day
1689,1689,2026-02-25 00:20:00,2026-02-25 03:20:00,Night
1690,1690,2025-05-01 08:41:00,2025-05-01 10:41:00,Day
1691,1691,2025-03-15 19:34:00,2025-03-15 19:34:00,Night
1692,1692,2024-03-17 01:11:00,2024-03-17 03:11:00,Night
1693,1693,2024-02-14 08:15:00,2024-02-14 09:15:00,Day
1694,1694,2026-01-24 20:06:00,2026-01-24 21:06:00,Night
1695,1695,2026-05-05 14:23:00,2026-05-05 14:23:00,Day
1696,1696,2025-07-12 04:21:00,2025-07-12 04:21:00,Night
1697,1697,2024-01-16 06:25:00,2024-01-16 08:25:00,Day
1698,1698,2025-11-10 15:49:00,2025-11-10 17:49:00,Day
1699,1699,2025-10-22 02:48:00,2025-10-22 04:48:00,Night
1700,1700,2025-07-20 14:18:00,2025-07-20 17:18:00,Day
1701,1701,2026-01-13 10:27:00,2026-01-13 10:27:00,Day
1702,1702,2025-02-13 21:25:00,2025-02-13 21:25:00,Night
1703,1703,2025-05-26 19:28:00,2025-05-26 22:28:00,Night
1704,1704,2026-06-03 23:38:00,2026-06-03 23:38:00,Night
1705,1705,2026-02-21 15:56:00,2026-02-21 17:56:00,Day
1706,1706,2026-05-07 15:18:00,2026-05-07 16:18:00,Day
1707,1707,2024-09-25 21:37:00,2024-09-26 00:37:00,Night
1708,1708,2025-07-12 21:30:00,2025-07-12 23:30:00,Night
1709,1709,2025-09-24 01:47:00,2025-09-24 04:47:00,Night
1710,1710,2025-10-12 04:03:00,2025-10-12 06:03:00,Night
1711,1711,2025-06-26 06:29:00,2025-06-26 06:29:00,Day
1712,1712,2024-08-11 01:23:00,2024-08-11 03:23:00,Night
1713,1713,2024-12-09 11:44:00,2024-12-09 14:44:00,Day
1714,1714,2024-10-08 19:35:00,2024-10-08 19:35:00,Night
1715,1715,2024-03-04 22:27:00,2024-03-04 22:27:00,Night
1716,1716,2025-04-16 10:01:00,2025-04-16 13:01:00,Day
1717,1717,2024-06-21 20:55:00,2024-06-21 22:55:00,Night
1718,1718,2026-04-15 22:30:00,2026-04-15 22:30:00,Night
1719,1719,2025-06-21 22:24:00,2025-06-21 23:24:00,Night
1720,1720,2025-10-28 00:59:00,2025-10-28 00:59:00,Night
1721,1721,2024-06-30 04:10:00,2024-06-30 05:10:00,Night
1722,1722,2024-01-16 13:13:00,2024-01-16 14:13:00,Day
1723,1723,2024-06-14 10:54:00,2024-06-14 13:54:00,Day
1724,1724,2024-02-04 23:19:00,2024-02-04 23:19:00,Night
1725,1725,2025-09-12 18:30:00,2025-09-12 21:30:00,Day
1726,1726,2024-04-09 10:16:00,2024-04-09 12:16:00,Day
1727,1727,2025-04-14 11:51:00,2025-04-14 13:51:00,Day
1728,1728,2024-08-23 09:16:00,2024-08-23 10:16:00,Day
